Componente,Bloco,Propriedade oficial,Tipo oficial,Tratamento EDS,Campos no modelo,Declaração de origem
Alert,ds-alert,variant,"""information"" | ""warning"" | ""error""",Campo editorial,p76617269616e74,components/Molecules/Alert/Alert.d.ts
Alert,ds-alert,state,"""enabled"" | ""skeleton""",Campo editorial,p7374617465,components/Molecules/Alert/Alert.d.ts
Alert,ds-alert,title,string,Campo editorial,p7469746c65,components/Molecules/Alert/Alert.d.ts
Alert,ds-alert,description,string,Campo editorial,p6465736372697074696f6e,components/Molecules/Alert/Alert.d.ts
Alert,ds-alert,showDescription,boolean | undefined,Campo editorial,p73686f774465736372697074696f6e,components/Molecules/Alert/Alert.d.ts
Alert,ds-alert,showLink,boolean | undefined,Campo editorial,p73686f774c696e6b,components/Molecules/Alert/Alert.d.ts
Alert,ds-alert,link,AlertLink | undefined,Campo editorial / subpropriedades,"p6c696e6b2e6c6162656c, p6c696e6b2e68726566",components/Molecules/Alert/Alert.d.ts
Alert,ds-alert,onTag,((data: TagProps) => void) | undefined,Callback implementado no runtime; evento de integração,,components/Molecules/Alert/Alert.d.ts
Avatar,ds-avatar,color,"""image"" | ""soft"" | ""softest""",Campo editorial,p636f6c6f72,components/Molecules/Avatar/Avatar.d.ts
Avatar,ds-avatar,onTag,((data: TagProps) => void) | undefined,Callback implementado no runtime; evento de integração,,components/Molecules/Avatar/Avatar.d.ts
Avatar,ds-avatar,onClick,"((event: SyntheticEvent<HTMLElement, Event>) => void) | undefined",Callback implementado no runtime; evento de integração,,components/Molecules/Avatar/Avatar.d.ts
Avatar,ds-avatar,state,"""enabled"" | ""skeleton"" | ""disabled""",Campo editorial,p7374617465,components/Molecules/Avatar/Avatar.d.ts
Avatar,ds-avatar,icon,"""ic_accessibility"" | ""ic_add"" | ""ic_alarm"" | ""ic_alarm_add"" | ""ic_alarm_check"" | ""ic_alarm_off"" | ""ic_alternate_email"" | ""ic_alternate_email_fill"" | ""ic_android"" | ""ic_apple"" | ""ic_apple_inc"" | ""ic_apps"" | ""ic_apps_fill"" | ""ic_armchair"" | ""ic_arrow_down"" | ""ic_arrow_down_left"" | ""ic_arrow_down_right"" | ""ic_arrow_download"" | ""ic_arrow_download_error"" | ""ic_arrow_left"" | ""ic_arrow_right"" | ""ic_arrow_up"" | ""ic_arrow_upload"" | ""ic_asterisks"" | ""ic_attachment"" | ""ic_babi_avatar"" | ""ic_babi_avatar_bw"" | ""ic_baby"" | ""ic_backpack"" | ""ic_backward_step"" | ""ic_badge_check"" | ""ic_badge_check_fill"" | ""ic_badge_star"" | ""ic_bandage"" | ""ic_bank"" | ""ic_bank_transfer"" | ""ic_barbecue"" | ""ic_barcode"" | ""ic_barn"" | ""ic_bars_money"" | ""ic_bars_search"" | ""ic_bathtub"" | ""ic_beach_ball"" | ""ic_bed"" | ""ic_beer"" | ""ic_bell"" | ""ic_bell_concierge"" | ""ic_bell_notification"" | ""ic_bell_ring"" | ""ic_bicycle"" | ""ic_bitcoin"" | ""ic_book_flip"" | ""ic_book_open"" | ""ic_bowl_spoon"" | ""ic_box"" | ""ic_box_add"" | ""ic_box_arrow_down"" | ""ic_box_arrow_up"" | ""ic_box_fill"" | ""ic_box_off"" | ""ic_boxes"" | ""ic_brain"" | ""ic_briefcase"" | ""ic_building"" | ""ic_bus_front"" | ""ic_cake"" | ""ic_calculator"" | ""ic_calendar"" | ""ic_calendar_clock"" | ""ic_calendar_money"" | ""ic_car"" | ""ic_car_front"" | ""ic_car_tag"" | ""ic_card_machine"" | ""ic_cashback"" | ""ic_cat"" | ""ic_celebration"" | ""ic_chart_bar"" | ""ic_chart_bar_filled"" | ""ic_chart_pie"" | ""ic_check"" | ""ic_check_circle"" | ""ic_check_circle_fill"" | ""ic_checklist"" | ""ic_chef_hat"" | ""ic_chevron_down"" | ""ic_chevron_left"" | ""ic_chevron_right"" | ""ic_chevron_up"" | ""ic_chocolate"" | ""ic_circle_error_check"" | ""ic_circle_off"" | ""ic_city_hall"" | ""ic_clapper"" | ""ic_clipboard"" | ""ic_clipboard_apple"" | ""ic_clock"" | ""ic_close"" | ""ic_close_circle"" | ""ic_close_circle_fill"" | ""ic_cocktail"" | ""ic_code"" | ""ic_coffee"" | ""ic_coin"" | ""ic_coin_add"" | ""ic_coin_arrow_down_in"" | ""ic_coin_arrow_up_in"" | ""ic_coin_arrow_up_out"" | ""ic_coin_chart"" | ""ic_coin_check"" | ""ic_coin_ellipsis"" | ""ic_coin_off"" | ""ic_coin_remove"" | ""ic_coin_shield"" | ""ic_coin_thirteen"" | ""ic_comment"" | ""ic_comments"" | ""ic_compass"" | ""ic_compass_off"" | ""ic_compress"" | ""ic_config"" | ""ic_contactless"" | ""ic_contract"" | ""ic_contract_arrow_down"" | ""ic_contract_arrow_up"" | ""ic_contract_blank"" | ""ic_contract_check"" | ""ic_contract_error"" | ""ic_contract_money"" | ""ic_contract_pix"" | ""ic_contract_refresh"" | ""ic_copy"" | ""ic_coupon"" | ""ic_credit_card"" | ""ic_credit_card_add"" | ""ic_credit_card_house"" | ""ic_credit_card_nfc"" | ""ic_credit_card_pix"" | ""ic_credit_card_shield"" | ""ic_crosshairs"" | ""ic_currency_exchange"" | ""ic_desktop"" | ""ic_desktop_user"" | ""ic_desktop_wifi"" | ""ic_dialpad"" | ""ic_dining_table"" | ""ic_discord"" | ""ic_document"" | ""ic_document_blank"" | ""ic_document_blank_fill"" | ""ic_dog"" | ""ic_dolly"" | ""ic_door_tag"" | ""ic_doorlock"" | ""ic_downstairs"" | ""ic_drag_handle"" | ""ic_driver_helmet"" | ""ic_ear_listen"" | ""ic_easter_egg"" | ""ic_edit"" | ""ic_ellipsis"" | ""ic_ellipsis_vertical"" | ""ic_envelope"" | ""ic_escalator_arrow_down"" | ""ic_escalator_arrow_up"" | ""ic_euro"" | ""ic_expand"" | ""ic_expand_arrow"" | ""ic_eye_closed"" | ""ic_eye_open"" | ""ic_face_id"" | ""ic_facebook"" | ""ic_file_csv"" | ""ic_file_exp"" | ""ic_file_ofx"" | ""ic_file_pdf"" | ""ic_file_txt"" | ""ic_film"" | ""ic_filter"" | ""ic_fingerprint"" | ""ic_first_page"" | ""ic_flag_abkhazia_rounded"" | ""ic_flag_afghanistan_rounded"" | ""ic_flag_aland_islands_rounded"" | ""ic_flag_albania_rounded"" | ""ic_flag_algeria_rounded"" | ""ic_flag_american_samoa_rounded"" | ""ic_flag_andorra_rounded"" | ""ic_flag_angola_rounded"" | ""ic_flag_anguilla_rounded"" | ""ic_flag_antigua_and_barbuda_rounded"" | ""ic_flag_argentina"" | ""ic_flag_argentina_bw"" | ""ic_flag_argentina_rounded"" | ""ic_flag_armenia_rounded"" | ""ic_flag_aruba_rounded"" | ""ic_flag_australia_rounded"" | ""ic_flag_austria_rounded"" | ""ic_flag_azerbaijan_rounded"" | ""ic_flag_azores_islands_rounded"" | ""ic_flag_bahamas_rounded"" | ""ic_flag_bahrain_rounded"" | ""ic_flag_balearic_islands_rounded"" | ""ic_flag_bangladesh_rounded"" | ""ic_flag_barbados_rounded"" | ""ic_flag_basque_country_rounded"" | ""ic_flag_belarus_rounded"" | ""ic_flag_belgium_rounded"" | ""ic_flag_belize_rounded"" | ""ic_flag_benin_rounded"" | ""ic_flag_bermuda_rounded"" | ""ic_flag_bhutan_rounded"" | ""ic_flag_bolivia_rounded"" | ""ic_flag_bonaire_rounded"" | ""ic_flag_bosnia_and_herzegovina_rounded"" | ""ic_flag_botswana_rounded"" | ""ic_flag_brazil"" | ""ic_flag_brazil_bw"" | ""ic_flag_brazil_rounded"" | ""ic_flag_british_columbia_rounded"" | ""ic_flag_british_indian_ocean_territory_rounded"" | ""ic_flag_british_virgin_islands_rounded"" | ""ic_flag_brunei_rounded"" | ""ic_flag_bulgaria_rounded"" | ""ic_flag_burkina_faso_rounded"" | ""ic_flag_burundi_rounded"" | ""ic_flag_cambodia_rounded"" | ""ic_flag_cameroon_rounded"" | ""ic_flag_canada_rounded"" | ""ic_flag_canary_islands_rounded"" | ""ic_flag_cape_verde_rounded"" | ""ic_flag_cayman_islands"" | ""ic_flag_cayman_islands_bw"" | ""ic_flag_cayman_islands_rounded"" | ""ic_flag_central_african_republic_rounded"" | ""ic_flag_ceuta_rounded"" | ""ic_flag_chad_rounded"" | ""ic_flag_chile_rounded"" | ""ic_flag_china_rounded"" | ""ic_flag_cocos_island_rounded"" | ""ic_flag_colombia_rounded"" | ""ic_flag_comoros_rounded"" | ""ic_flag_cook_islands_rounded"" | ""ic_flag_corsica_rounded"" | ""ic_flag_costa_rica_rounded"" | ""ic_flag_croatia_rounded"" | ""ic_flag_cuba_rounded"" | ""ic_flag_curacao_rounded"" | ""ic_flag_cyprus_rounded"" | ""ic_flag_czech_republic_rounded"" | ""ic_flag_democratic_republic_of_congo_rounded"" | ""ic_flag_denmark_rounded"" | ""ic_flag_djibouti_rounded"" | ""ic_flag_dominica_rounded"" | ""ic_flag_dominican_republic_rounded"" | ""ic_flag_east_timor_rounded"" | ""ic_flag_ecuador_rounded"" | ""ic_flag_egypt_rounded"" | ""ic_flag_el_salvador_rounded"" | ""ic_flag_england_rounded"" | ""ic_flag_equatorial_guinea_rounded"" | ""ic_flag_eritrea_rounded"" | ""ic_flag_estonia_rounded"" | ""ic_flag_ethiopia_rounded"" | ""ic_flag_european_union_rounded"" | ""ic_flag_falkland_islands_rounded"" | ""ic_flag_faroe_islands_rounded"" | ""ic_flag_fiji_rounded"" | ""ic_flag_finland_rounded"" | ""ic_flag_france_rounded"" | ""ic_flag_french_polynesia_rounded"" | ""ic_flag_gabon_rounded"" | ""ic_flag_galapagos_islands_rounded"" | ""ic_flag_gambia_rounded"" | ""ic_flag_georgia_rounded"" | ""ic_flag_germany_rounded"" | ""ic_flag_ghana_rounded"" | ""ic_flag_gibraltar_rounded"" | ""ic_flag_globe"" | ""ic_flag_globe_bw"" | ""ic_flag_greece_rounded"" | ""ic_flag_greenland_rounded"" | ""ic_flag_grenada_rounded"" | ""ic_flag_guam_rounded"" | ""ic_flag_guatemala_rounded"" | ""ic_flag_guernsey_rounded"" | ""ic_flag_guinea_bissau_rounded"" | ""ic_flag_guinea_rounded"" | ""ic_flag_guyana_rounded"" | ""ic_flag_haiti_rounded"" | ""ic_flag_hawaii_rounded"" | ""ic_flag_honduras_rounded"" | ""ic_flag_hong_kong_rounded"" | ""ic_flag_hungary_rounded"" | ""ic_flag_iceland_rounded"" | ""ic_flag_india_rounded"" | ""ic_flag_indonesia_rounded"" | ""ic_flag_iran_rounded"" | ""ic_flag_iraq_rounded"" | ""ic_flag_ireland_rounded"" | ""ic_flag_isle_of_man_rounded"" | ""ic_flag_israel_rounded"" | ""ic_flag_italy_rounded"" | ""ic_flag_ivory_coast_rounded"" | ""ic_flag_jamaica_rounded"" | ""ic_flag_japan_rounded"" | ""ic_flag_jersey_rounded"" | ""ic_flag_jordan_rounded"" | ""ic_flag_kazakhstan_rounded"" | ""ic_flag_kenya_rounded"" | ""ic_flag_kiribati_rounded"" | ""ic_flag_kosovo_rounded"" | ""ic_flag_kuwait_rounded"" | ""ic_flag_kyrgyzstan_rounded"" | ""ic_flag_laos_rounded"" | ""ic_flag_latvia_rounded"" | ""ic_flag_lebanon_rounded"" | ""ic_flag_lesotho_rounded"" | ""ic_flag_liberia_rounded"" | ""ic_flag_libya_rounded"" | ""ic_flag_liechtenstein_rounded"" | ""ic_flag_lithuania_rounded"" | ""ic_flag_luxembourg_rounded"" | ""ic_flag_macao_rounded"" | ""ic_flag_madagascar_rounded"" | ""ic_flag_madeira_rounded"" | ""ic_flag_malawi_rounded"" | ""ic_flag_malaysia_rounded"" | ""ic_flag_maldives_rounded"" | ""ic_flag_mali_rounded"" | ""ic_flag_malta_rounded"" | ""ic_flag_marshall_island_rounded"" | ""ic_flag_martinique_rounded"" | ""ic_flag_mauritania_rounded"" | ""ic_flag_mauritius_rounded"" | ""ic_flag_melilla_rounded"" | ""ic_flag_mexico_rounded"" | ""ic_flag_micronesia_rounded"" | ""ic_flag_moldova_rounded"" | ""ic_flag_monaco_rounded"" | ""ic_flag_mongolia_rounded"" | ""ic_flag_montenegro_rounded"" | ""ic_flag_montserrat_rounded"" | ""ic_flag_morocco_rounded"" | ""ic_flag_mozambique_rounded"" | ""ic_flag_myanmar_rounded"" | ""ic_flag_namibia_rounded"" | ""ic_flag_nato_rounded"" | ""ic_flag_nauru_rounded"" | ""ic_flag_nepal_rounded"" | ""ic_flag_netherlands_rounded"" | ""ic_flag_new_zealand_rounded"" | ""ic_flag_nicaragua_rounded"" | ""ic_flag_niger_rounded"" | ""ic_flag_nigeria_rounded"" | ""ic_flag_niue_rounded"" | ""ic_flag_norfolk_island_rounded"" | ""ic_flag_north_korea_rounded"" | ""ic_flag_northern_cyprus_rounded"" | ""ic_flag_northern_marianas_islands_rounded"" | ""ic_flag_norway_rounded"" | ""ic_flag_oman_rounded"" | ""ic_flag_orkney_islands_rounded"" | ""ic_flag_ossetia_rounded"" | ""ic_flag_pakistan_rounded"" | ""ic_flag_palau_rounded"" | ""ic_flag_palestine_rounded"" | ""ic_flag_panama_rounded"" | ""ic_flag_papua_new_guinea_rounded"" | ""ic_flag_paraguay_rounded"" | ""ic_flag_peru_rounded"" | ""ic_flag_philippines_rounded"" | ""ic_flag_pitcairn_islands_rounded"" | ""ic_flag_poland_rounded"" | ""ic_flag_portugal_rounded"" | ""ic_flag_puerto_rico_rounded"" | ""ic_flag_qatar_rounded"" | ""ic_flag_rapa_nui_rounded"" | ""ic_flag_republic_of_macedonia_rounded"" | ""ic_flag_republic_of_the_congo_rounded"" | ""ic_flag_romania_rounded"" | ""ic_flag_russia_rounded"" | ""ic_flag_rwanda_rounded"" | ""ic_flag_saba_island_rounded"" | ""ic_flag_sahrawi_arab_democratic_republic_rounded"" | ""ic_flag_saint_kitts_and_nevis_rounded"" | ""ic_flag_samoa_rounded"" | ""ic_flag_san_marino_rounded"" | ""ic_flag_sao_tome_and_prince_rounded"" | ""ic_flag_sardinia_rounded"" | ""ic_flag_saudi_arabia_rounded"" | ""ic_flag_scotland_rounded"" | ""ic_flag_senegal_rounded"" | ""ic_flag_serbia_rounded"" | ""ic_flag_seychelles_rounded"" | ""ic_flag_sierra_leone_rounded"" | ""ic_flag_singapore_rounded"" | ""ic_flag_sint_eustatius_rounded"" | ""ic_flag_sint_maarten_rounded"" | ""ic_flag_slovakia_rounded"" | ""ic_flag_slovenia_rounded"" | ""ic_flag_solomon_islands_rounded"" | ""ic_flag_somalia_rounded"" | ""ic_flag_somaliland_rounded"" | ""ic_flag_south_africa_rounded"" | ""ic_flag_south_korea_rounded"" | ""ic_flag_south_sudan_rounded"" | ""ic_flag_spain"" | ""ic_flag_spain_bw"" | ""ic_flag_spain_rounded"" | ""ic_flag_sri_lanka_rounded"" | ""ic_flag_st_barts_rounded"" | ""ic_flag_st_lucia_rounded"" | ""ic_flag_st_vincent_and_the_grenadines_rounded"" | ""ic_flag_sudan_rounded"" | ""ic_flag_suriname_rounded"" | ""ic_flag_swaziland_rounded"" | ""ic_flag_sweden_rounded"" | ""ic_flag_switzerland_rounded"" | ""ic_flag_syria_rounded"" | ""ic_flag_taiwan_rounded"" | ""ic_flag_tajikistan_rounded"" | ""ic_flag_tanzania_rounded"" | ""ic_flag_thailand_rounded"" | ""ic_flag_tibet_rounded"" | ""ic_flag_togo_rounded"" | ""ic_flag_tokelau_rounded"" | ""ic_flag_tonga_rounded"" | ""ic_flag_transnistria_rounded"" | ""ic_flag_trinidad_and_tobago_rounded"" | ""ic_flag_tunisia_rounded"" | ""ic_flag_turkey_rounded"" | ""ic_flag_turkmenistan_rounded"" | ""ic_flag_turks_and_caicos_rounded"" | ""ic_flag_tuvalu_rounded"" | ""ic_flag_uganda_rounded"" | ""ic_flag_ukraine_rounded"" | ""ic_flag_united_arab_emirates_rounded"" | ""ic_flag_united_kingdom_rounded"" | ""ic_flag_united_nations_rounded"" | ""ic_flag_united_states"" | ""ic_flag_united_states_bw"" | ""ic_flag_united_states_rounded"" | ""ic_flag_uruguay_rounded"" | ""ic_flag_uzbekistán_rounded"" | ""ic_flag_vanuatu_rounded"" | ""ic_flag_vatican_city_rounded"" | ""ic_flag_venezuela_rounded"" | ""ic_flag_vietnam_rounded"" | ""ic_flag_virgin_islands_rounded"" | ""ic_flag_wales_rounded"" | ""ic_flag_yemen_rounded"" | ""ic_flag_zambia_rounded"" | ""ic_flag_zimbabwe_rounded"" | ""ic_flash"" | ""ic_flash_off"" | ""ic_flashlight"" | ""ic_fork_knife"" | ""ic_forward_step"" | ""ic_gas_station"" | ""ic_gift"" | ""ic_gift_money"" | ""ic_globe"" | ""ic_globe_trending_up"" | ""ic_google_play"" | ""ic_graduation_cap"" | ""ic_hamburguer"" | ""ic_hand_coin"" | ""ic_hand_config"" | ""ic_hand_house"" | ""ic_hand_money"" | ""ic_hand_user"" | ""ic_handshake"" | ""ic_heart"" | ""ic_heart_ecg"" | ""ic_heart_fill"" | ""ic_help_circle"" | ""ic_help_circle_fill"" | ""ic_high_heels"" | ""ic_history"" | ""ic_house"" | ""ic_house_check"" | ""ic_house_fill"" | ""ic_house_filled"" | ""ic_house_half"" | ""ic_house_moving"" | ""ic_house_trending_up"" | ""ic_i_safe"" | ""ic_image"" | ""ic_image_arrow_up"" | ""ic_image_error"" | ""ic_images"" | ""ic_info_circle"" | ""ic_info_circle_fill"" | ""ic_instagram"" | ""ic_inter"" | ""ic_inter_loop"" | ""ic_investment_filled"" | ""ic_key"" | ""ic_last_page"" | ""ic_lightbulb_off"" | ""ic_lightbulb_on"" | ""ic_link"" | ""ic_link_money"" | ""ic_linkedin"" | ""ic_list"" | ""ic_loading"" | ""ic_location"" | ""ic_location_map"" | ""ic_luggage"" | ""ic_mask_carnival"" | ""ic_mask_comedy"" | ""ic_medal_p_letter"" | ""ic_medal_q_letter"" | ""ic_medical_shield"" | ""ic_medical_square"" | ""ic_menu"" | ""ic_menu_filled"" | ""ic_message_ellipsis"" | ""ic_message_ellipsis_fill"" | ""ic_messages"" | ""ic_messages_fill"" | ""ic_messages_filled"" | ""ic_mic"" | ""ic_money_check"" | ""ic_money_check_arrow_down"" | ""ic_money_check_back"" | ""ic_money_check_check"" | ""ic_money_check_ellipsis"" | ""ic_money_check_error"" | ""ic_money_check_location"" | ""ic_money_check_pointer"" | ""ic_money_check_refresh"" | ""ic_money_frame"" | ""ic_moon"" | ""ic_motorcycle"" | ""ic_motorcycle_delivery"" | ""ic_muscle"" | ""ic_music_note"" | ""ic_nurse"" | ""ic_open_finance"" | ""ic_open_new"" | ""ic_orange"" | ""ic_orange_fill"" | ""ic_padlock"" | ""ic_padlock_open"" | ""ic_paint_roller"" | ""ic_paint_roller_fill"" | ""ic_paper_money"" | ""ic_paper_trending_up"" | ""ic_parking"" | ""ic_parking_short_term"" | ""ic_pause_circle"" | ""ic_paw"" | ""ic_payment_alelo"" | ""ic_payment_amazon"" | ""ic_payment_amex"" | ""ic_payment_apple_pay"" | ""ic_payment_diners_club"" | ""ic_payment_discover"" | ""ic_payment_elo"" | ""ic_payment_google_pay"" | ""ic_payment_hipercard"" | ""ic_payment_jcb"" | ""ic_payment_mastercard"" | ""ic_payment_paypal"" | ""ic_payment_plaid"" | ""ic_payment_pluxee"" | ""ic_payment_ticket"" | ""ic_payment_visa"" | ""ic_payment_vr"" | ""ic_phone"" | ""ic_phone_ring"" | ""ic_phone_rotary"" | ""ic_photo"" | ""ic_photo_off"" | ""ic_piggy_arrow_up"" | ""ic_piggy_bank"" | ""ic_piggy_money"" | ""ic_pill"" | ""ic_pillar"" | ""ic_pix"" | ""ic_plane_arrival"" | ""ic_plane_departure"" | ""ic_play"" | ""ic_play_fill"" | ""ic_play_frame"" | ""ic_plug"" | ""ic_printer"" | ""ic_purse"" | ""ic_qr_code"" | ""ic_qr_code_padlock"" | ""ic_receipt"" | ""ic_receipt_notification"" | ""ic_refrigerator"" | ""ic_remove"" | ""ic_remove_circle"" | ""ic_reply"" | ""ic_ring"" | ""ic_robot"" | ""ic_rocket"" | ""ic_rotate"" | ""ic_rotate_add"" | ""ic_rotate_check"" | ""ic_rotate_money"" | ""ic_rotate_right"" | ""ic_rotate_strokes_money"" | ""ic_scissors"" | ""ic_score"" | ""ic_search"" | ""ic_search_error"" | ""ic_search_sparkle"" | ""ic_seedling"" | ""ic_send"" | ""ic_share"" | ""ic_ship_front"" | ""ic_shirt"" | ""ic_shopping_bag"" | ""ic_shopping_bag_filled"" | ""ic_shopping_basket"" | ""ic_shopping_cart"" | ""ic_shopping_cart_add"" | ""ic_shopping_cart_arrow_down"" | ""ic_shopping_cart_auto"" | ""ic_shopping_cart_bars"" | ""ic_shopping_cart_error"" | ""ic_shopping_cart_fill"" | ""ic_shopping_cart_filled"" | ""ic_shuffle"" | ""ic_sign_in"" | ""ic_sign_out"" | ""ic_sim_card"" | ""ic_sliders"" | ""ic_smartphone"" | ""ic_smartphone_money"" | ""ic_smartphone_wifi"" | ""ic_sneakers"" | ""ic_soccer_ball"" | ""ic_sort"" | ""ic_sort_down"" | ""ic_sort_up"" | ""ic_sparkle"" | ""ic_spotify"" | ""ic_spray_bottle"" | ""ic_star"" | ""ic_star_fill"" | ""ic_star_half"" | ""ic_stethoscope"" | ""ic_stopwatch"" | ""ic_store"" | ""ic_store_shield"" | ""ic_stove"" | ""ic_subway_front"" | ""ic_suitcase"" | ""ic_sun"" | ""ic_swap_dots"" | ""ic_swap_vertical"" | ""ic_tag"" | ""ic_target"" | ""ic_team_viewer_error"" | ""ic_telegram"" | ""ic_thumb_down"" | ""ic_thumb_down_fill"" | ""ic_thumb_up"" | ""ic_thumb_up_fill"" | ""ic_ticket"" | ""ic_ticket_vertical"" | ""ic_tiktok"" | ""ic_toilet"" | ""ic_tooth"" | ""ic_tower_control"" | ""ic_trash"" | ""ic_trending_up"" | ""ic_trending_up_fill"" | ""ic_truck"" | ""ic_truck_speed"" | ""ic_twitter_x"" | ""ic_umbrella"" | ""ic_umbrella_beach"" | ""ic_unfold_less"" | ""ic_unfold_more"" | ""ic_upstairs"" | ""ic_user"" | ""ic_user_help"" | ""ic_user_money"" | ""ic_user_refresh"" | ""ic_users"" | ""ic_vault"" | ""ic_video"" | ""ic_video_game"" | ""ic_volume"" | ""ic_volume_off"" | ""ic_wallet"" | ""ic_wallet_money"" | ""ic_warning_circle"" | ""ic_warning_circle_fill"" | ""ic_washing_machine"" | ""ic_water_drop"" | ""ic_water_ladder"" | ""ic_wave_form"" | ""ic_whatsapp"" | ""ic_wheelbarrow"" | ""ic_withdraw"" | ""ic_youtube""",Campo editorial,p69636f6e,components/Molecules/Avatar/Avatar.d.ts
Avatar,ds-avatar,variant,"""icon"" | ""initial"" | ""picture""",Campo editorial,p76617269616e74,components/Molecules/Avatar/Avatar.d.ts
Avatar,ds-avatar,size,"""small"" | ""medium"" | ""large""",Campo editorial,p73697a65,components/Molecules/Avatar/Avatar.d.ts
Avatar,ds-avatar,edit,boolean | undefined,Campo editorial,p65646974,components/Molecules/Avatar/Avatar.d.ts
Avatar,ds-avatar,onEdit,(() => void) | undefined,Callback implementado no runtime; evento de integração,,components/Molecules/Avatar/Avatar.d.ts
Avatar,ds-avatar,editIcon,"""ic_accessibility"" | ""ic_add"" | ""ic_alarm"" | ""ic_alarm_add"" | ""ic_alarm_check"" | ""ic_alarm_off"" | ""ic_alternate_email"" | ""ic_alternate_email_fill"" | ""ic_android"" | ""ic_apple"" | ""ic_apple_inc"" | ""ic_apps"" | ""ic_apps_fill"" | ""ic_armchair"" | ""ic_arrow_down"" | ""ic_arrow_down_left"" | ""ic_arrow_down_right"" | ""ic_arrow_download"" | ""ic_arrow_download_error"" | ""ic_arrow_left"" | ""ic_arrow_right"" | ""ic_arrow_up"" | ""ic_arrow_upload"" | ""ic_asterisks"" | ""ic_attachment"" | ""ic_babi_avatar"" | ""ic_babi_avatar_bw"" | ""ic_baby"" | ""ic_backpack"" | ""ic_backward_step"" | ""ic_badge_check"" | ""ic_badge_check_fill"" | ""ic_badge_star"" | ""ic_bandage"" | ""ic_bank"" | ""ic_bank_transfer"" | ""ic_barbecue"" | ""ic_barcode"" | ""ic_barn"" | ""ic_bars_money"" | ""ic_bars_search"" | ""ic_bathtub"" | ""ic_beach_ball"" | ""ic_bed"" | ""ic_beer"" | ""ic_bell"" | ""ic_bell_concierge"" | ""ic_bell_notification"" | ""ic_bell_ring"" | ""ic_bicycle"" | ""ic_bitcoin"" | ""ic_book_flip"" | ""ic_book_open"" | ""ic_bowl_spoon"" | ""ic_box"" | ""ic_box_add"" | ""ic_box_arrow_down"" | ""ic_box_arrow_up"" | ""ic_box_fill"" | ""ic_box_off"" | ""ic_boxes"" | ""ic_brain"" | ""ic_briefcase"" | ""ic_building"" | ""ic_bus_front"" | ""ic_cake"" | ""ic_calculator"" | ""ic_calendar"" | ""ic_calendar_clock"" | ""ic_calendar_money"" | ""ic_car"" | ""ic_car_front"" | ""ic_car_tag"" | ""ic_card_machine"" | ""ic_cashback"" | ""ic_cat"" | ""ic_celebration"" | ""ic_chart_bar"" | ""ic_chart_bar_filled"" | ""ic_chart_pie"" | ""ic_check"" | ""ic_check_circle"" | ""ic_check_circle_fill"" | ""ic_checklist"" | ""ic_chef_hat"" | ""ic_chevron_down"" | ""ic_chevron_left"" | ""ic_chevron_right"" | ""ic_chevron_up"" | ""ic_chocolate"" | ""ic_circle_error_check"" | ""ic_circle_off"" | ""ic_city_hall"" | ""ic_clapper"" | ""ic_clipboard"" | ""ic_clipboard_apple"" | ""ic_clock"" | ""ic_close"" | ""ic_close_circle"" | ""ic_close_circle_fill"" | ""ic_cocktail"" | ""ic_code"" | ""ic_coffee"" | ""ic_coin"" | ""ic_coin_add"" | ""ic_coin_arrow_down_in"" | ""ic_coin_arrow_up_in"" | ""ic_coin_arrow_up_out"" | ""ic_coin_chart"" | ""ic_coin_check"" | ""ic_coin_ellipsis"" | ""ic_coin_off"" | ""ic_coin_remove"" | ""ic_coin_shield"" | ""ic_coin_thirteen"" | ""ic_comment"" | ""ic_comments"" | ""ic_compass"" | ""ic_compass_off"" | ""ic_compress"" | ""ic_config"" | ""ic_contactless"" | ""ic_contract"" | ""ic_contract_arrow_down"" | ""ic_contract_arrow_up"" | ""ic_contract_blank"" | ""ic_contract_check"" | ""ic_contract_error"" | ""ic_contract_money"" | ""ic_contract_pix"" | ""ic_contract_refresh"" | ""ic_copy"" | ""ic_coupon"" | ""ic_credit_card"" | ""ic_credit_card_add"" | ""ic_credit_card_house"" | ""ic_credit_card_nfc"" | ""ic_credit_card_pix"" | ""ic_credit_card_shield"" | ""ic_crosshairs"" | ""ic_currency_exchange"" | ""ic_desktop"" | ""ic_desktop_user"" | ""ic_desktop_wifi"" | ""ic_dialpad"" | ""ic_dining_table"" | ""ic_discord"" | ""ic_document"" | ""ic_document_blank"" | ""ic_document_blank_fill"" | ""ic_dog"" | ""ic_dolly"" | ""ic_door_tag"" | ""ic_doorlock"" | ""ic_downstairs"" | ""ic_drag_handle"" | ""ic_driver_helmet"" | ""ic_ear_listen"" | ""ic_easter_egg"" | ""ic_edit"" | ""ic_ellipsis"" | ""ic_ellipsis_vertical"" | ""ic_envelope"" | ""ic_escalator_arrow_down"" | ""ic_escalator_arrow_up"" | ""ic_euro"" | ""ic_expand"" | ""ic_expand_arrow"" | ""ic_eye_closed"" | ""ic_eye_open"" | ""ic_face_id"" | ""ic_facebook"" | ""ic_file_csv"" | ""ic_file_exp"" | ""ic_file_ofx"" | ""ic_file_pdf"" | ""ic_file_txt"" | ""ic_film"" | ""ic_filter"" | ""ic_fingerprint"" | ""ic_first_page"" | ""ic_flag_abkhazia_rounded"" | ""ic_flag_afghanistan_rounded"" | ""ic_flag_aland_islands_rounded"" | ""ic_flag_albania_rounded"" | ""ic_flag_algeria_rounded"" | ""ic_flag_american_samoa_rounded"" | ""ic_flag_andorra_rounded"" | ""ic_flag_angola_rounded"" | ""ic_flag_anguilla_rounded"" | ""ic_flag_antigua_and_barbuda_rounded"" | ""ic_flag_argentina"" | ""ic_flag_argentina_bw"" | ""ic_flag_argentina_rounded"" | ""ic_flag_armenia_rounded"" | ""ic_flag_aruba_rounded"" | ""ic_flag_australia_rounded"" | ""ic_flag_austria_rounded"" | ""ic_flag_azerbaijan_rounded"" | ""ic_flag_azores_islands_rounded"" | ""ic_flag_bahamas_rounded"" | ""ic_flag_bahrain_rounded"" | ""ic_flag_balearic_islands_rounded"" | ""ic_flag_bangladesh_rounded"" | ""ic_flag_barbados_rounded"" | ""ic_flag_basque_country_rounded"" | ""ic_flag_belarus_rounded"" | ""ic_flag_belgium_rounded"" | ""ic_flag_belize_rounded"" | ""ic_flag_benin_rounded"" | ""ic_flag_bermuda_rounded"" | ""ic_flag_bhutan_rounded"" | ""ic_flag_bolivia_rounded"" | ""ic_flag_bonaire_rounded"" | ""ic_flag_bosnia_and_herzegovina_rounded"" | ""ic_flag_botswana_rounded"" | ""ic_flag_brazil"" | ""ic_flag_brazil_bw"" | ""ic_flag_brazil_rounded"" | ""ic_flag_british_columbia_rounded"" | ""ic_flag_british_indian_ocean_territory_rounded"" | ""ic_flag_british_virgin_islands_rounded"" | ""ic_flag_brunei_rounded"" | ""ic_flag_bulgaria_rounded"" | ""ic_flag_burkina_faso_rounded"" | ""ic_flag_burundi_rounded"" | ""ic_flag_cambodia_rounded"" | ""ic_flag_cameroon_rounded"" | ""ic_flag_canada_rounded"" | ""ic_flag_canary_islands_rounded"" | ""ic_flag_cape_verde_rounded"" | ""ic_flag_cayman_islands"" | ""ic_flag_cayman_islands_bw"" | ""ic_flag_cayman_islands_rounded"" | ""ic_flag_central_african_republic_rounded"" | ""ic_flag_ceuta_rounded"" | ""ic_flag_chad_rounded"" | ""ic_flag_chile_rounded"" | ""ic_flag_china_rounded"" | ""ic_flag_cocos_island_rounded"" | ""ic_flag_colombia_rounded"" | ""ic_flag_comoros_rounded"" | ""ic_flag_cook_islands_rounded"" | ""ic_flag_corsica_rounded"" | ""ic_flag_costa_rica_rounded"" | ""ic_flag_croatia_rounded"" | ""ic_flag_cuba_rounded"" | ""ic_flag_curacao_rounded"" | ""ic_flag_cyprus_rounded"" | ""ic_flag_czech_republic_rounded"" | ""ic_flag_democratic_republic_of_congo_rounded"" | ""ic_flag_denmark_rounded"" | ""ic_flag_djibouti_rounded"" | ""ic_flag_dominica_rounded"" | ""ic_flag_dominican_republic_rounded"" | ""ic_flag_east_timor_rounded"" | ""ic_flag_ecuador_rounded"" | ""ic_flag_egypt_rounded"" | ""ic_flag_el_salvador_rounded"" | ""ic_flag_england_rounded"" | ""ic_flag_equatorial_guinea_rounded"" | ""ic_flag_eritrea_rounded"" | ""ic_flag_estonia_rounded"" | ""ic_flag_ethiopia_rounded"" | ""ic_flag_european_union_rounded"" | ""ic_flag_falkland_islands_rounded"" | ""ic_flag_faroe_islands_rounded"" | ""ic_flag_fiji_rounded"" | ""ic_flag_finland_rounded"" | ""ic_flag_france_rounded"" | ""ic_flag_french_polynesia_rounded"" | ""ic_flag_gabon_rounded"" | ""ic_flag_galapagos_islands_rounded"" | ""ic_flag_gambia_rounded"" | ""ic_flag_georgia_rounded"" | ""ic_flag_germany_rounded"" | ""ic_flag_ghana_rounded"" | ""ic_flag_gibraltar_rounded"" | ""ic_flag_globe"" | ""ic_flag_globe_bw"" | ""ic_flag_greece_rounded"" | ""ic_flag_greenland_rounded"" | ""ic_flag_grenada_rounded"" | ""ic_flag_guam_rounded"" | ""ic_flag_guatemala_rounded"" | ""ic_flag_guernsey_rounded"" | ""ic_flag_guinea_bissau_rounded"" | ""ic_flag_guinea_rounded"" | ""ic_flag_guyana_rounded"" | ""ic_flag_haiti_rounded"" | ""ic_flag_hawaii_rounded"" | ""ic_flag_honduras_rounded"" | ""ic_flag_hong_kong_rounded"" | ""ic_flag_hungary_rounded"" | ""ic_flag_iceland_rounded"" | ""ic_flag_india_rounded"" | ""ic_flag_indonesia_rounded"" | ""ic_flag_iran_rounded"" | ""ic_flag_iraq_rounded"" | ""ic_flag_ireland_rounded"" | ""ic_flag_isle_of_man_rounded"" | ""ic_flag_israel_rounded"" | ""ic_flag_italy_rounded"" | ""ic_flag_ivory_coast_rounded"" | ""ic_flag_jamaica_rounded"" | ""ic_flag_japan_rounded"" | ""ic_flag_jersey_rounded"" | ""ic_flag_jordan_rounded"" | ""ic_flag_kazakhstan_rounded"" | ""ic_flag_kenya_rounded"" | ""ic_flag_kiribati_rounded"" | ""ic_flag_kosovo_rounded"" | ""ic_flag_kuwait_rounded"" | ""ic_flag_kyrgyzstan_rounded"" | ""ic_flag_laos_rounded"" | ""ic_flag_latvia_rounded"" | ""ic_flag_lebanon_rounded"" | ""ic_flag_lesotho_rounded"" | ""ic_flag_liberia_rounded"" | ""ic_flag_libya_rounded"" | ""ic_flag_liechtenstein_rounded"" | ""ic_flag_lithuania_rounded"" | ""ic_flag_luxembourg_rounded"" | ""ic_flag_macao_rounded"" | ""ic_flag_madagascar_rounded"" | ""ic_flag_madeira_rounded"" | ""ic_flag_malawi_rounded"" | ""ic_flag_malaysia_rounded"" | ""ic_flag_maldives_rounded"" | ""ic_flag_mali_rounded"" | ""ic_flag_malta_rounded"" | ""ic_flag_marshall_island_rounded"" | ""ic_flag_martinique_rounded"" | ""ic_flag_mauritania_rounded"" | ""ic_flag_mauritius_rounded"" | ""ic_flag_melilla_rounded"" | ""ic_flag_mexico_rounded"" | ""ic_flag_micronesia_rounded"" | ""ic_flag_moldova_rounded"" | ""ic_flag_monaco_rounded"" | ""ic_flag_mongolia_rounded"" | ""ic_flag_montenegro_rounded"" | ""ic_flag_montserrat_rounded"" | ""ic_flag_morocco_rounded"" | ""ic_flag_mozambique_rounded"" | ""ic_flag_myanmar_rounded"" | ""ic_flag_namibia_rounded"" | ""ic_flag_nato_rounded"" | ""ic_flag_nauru_rounded"" | ""ic_flag_nepal_rounded"" | ""ic_flag_netherlands_rounded"" | ""ic_flag_new_zealand_rounded"" | ""ic_flag_nicaragua_rounded"" | ""ic_flag_niger_rounded"" | ""ic_flag_nigeria_rounded"" | ""ic_flag_niue_rounded"" | ""ic_flag_norfolk_island_rounded"" | ""ic_flag_north_korea_rounded"" | ""ic_flag_northern_cyprus_rounded"" | ""ic_flag_northern_marianas_islands_rounded"" | ""ic_flag_norway_rounded"" | ""ic_flag_oman_rounded"" | ""ic_flag_orkney_islands_rounded"" | ""ic_flag_ossetia_rounded"" | ""ic_flag_pakistan_rounded"" | ""ic_flag_palau_rounded"" | ""ic_flag_palestine_rounded"" | ""ic_flag_panama_rounded"" | ""ic_flag_papua_new_guinea_rounded"" | ""ic_flag_paraguay_rounded"" | ""ic_flag_peru_rounded"" | ""ic_flag_philippines_rounded"" | ""ic_flag_pitcairn_islands_rounded"" | ""ic_flag_poland_rounded"" | ""ic_flag_portugal_rounded"" | ""ic_flag_puerto_rico_rounded"" | ""ic_flag_qatar_rounded"" | ""ic_flag_rapa_nui_rounded"" | ""ic_flag_republic_of_macedonia_rounded"" | ""ic_flag_republic_of_the_congo_rounded"" | ""ic_flag_romania_rounded"" | ""ic_flag_russia_rounded"" | ""ic_flag_rwanda_rounded"" | ""ic_flag_saba_island_rounded"" | ""ic_flag_sahrawi_arab_democratic_republic_rounded"" | ""ic_flag_saint_kitts_and_nevis_rounded"" | ""ic_flag_samoa_rounded"" | ""ic_flag_san_marino_rounded"" | ""ic_flag_sao_tome_and_prince_rounded"" | ""ic_flag_sardinia_rounded"" | ""ic_flag_saudi_arabia_rounded"" | ""ic_flag_scotland_rounded"" | ""ic_flag_senegal_rounded"" | ""ic_flag_serbia_rounded"" | ""ic_flag_seychelles_rounded"" | ""ic_flag_sierra_leone_rounded"" | ""ic_flag_singapore_rounded"" | ""ic_flag_sint_eustatius_rounded"" | ""ic_flag_sint_maarten_rounded"" | ""ic_flag_slovakia_rounded"" | ""ic_flag_slovenia_rounded"" | ""ic_flag_solomon_islands_rounded"" | ""ic_flag_somalia_rounded"" | ""ic_flag_somaliland_rounded"" | ""ic_flag_south_africa_rounded"" | ""ic_flag_south_korea_rounded"" | ""ic_flag_south_sudan_rounded"" | ""ic_flag_spain"" | ""ic_flag_spain_bw"" | ""ic_flag_spain_rounded"" | ""ic_flag_sri_lanka_rounded"" | ""ic_flag_st_barts_rounded"" | ""ic_flag_st_lucia_rounded"" | ""ic_flag_st_vincent_and_the_grenadines_rounded"" | ""ic_flag_sudan_rounded"" | ""ic_flag_suriname_rounded"" | ""ic_flag_swaziland_rounded"" | ""ic_flag_sweden_rounded"" | ""ic_flag_switzerland_rounded"" | ""ic_flag_syria_rounded"" | ""ic_flag_taiwan_rounded"" | ""ic_flag_tajikistan_rounded"" | ""ic_flag_tanzania_rounded"" | ""ic_flag_thailand_rounded"" | ""ic_flag_tibet_rounded"" | ""ic_flag_togo_rounded"" | ""ic_flag_tokelau_rounded"" | ""ic_flag_tonga_rounded"" | ""ic_flag_transnistria_rounded"" | ""ic_flag_trinidad_and_tobago_rounded"" | ""ic_flag_tunisia_rounded"" | ""ic_flag_turkey_rounded"" | ""ic_flag_turkmenistan_rounded"" | ""ic_flag_turks_and_caicos_rounded"" | ""ic_flag_tuvalu_rounded"" | ""ic_flag_uganda_rounded"" | ""ic_flag_ukraine_rounded"" | ""ic_flag_united_arab_emirates_rounded"" | ""ic_flag_united_kingdom_rounded"" | ""ic_flag_united_nations_rounded"" | ""ic_flag_united_states"" | ""ic_flag_united_states_bw"" | ""ic_flag_united_states_rounded"" | ""ic_flag_uruguay_rounded"" | ""ic_flag_uzbekistán_rounded"" | ""ic_flag_vanuatu_rounded"" | ""ic_flag_vatican_city_rounded"" | ""ic_flag_venezuela_rounded"" | ""ic_flag_vietnam_rounded"" | ""ic_flag_virgin_islands_rounded"" | ""ic_flag_wales_rounded"" | ""ic_flag_yemen_rounded"" | ""ic_flag_zambia_rounded"" | ""ic_flag_zimbabwe_rounded"" | ""ic_flash"" | ""ic_flash_off"" | ""ic_flashlight"" | ""ic_fork_knife"" | ""ic_forward_step"" | ""ic_gas_station"" | ""ic_gift"" | ""ic_gift_money"" | ""ic_globe"" | ""ic_globe_trending_up"" | ""ic_google_play"" | ""ic_graduation_cap"" | ""ic_hamburguer"" | ""ic_hand_coin"" | ""ic_hand_config"" | ""ic_hand_house"" | ""ic_hand_money"" | ""ic_hand_user"" | ""ic_handshake"" | ""ic_heart"" | ""ic_heart_ecg"" | ""ic_heart_fill"" | ""ic_help_circle"" | ""ic_help_circle_fill"" | ""ic_high_heels"" | ""ic_history"" | ""ic_house"" | ""ic_house_check"" | ""ic_house_fill"" | ""ic_house_filled"" | ""ic_house_half"" | ""ic_house_moving"" | ""ic_house_trending_up"" | ""ic_i_safe"" | ""ic_image"" | ""ic_image_arrow_up"" | ""ic_image_error"" | ""ic_images"" | ""ic_info_circle"" | ""ic_info_circle_fill"" | ""ic_instagram"" | ""ic_inter"" | ""ic_inter_loop"" | ""ic_investment_filled"" | ""ic_key"" | ""ic_last_page"" | ""ic_lightbulb_off"" | ""ic_lightbulb_on"" | ""ic_link"" | ""ic_link_money"" | ""ic_linkedin"" | ""ic_list"" | ""ic_loading"" | ""ic_location"" | ""ic_location_map"" | ""ic_luggage"" | ""ic_mask_carnival"" | ""ic_mask_comedy"" | ""ic_medal_p_letter"" | ""ic_medal_q_letter"" | ""ic_medical_shield"" | ""ic_medical_square"" | ""ic_menu"" | ""ic_menu_filled"" | ""ic_message_ellipsis"" | ""ic_message_ellipsis_fill"" | ""ic_messages"" | ""ic_messages_fill"" | ""ic_messages_filled"" | ""ic_mic"" | ""ic_money_check"" | ""ic_money_check_arrow_down"" | ""ic_money_check_back"" | ""ic_money_check_check"" | ""ic_money_check_ellipsis"" | ""ic_money_check_error"" | ""ic_money_check_location"" | ""ic_money_check_pointer"" | ""ic_money_check_refresh"" | ""ic_money_frame"" | ""ic_moon"" | ""ic_motorcycle"" | ""ic_motorcycle_delivery"" | ""ic_muscle"" | ""ic_music_note"" | ""ic_nurse"" | ""ic_open_finance"" | ""ic_open_new"" | ""ic_orange"" | ""ic_orange_fill"" | ""ic_padlock"" | ""ic_padlock_open"" | ""ic_paint_roller"" | ""ic_paint_roller_fill"" | ""ic_paper_money"" | ""ic_paper_trending_up"" | ""ic_parking"" | ""ic_parking_short_term"" | ""ic_pause_circle"" | ""ic_paw"" | ""ic_payment_alelo"" | ""ic_payment_amazon"" | ""ic_payment_amex"" | ""ic_payment_apple_pay"" | ""ic_payment_diners_club"" | ""ic_payment_discover"" | ""ic_payment_elo"" | ""ic_payment_google_pay"" | ""ic_payment_hipercard"" | ""ic_payment_jcb"" | ""ic_payment_mastercard"" | ""ic_payment_paypal"" | ""ic_payment_plaid"" | ""ic_payment_pluxee"" | ""ic_payment_ticket"" | ""ic_payment_visa"" | ""ic_payment_vr"" | ""ic_phone"" | ""ic_phone_ring"" | ""ic_phone_rotary"" | ""ic_photo"" | ""ic_photo_off"" | ""ic_piggy_arrow_up"" | ""ic_piggy_bank"" | ""ic_piggy_money"" | ""ic_pill"" | ""ic_pillar"" | ""ic_pix"" | ""ic_plane_arrival"" | ""ic_plane_departure"" | ""ic_play"" | ""ic_play_fill"" | ""ic_play_frame"" | ""ic_plug"" | ""ic_printer"" | ""ic_purse"" | ""ic_qr_code"" | ""ic_qr_code_padlock"" | ""ic_receipt"" | ""ic_receipt_notification"" | ""ic_refrigerator"" | ""ic_remove"" | ""ic_remove_circle"" | ""ic_reply"" | ""ic_ring"" | ""ic_robot"" | ""ic_rocket"" | ""ic_rotate"" | ""ic_rotate_add"" | ""ic_rotate_check"" | ""ic_rotate_money"" | ""ic_rotate_right"" | ""ic_rotate_strokes_money"" | ""ic_scissors"" | ""ic_score"" | ""ic_search"" | ""ic_search_error"" | ""ic_search_sparkle"" | ""ic_seedling"" | ""ic_send"" | ""ic_share"" | ""ic_ship_front"" | ""ic_shirt"" | ""ic_shopping_bag"" | ""ic_shopping_bag_filled"" | ""ic_shopping_basket"" | ""ic_shopping_cart"" | ""ic_shopping_cart_add"" | ""ic_shopping_cart_arrow_down"" | ""ic_shopping_cart_auto"" | ""ic_shopping_cart_bars"" | ""ic_shopping_cart_error"" | ""ic_shopping_cart_fill"" | ""ic_shopping_cart_filled"" | ""ic_shuffle"" | ""ic_sign_in"" | ""ic_sign_out"" | ""ic_sim_card"" | ""ic_sliders"" | ""ic_smartphone"" | ""ic_smartphone_money"" | ""ic_smartphone_wifi"" | ""ic_sneakers"" | ""ic_soccer_ball"" | ""ic_sort"" | ""ic_sort_down"" | ""ic_sort_up"" | ""ic_sparkle"" | ""ic_spotify"" | ""ic_spray_bottle"" | ""ic_star"" | ""ic_star_fill"" | ""ic_star_half"" | ""ic_stethoscope"" | ""ic_stopwatch"" | ""ic_store"" | ""ic_store_shield"" | ""ic_stove"" | ""ic_subway_front"" | ""ic_suitcase"" | ""ic_sun"" | ""ic_swap_dots"" | ""ic_swap_vertical"" | ""ic_tag"" | ""ic_target"" | ""ic_team_viewer_error"" | ""ic_telegram"" | ""ic_thumb_down"" | ""ic_thumb_down_fill"" | ""ic_thumb_up"" | ""ic_thumb_up_fill"" | ""ic_ticket"" | ""ic_ticket_vertical"" | ""ic_tiktok"" | ""ic_toilet"" | ""ic_tooth"" | ""ic_tower_control"" | ""ic_trash"" | ""ic_trending_up"" | ""ic_trending_up_fill"" | ""ic_truck"" | ""ic_truck_speed"" | ""ic_twitter_x"" | ""ic_umbrella"" | ""ic_umbrella_beach"" | ""ic_unfold_less"" | ""ic_unfold_more"" | ""ic_upstairs"" | ""ic_user"" | ""ic_user_help"" | ""ic_user_money"" | ""ic_user_refresh"" | ""ic_users"" | ""ic_vault"" | ""ic_video"" | ""ic_video_game"" | ""ic_volume"" | ""ic_volume_off"" | ""ic_wallet"" | ""ic_wallet_money"" | ""ic_warning_circle"" | ""ic_warning_circle_fill"" | ""ic_washing_machine"" | ""ic_water_drop"" | ""ic_water_ladder"" | ""ic_wave_form"" | ""ic_whatsapp"" | ""ic_wheelbarrow"" | ""ic_withdraw"" | ""ic_youtube"" | undefined",Campo editorial,p6564697449636f6e,components/Molecules/Avatar/Avatar.d.ts
Avatar,ds-avatar,flag,FlagName | undefined,Campo editorial,p666c6167,components/Molecules/Avatar/Avatar.d.ts
Avatar,ds-avatar,badgeProps,BadgeProps | undefined,Campo editorial / subpropriedades,"p626164676550726f70732e76617269616e74, p626164676550726f70732e636f756e74",components/Molecules/Avatar/Avatar.d.ts
Avatar,ds-avatar,hasBadge,boolean | undefined,Campo editorial,p6861734261646765,components/Molecules/Avatar/Avatar.d.ts
Avatar,ds-avatar,category,"""business"" | ""person""",Campo editorial,p63617465676f7279,components/Molecules/Avatar/Avatar.d.ts
Avatar,ds-avatar,label,string,Campo editorial,p6c6162656c,components/Molecules/Avatar/Avatar.d.ts
Avatar,ds-avatar,alt,string,Campo editorial,p616c74,components/Molecules/Avatar/Avatar.d.ts
Avatar,ds-avatar,onError,(() => void) | undefined,Callback implementado no runtime; evento de integração,,components/Molecules/Avatar/Avatar.d.ts
Avatar,ds-avatar,src,string,Campo editorial,p737263,components/Molecules/Avatar/Avatar.d.ts
Accordion,ds-accordion,title,string,Campo editorial,p7469746c65,components/Molecules/Accordion/Accordion.d.ts
Accordion,ds-accordion,description,string | undefined,Campo editorial,p6465736372697074696f6e,components/Molecules/Accordion/Accordion.d.ts
Accordion,ds-accordion,expand,boolean | undefined,Campo editorial,p657870616e64,components/Molecules/Accordion/Accordion.d.ts
Accordion,ds-accordion,showLeading,boolean | undefined,Campo editorial,p73686f774c656164696e67,components/Molecules/Accordion/Accordion.d.ts
Accordion,ds-accordion,leading,AccordionLeadingProps | undefined,Campo editorial / subpropriedades,"p6c656164696e672e76617269616e74, p6c656164696e672e69636f6e, p6c656164696e672e6176617461722e76617269616e74, p6c656164696e672e6176617461722e636f6c6f72, p6c656164696e672e6176617461722e69636f6e, p6c656164696e672e6176617461722e63617465676f7279, p6c656164696e672e6176617461722e6c6162656c, p6c656164696e672e6176617461722e737263, p6c656164696e672e6176617461722e616c74",components/Molecules/Accordion/Accordion.d.ts
Accordion,ds-accordion,sizeTitle,TextSize.Medium | TextSize.Large | undefined,Campo editorial,p73697a655469746c65,components/Molecules/Accordion/Accordion.d.ts
Accordion,ds-accordion,showDivider,boolean | undefined,Campo editorial,p73686f7744697669646572,components/Molecules/Accordion/Accordion.d.ts
Accordion,ds-accordion,state,STATE.ENABLED | STATE.DISABLED | STATE.SKELETON | undefined,Campo editorial,p7374617465,components/Molecules/Accordion/Accordion.d.ts
Accordion,ds-accordion,children,((component: ComponentType<AccordionSlotProps> | ComponentType<AccordionTextProps>) => ReactNode) | ReactNode,Campo editorial / rich text ou ícone,p6368696c6472656e,components/Molecules/Accordion/Accordion.d.ts
Accordion,ds-accordion,onTag,((data: TagProps) => void) | undefined,Callback implementado no runtime; evento de integração,,components/Molecules/Accordion/Accordion.d.ts
Accordion,ds-accordion,contentVariant,CONTENT_VARIANT | undefined,Campo editorial,p636f6e74656e7456617269616e74,components/Molecules/Accordion/Accordion.d.ts
Badge,ds-badge,variant,"""dot"" | ""label""",Campo editorial,p76617269616e74,components/Atoms/Badge/Badge.d.ts
Badge,ds-badge,count,number | undefined,Campo editorial,p636f756e74,components/Atoms/Badge/Badge.d.ts
Button,ds-button,hug,boolean | undefined,Campo editorial,p687567,components/Molecules/Button/Button.d.ts
Button,ds-button,fill,boolean | undefined,Campo editorial,p66696c6c,components/Molecules/Button/Button.d.ts
Button,ds-button,label,string | undefined,Campo editorial,p6c6162656c,components/Molecules/Button/Button.d.ts
Button,ds-button,size,ButtonSize | undefined,Campo editorial,p73697a65,components/Molecules/Button/Button.d.ts
Button,ds-button,hierarchy,Hierarchy | undefined,Campo editorial,p686965726172636879,components/Molecules/Button/Button.d.ts
Button,ds-button,variant,StyleType | undefined,Campo editorial,p76617269616e74,components/Molecules/Button/Button.d.ts
Button,ds-button,disabled,boolean | undefined,Campo editorial,p64697361626c6564,components/Molecules/Button/Button.d.ts
Button,ds-button,loading,boolean | undefined,Campo editorial,p6c6f6164696e67,components/Molecules/Button/Button.d.ts
Button,ds-button,leadingIcon,"""ic_accessibility"" | ""ic_add"" | ""ic_alarm"" | ""ic_alarm_add"" | ""ic_alarm_check"" | ""ic_alarm_off"" | ""ic_alternate_email"" | ""ic_alternate_email_fill"" | ""ic_android"" | ""ic_apple"" | ""ic_apple_inc"" | ""ic_apps"" | ""ic_apps_fill"" | ""ic_armchair"" | ""ic_arrow_down"" | ""ic_arrow_down_left"" | ""ic_arrow_down_right"" | ""ic_arrow_download"" | ""ic_arrow_download_error"" | ""ic_arrow_left"" | ""ic_arrow_right"" | ""ic_arrow_up"" | ""ic_arrow_upload"" | ""ic_asterisks"" | ""ic_attachment"" | ""ic_babi_avatar"" | ""ic_babi_avatar_bw"" | ""ic_baby"" | ""ic_backpack"" | ""ic_backward_step"" | ""ic_badge_check"" | ""ic_badge_check_fill"" | ""ic_badge_star"" | ""ic_bandage"" | ""ic_bank"" | ""ic_bank_transfer"" | ""ic_barbecue"" | ""ic_barcode"" | ""ic_barn"" | ""ic_bars_money"" | ""ic_bars_search"" | ""ic_bathtub"" | ""ic_beach_ball"" | ""ic_bed"" | ""ic_beer"" | ""ic_bell"" | ""ic_bell_concierge"" | ""ic_bell_notification"" | ""ic_bell_ring"" | ""ic_bicycle"" | ""ic_bitcoin"" | ""ic_book_flip"" | ""ic_book_open"" | ""ic_bowl_spoon"" | ""ic_box"" | ""ic_box_add"" | ""ic_box_arrow_down"" | ""ic_box_arrow_up"" | ""ic_box_fill"" | ""ic_box_off"" | ""ic_boxes"" | ""ic_brain"" | ""ic_briefcase"" | ""ic_building"" | ""ic_bus_front"" | ""ic_cake"" | ""ic_calculator"" | ""ic_calendar"" | ""ic_calendar_clock"" | ""ic_calendar_money"" | ""ic_car"" | ""ic_car_front"" | ""ic_car_tag"" | ""ic_card_machine"" | ""ic_cashback"" | ""ic_cat"" | ""ic_celebration"" | ""ic_chart_bar"" | ""ic_chart_bar_filled"" | ""ic_chart_pie"" | ""ic_check"" | ""ic_check_circle"" | ""ic_check_circle_fill"" | ""ic_checklist"" | ""ic_chef_hat"" | ""ic_chevron_down"" | ""ic_chevron_left"" | ""ic_chevron_right"" | ""ic_chevron_up"" | ""ic_chocolate"" | ""ic_circle_error_check"" | ""ic_circle_off"" | ""ic_city_hall"" | ""ic_clapper"" | ""ic_clipboard"" | ""ic_clipboard_apple"" | ""ic_clock"" | ""ic_close"" | ""ic_close_circle"" | ""ic_close_circle_fill"" | ""ic_cocktail"" | ""ic_code"" | ""ic_coffee"" | ""ic_coin"" | ""ic_coin_add"" | ""ic_coin_arrow_down_in"" | ""ic_coin_arrow_up_in"" | ""ic_coin_arrow_up_out"" | ""ic_coin_chart"" | ""ic_coin_check"" | ""ic_coin_ellipsis"" | ""ic_coin_off"" | ""ic_coin_remove"" | ""ic_coin_shield"" | ""ic_coin_thirteen"" | ""ic_comment"" | ""ic_comments"" | ""ic_compass"" | ""ic_compass_off"" | ""ic_compress"" | ""ic_config"" | ""ic_contactless"" | ""ic_contract"" | ""ic_contract_arrow_down"" | ""ic_contract_arrow_up"" | ""ic_contract_blank"" | ""ic_contract_check"" | ""ic_contract_error"" | ""ic_contract_money"" | ""ic_contract_pix"" | ""ic_contract_refresh"" | ""ic_copy"" | ""ic_coupon"" | ""ic_credit_card"" | ""ic_credit_card_add"" | ""ic_credit_card_house"" | ""ic_credit_card_nfc"" | ""ic_credit_card_pix"" | ""ic_credit_card_shield"" | ""ic_crosshairs"" | ""ic_currency_exchange"" | ""ic_desktop"" | ""ic_desktop_user"" | ""ic_desktop_wifi"" | ""ic_dialpad"" | ""ic_dining_table"" | ""ic_discord"" | ""ic_document"" | ""ic_document_blank"" | ""ic_document_blank_fill"" | ""ic_dog"" | ""ic_dolly"" | ""ic_door_tag"" | ""ic_doorlock"" | ""ic_downstairs"" | ""ic_drag_handle"" | ""ic_driver_helmet"" | ""ic_ear_listen"" | ""ic_easter_egg"" | ""ic_edit"" | ""ic_ellipsis"" | ""ic_ellipsis_vertical"" | ""ic_envelope"" | ""ic_escalator_arrow_down"" | ""ic_escalator_arrow_up"" | ""ic_euro"" | ""ic_expand"" | ""ic_expand_arrow"" | ""ic_eye_closed"" | ""ic_eye_open"" | ""ic_face_id"" | ""ic_facebook"" | ""ic_file_csv"" | ""ic_file_exp"" | ""ic_file_ofx"" | ""ic_file_pdf"" | ""ic_file_txt"" | ""ic_film"" | ""ic_filter"" | ""ic_fingerprint"" | ""ic_first_page"" | ""ic_flag_abkhazia_rounded"" | ""ic_flag_afghanistan_rounded"" | ""ic_flag_aland_islands_rounded"" | ""ic_flag_albania_rounded"" | ""ic_flag_algeria_rounded"" | ""ic_flag_american_samoa_rounded"" | ""ic_flag_andorra_rounded"" | ""ic_flag_angola_rounded"" | ""ic_flag_anguilla_rounded"" | ""ic_flag_antigua_and_barbuda_rounded"" | ""ic_flag_argentina"" | ""ic_flag_argentina_bw"" | ""ic_flag_argentina_rounded"" | ""ic_flag_armenia_rounded"" | ""ic_flag_aruba_rounded"" | ""ic_flag_australia_rounded"" | ""ic_flag_austria_rounded"" | ""ic_flag_azerbaijan_rounded"" | ""ic_flag_azores_islands_rounded"" | ""ic_flag_bahamas_rounded"" | ""ic_flag_bahrain_rounded"" | ""ic_flag_balearic_islands_rounded"" | ""ic_flag_bangladesh_rounded"" | ""ic_flag_barbados_rounded"" | ""ic_flag_basque_country_rounded"" | ""ic_flag_belarus_rounded"" | ""ic_flag_belgium_rounded"" | ""ic_flag_belize_rounded"" | ""ic_flag_benin_rounded"" | ""ic_flag_bermuda_rounded"" | ""ic_flag_bhutan_rounded"" | ""ic_flag_bolivia_rounded"" | ""ic_flag_bonaire_rounded"" | ""ic_flag_bosnia_and_herzegovina_rounded"" | ""ic_flag_botswana_rounded"" | ""ic_flag_brazil"" | ""ic_flag_brazil_bw"" | ""ic_flag_brazil_rounded"" | ""ic_flag_british_columbia_rounded"" | ""ic_flag_british_indian_ocean_territory_rounded"" | ""ic_flag_british_virgin_islands_rounded"" | ""ic_flag_brunei_rounded"" | ""ic_flag_bulgaria_rounded"" | ""ic_flag_burkina_faso_rounded"" | ""ic_flag_burundi_rounded"" | ""ic_flag_cambodia_rounded"" | ""ic_flag_cameroon_rounded"" | ""ic_flag_canada_rounded"" | ""ic_flag_canary_islands_rounded"" | ""ic_flag_cape_verde_rounded"" | ""ic_flag_cayman_islands"" | ""ic_flag_cayman_islands_bw"" | ""ic_flag_cayman_islands_rounded"" | ""ic_flag_central_african_republic_rounded"" | ""ic_flag_ceuta_rounded"" | ""ic_flag_chad_rounded"" | ""ic_flag_chile_rounded"" | ""ic_flag_china_rounded"" | ""ic_flag_cocos_island_rounded"" | ""ic_flag_colombia_rounded"" | ""ic_flag_comoros_rounded"" | ""ic_flag_cook_islands_rounded"" | ""ic_flag_corsica_rounded"" | ""ic_flag_costa_rica_rounded"" | ""ic_flag_croatia_rounded"" | ""ic_flag_cuba_rounded"" | ""ic_flag_curacao_rounded"" | ""ic_flag_cyprus_rounded"" | ""ic_flag_czech_republic_rounded"" | ""ic_flag_democratic_republic_of_congo_rounded"" | ""ic_flag_denmark_rounded"" | ""ic_flag_djibouti_rounded"" | ""ic_flag_dominica_rounded"" | ""ic_flag_dominican_republic_rounded"" | ""ic_flag_east_timor_rounded"" | ""ic_flag_ecuador_rounded"" | ""ic_flag_egypt_rounded"" | ""ic_flag_el_salvador_rounded"" | ""ic_flag_england_rounded"" | ""ic_flag_equatorial_guinea_rounded"" | ""ic_flag_eritrea_rounded"" | ""ic_flag_estonia_rounded"" | ""ic_flag_ethiopia_rounded"" | ""ic_flag_european_union_rounded"" | ""ic_flag_falkland_islands_rounded"" | ""ic_flag_faroe_islands_rounded"" | ""ic_flag_fiji_rounded"" | ""ic_flag_finland_rounded"" | ""ic_flag_france_rounded"" | ""ic_flag_french_polynesia_rounded"" | ""ic_flag_gabon_rounded"" | ""ic_flag_galapagos_islands_rounded"" | ""ic_flag_gambia_rounded"" | ""ic_flag_georgia_rounded"" | ""ic_flag_germany_rounded"" | ""ic_flag_ghana_rounded"" | ""ic_flag_gibraltar_rounded"" | ""ic_flag_globe"" | ""ic_flag_globe_bw"" | ""ic_flag_greece_rounded"" | ""ic_flag_greenland_rounded"" | ""ic_flag_grenada_rounded"" | ""ic_flag_guam_rounded"" | ""ic_flag_guatemala_rounded"" | ""ic_flag_guernsey_rounded"" | ""ic_flag_guinea_bissau_rounded"" | ""ic_flag_guinea_rounded"" | ""ic_flag_guyana_rounded"" | ""ic_flag_haiti_rounded"" | ""ic_flag_hawaii_rounded"" | ""ic_flag_honduras_rounded"" | ""ic_flag_hong_kong_rounded"" | ""ic_flag_hungary_rounded"" | ""ic_flag_iceland_rounded"" | ""ic_flag_india_rounded"" | ""ic_flag_indonesia_rounded"" | ""ic_flag_iran_rounded"" | ""ic_flag_iraq_rounded"" | ""ic_flag_ireland_rounded"" | ""ic_flag_isle_of_man_rounded"" | ""ic_flag_israel_rounded"" | ""ic_flag_italy_rounded"" | ""ic_flag_ivory_coast_rounded"" | ""ic_flag_jamaica_rounded"" | ""ic_flag_japan_rounded"" | ""ic_flag_jersey_rounded"" | ""ic_flag_jordan_rounded"" | ""ic_flag_kazakhstan_rounded"" | ""ic_flag_kenya_rounded"" | ""ic_flag_kiribati_rounded"" | ""ic_flag_kosovo_rounded"" | ""ic_flag_kuwait_rounded"" | ""ic_flag_kyrgyzstan_rounded"" | ""ic_flag_laos_rounded"" | ""ic_flag_latvia_rounded"" | ""ic_flag_lebanon_rounded"" | ""ic_flag_lesotho_rounded"" | ""ic_flag_liberia_rounded"" | ""ic_flag_libya_rounded"" | ""ic_flag_liechtenstein_rounded"" | ""ic_flag_lithuania_rounded"" | ""ic_flag_luxembourg_rounded"" | ""ic_flag_macao_rounded"" | ""ic_flag_madagascar_rounded"" | ""ic_flag_madeira_rounded"" | ""ic_flag_malawi_rounded"" | ""ic_flag_malaysia_rounded"" | ""ic_flag_maldives_rounded"" | ""ic_flag_mali_rounded"" | ""ic_flag_malta_rounded"" | ""ic_flag_marshall_island_rounded"" | ""ic_flag_martinique_rounded"" | ""ic_flag_mauritania_rounded"" | ""ic_flag_mauritius_rounded"" | ""ic_flag_melilla_rounded"" | ""ic_flag_mexico_rounded"" | ""ic_flag_micronesia_rounded"" | ""ic_flag_moldova_rounded"" | ""ic_flag_monaco_rounded"" | ""ic_flag_mongolia_rounded"" | ""ic_flag_montenegro_rounded"" | ""ic_flag_montserrat_rounded"" | ""ic_flag_morocco_rounded"" | ""ic_flag_mozambique_rounded"" | ""ic_flag_myanmar_rounded"" | ""ic_flag_namibia_rounded"" | ""ic_flag_nato_rounded"" | ""ic_flag_nauru_rounded"" | ""ic_flag_nepal_rounded"" | ""ic_flag_netherlands_rounded"" | ""ic_flag_new_zealand_rounded"" | ""ic_flag_nicaragua_rounded"" | ""ic_flag_niger_rounded"" | ""ic_flag_nigeria_rounded"" | ""ic_flag_niue_rounded"" | ""ic_flag_norfolk_island_rounded"" | ""ic_flag_north_korea_rounded"" | ""ic_flag_northern_cyprus_rounded"" | ""ic_flag_northern_marianas_islands_rounded"" | ""ic_flag_norway_rounded"" | ""ic_flag_oman_rounded"" | ""ic_flag_orkney_islands_rounded"" | ""ic_flag_ossetia_rounded"" | ""ic_flag_pakistan_rounded"" | ""ic_flag_palau_rounded"" | ""ic_flag_palestine_rounded"" | ""ic_flag_panama_rounded"" | ""ic_flag_papua_new_guinea_rounded"" | ""ic_flag_paraguay_rounded"" | ""ic_flag_peru_rounded"" | ""ic_flag_philippines_rounded"" | ""ic_flag_pitcairn_islands_rounded"" | ""ic_flag_poland_rounded"" | ""ic_flag_portugal_rounded"" | ""ic_flag_puerto_rico_rounded"" | ""ic_flag_qatar_rounded"" | ""ic_flag_rapa_nui_rounded"" | ""ic_flag_republic_of_macedonia_rounded"" | ""ic_flag_republic_of_the_congo_rounded"" | ""ic_flag_romania_rounded"" | ""ic_flag_russia_rounded"" | ""ic_flag_rwanda_rounded"" | ""ic_flag_saba_island_rounded"" | ""ic_flag_sahrawi_arab_democratic_republic_rounded"" | ""ic_flag_saint_kitts_and_nevis_rounded"" | ""ic_flag_samoa_rounded"" | ""ic_flag_san_marino_rounded"" | ""ic_flag_sao_tome_and_prince_rounded"" | ""ic_flag_sardinia_rounded"" | ""ic_flag_saudi_arabia_rounded"" | ""ic_flag_scotland_rounded"" | ""ic_flag_senegal_rounded"" | ""ic_flag_serbia_rounded"" | ""ic_flag_seychelles_rounded"" | ""ic_flag_sierra_leone_rounded"" | ""ic_flag_singapore_rounded"" | ""ic_flag_sint_eustatius_rounded"" | ""ic_flag_sint_maarten_rounded"" | ""ic_flag_slovakia_rounded"" | ""ic_flag_slovenia_rounded"" | ""ic_flag_solomon_islands_rounded"" | ""ic_flag_somalia_rounded"" | ""ic_flag_somaliland_rounded"" | ""ic_flag_south_africa_rounded"" | ""ic_flag_south_korea_rounded"" | ""ic_flag_south_sudan_rounded"" | ""ic_flag_spain"" | ""ic_flag_spain_bw"" | ""ic_flag_spain_rounded"" | ""ic_flag_sri_lanka_rounded"" | ""ic_flag_st_barts_rounded"" | ""ic_flag_st_lucia_rounded"" | ""ic_flag_st_vincent_and_the_grenadines_rounded"" | ""ic_flag_sudan_rounded"" | ""ic_flag_suriname_rounded"" | ""ic_flag_swaziland_rounded"" | ""ic_flag_sweden_rounded"" | ""ic_flag_switzerland_rounded"" | ""ic_flag_syria_rounded"" | ""ic_flag_taiwan_rounded"" | ""ic_flag_tajikistan_rounded"" | ""ic_flag_tanzania_rounded"" | ""ic_flag_thailand_rounded"" | ""ic_flag_tibet_rounded"" | ""ic_flag_togo_rounded"" | ""ic_flag_tokelau_rounded"" | ""ic_flag_tonga_rounded"" | ""ic_flag_transnistria_rounded"" | ""ic_flag_trinidad_and_tobago_rounded"" | ""ic_flag_tunisia_rounded"" | ""ic_flag_turkey_rounded"" | ""ic_flag_turkmenistan_rounded"" | ""ic_flag_turks_and_caicos_rounded"" | ""ic_flag_tuvalu_rounded"" | ""ic_flag_uganda_rounded"" | ""ic_flag_ukraine_rounded"" | ""ic_flag_united_arab_emirates_rounded"" | ""ic_flag_united_kingdom_rounded"" | ""ic_flag_united_nations_rounded"" | ""ic_flag_united_states"" | ""ic_flag_united_states_bw"" | ""ic_flag_united_states_rounded"" | ""ic_flag_uruguay_rounded"" | ""ic_flag_uzbekistán_rounded"" | ""ic_flag_vanuatu_rounded"" | ""ic_flag_vatican_city_rounded"" | ""ic_flag_venezuela_rounded"" | ""ic_flag_vietnam_rounded"" | ""ic_flag_virgin_islands_rounded"" | ""ic_flag_wales_rounded"" | ""ic_flag_yemen_rounded"" | ""ic_flag_zambia_rounded"" | ""ic_flag_zimbabwe_rounded"" | ""ic_flash"" | ""ic_flash_off"" | ""ic_flashlight"" | ""ic_fork_knife"" | ""ic_forward_step"" | ""ic_gas_station"" | ""ic_gift"" | ""ic_gift_money"" | ""ic_globe"" | ""ic_globe_trending_up"" | ""ic_google_play"" | ""ic_graduation_cap"" | ""ic_hamburguer"" | ""ic_hand_coin"" | ""ic_hand_config"" | ""ic_hand_house"" | ""ic_hand_money"" | ""ic_hand_user"" | ""ic_handshake"" | ""ic_heart"" | ""ic_heart_ecg"" | ""ic_heart_fill"" | ""ic_help_circle"" | ""ic_help_circle_fill"" | ""ic_high_heels"" | ""ic_history"" | ""ic_house"" | ""ic_house_check"" | ""ic_house_fill"" | ""ic_house_filled"" | ""ic_house_half"" | ""ic_house_moving"" | ""ic_house_trending_up"" | ""ic_i_safe"" | ""ic_image"" | ""ic_image_arrow_up"" | ""ic_image_error"" | ""ic_images"" | ""ic_info_circle"" | ""ic_info_circle_fill"" | ""ic_instagram"" | ""ic_inter"" | ""ic_inter_loop"" | ""ic_investment_filled"" | ""ic_key"" | ""ic_last_page"" | ""ic_lightbulb_off"" | ""ic_lightbulb_on"" | ""ic_link"" | ""ic_link_money"" | ""ic_linkedin"" | ""ic_list"" | ""ic_loading"" | ""ic_location"" | ""ic_location_map"" | ""ic_luggage"" | ""ic_mask_carnival"" | ""ic_mask_comedy"" | ""ic_medal_p_letter"" | ""ic_medal_q_letter"" | ""ic_medical_shield"" | ""ic_medical_square"" | ""ic_menu"" | ""ic_menu_filled"" | ""ic_message_ellipsis"" | ""ic_message_ellipsis_fill"" | ""ic_messages"" | ""ic_messages_fill"" | ""ic_messages_filled"" | ""ic_mic"" | ""ic_money_check"" | ""ic_money_check_arrow_down"" | ""ic_money_check_back"" | ""ic_money_check_check"" | ""ic_money_check_ellipsis"" | ""ic_money_check_error"" | ""ic_money_check_location"" | ""ic_money_check_pointer"" | ""ic_money_check_refresh"" | ""ic_money_frame"" | ""ic_moon"" | ""ic_motorcycle"" | ""ic_motorcycle_delivery"" | ""ic_muscle"" | ""ic_music_note"" | ""ic_nurse"" | ""ic_open_finance"" | ""ic_open_new"" | ""ic_orange"" | ""ic_orange_fill"" | ""ic_padlock"" | ""ic_padlock_open"" | ""ic_paint_roller"" | ""ic_paint_roller_fill"" | ""ic_paper_money"" | ""ic_paper_trending_up"" | ""ic_parking"" | ""ic_parking_short_term"" | ""ic_pause_circle"" | ""ic_paw"" | ""ic_payment_alelo"" | ""ic_payment_amazon"" | ""ic_payment_amex"" | ""ic_payment_apple_pay"" | ""ic_payment_diners_club"" | ""ic_payment_discover"" | ""ic_payment_elo"" | ""ic_payment_google_pay"" | ""ic_payment_hipercard"" | ""ic_payment_jcb"" | ""ic_payment_mastercard"" | ""ic_payment_paypal"" | ""ic_payment_plaid"" | ""ic_payment_pluxee"" | ""ic_payment_ticket"" | ""ic_payment_visa"" | ""ic_payment_vr"" | ""ic_phone"" | ""ic_phone_ring"" | ""ic_phone_rotary"" | ""ic_photo"" | ""ic_photo_off"" | ""ic_piggy_arrow_up"" | ""ic_piggy_bank"" | ""ic_piggy_money"" | ""ic_pill"" | ""ic_pillar"" | ""ic_pix"" | ""ic_plane_arrival"" | ""ic_plane_departure"" | ""ic_play"" | ""ic_play_fill"" | ""ic_play_frame"" | ""ic_plug"" | ""ic_printer"" | ""ic_purse"" | ""ic_qr_code"" | ""ic_qr_code_padlock"" | ""ic_receipt"" | ""ic_receipt_notification"" | ""ic_refrigerator"" | ""ic_remove"" | ""ic_remove_circle"" | ""ic_reply"" | ""ic_ring"" | ""ic_robot"" | ""ic_rocket"" | ""ic_rotate"" | ""ic_rotate_add"" | ""ic_rotate_check"" | ""ic_rotate_money"" | ""ic_rotate_right"" | ""ic_rotate_strokes_money"" | ""ic_scissors"" | ""ic_score"" | ""ic_search"" | ""ic_search_error"" | ""ic_search_sparkle"" | ""ic_seedling"" | ""ic_send"" | ""ic_share"" | ""ic_ship_front"" | ""ic_shirt"" | ""ic_shopping_bag"" | ""ic_shopping_bag_filled"" | ""ic_shopping_basket"" | ""ic_shopping_cart"" | ""ic_shopping_cart_add"" | ""ic_shopping_cart_arrow_down"" | ""ic_shopping_cart_auto"" | ""ic_shopping_cart_bars"" | ""ic_shopping_cart_error"" | ""ic_shopping_cart_fill"" | ""ic_shopping_cart_filled"" | ""ic_shuffle"" | ""ic_sign_in"" | ""ic_sign_out"" | ""ic_sim_card"" | ""ic_sliders"" | ""ic_smartphone"" | ""ic_smartphone_money"" | ""ic_smartphone_wifi"" | ""ic_sneakers"" | ""ic_soccer_ball"" | ""ic_sort"" | ""ic_sort_down"" | ""ic_sort_up"" | ""ic_sparkle"" | ""ic_spotify"" | ""ic_spray_bottle"" | ""ic_star"" | ""ic_star_fill"" | ""ic_star_half"" | ""ic_stethoscope"" | ""ic_stopwatch"" | ""ic_store"" | ""ic_store_shield"" | ""ic_stove"" | ""ic_subway_front"" | ""ic_suitcase"" | ""ic_sun"" | ""ic_swap_dots"" | ""ic_swap_vertical"" | ""ic_tag"" | ""ic_target"" | ""ic_team_viewer_error"" | ""ic_telegram"" | ""ic_thumb_down"" | ""ic_thumb_down_fill"" | ""ic_thumb_up"" | ""ic_thumb_up_fill"" | ""ic_ticket"" | ""ic_ticket_vertical"" | ""ic_tiktok"" | ""ic_toilet"" | ""ic_tooth"" | ""ic_tower_control"" | ""ic_trash"" | ""ic_trending_up"" | ""ic_trending_up_fill"" | ""ic_truck"" | ""ic_truck_speed"" | ""ic_twitter_x"" | ""ic_umbrella"" | ""ic_umbrella_beach"" | ""ic_unfold_less"" | ""ic_unfold_more"" | ""ic_upstairs"" | ""ic_user"" | ""ic_user_help"" | ""ic_user_money"" | ""ic_user_refresh"" | ""ic_users"" | ""ic_vault"" | ""ic_video"" | ""ic_video_game"" | ""ic_volume"" | ""ic_volume_off"" | ""ic_wallet"" | ""ic_wallet_money"" | ""ic_warning_circle"" | ""ic_warning_circle_fill"" | ""ic_washing_machine"" | ""ic_water_drop"" | ""ic_water_ladder"" | ""ic_wave_form"" | ""ic_whatsapp"" | ""ic_wheelbarrow"" | ""ic_withdraw"" | ""ic_youtube"" | undefined",Campo editorial,p6c656164696e6749636f6e,components/Molecules/Button/Button.d.ts
Button,ds-button,onClick,"(event: MouseEvent<HTMLButtonElement, MouseEvent>) => void",Callback implementado no runtime; evento de integração,,components/Molecules/Button/Button.d.ts
Button,ds-button,state,ButtonState | undefined,Campo editorial,p7374617465,components/Molecules/Button/Button.d.ts
Button,ds-button,type,"""submit"" | ""reset"" | ""button"" | undefined",Campo editorial,p74797065,components/Molecules/Button/Button.d.ts
Button,ds-button,typeButton,ButtonTypeName | undefined,Campo editorial,p74797065427574746f6e,components/Molecules/Button/Button.d.ts
Button,ds-button,onTag,((data: TagProps) => void) | undefined,Callback implementado no runtime; evento de integração,,components/Molecules/Button/Button.d.ts
Banner,ds-banner,variant,"""image"" | ""webview""",Campo editorial,p76617269616e74,components/Molecules/Banner/Banner.d.ts
Banner,ds-banner,state,BannerState | undefined,Campo editorial,p7374617465,components/Molecules/Banner/Banner.d.ts
Banner,ds-banner,size,BannerSize | undefined,Campo editorial,p73697a65,components/Molecules/Banner/Banner.d.ts
Banner,ds-banner,url,string | undefined,Campo editorial,p75726c,components/Molecules/Banner/Banner.d.ts
Banner,ds-banner,webContent,ReactNode,Campo editorial / rich text ou ícone,p776562436f6e74656e74,components/Molecules/Banner/Banner.d.ts
Banner,ds-banner,alt,string | undefined,Campo editorial,p616c74,components/Molecules/Banner/Banner.d.ts
Banner,ds-banner,onClick,(() => void) | undefined,Callback implementado no runtime; evento de integração,,components/Molecules/Banner/Banner.d.ts
Banner,ds-banner,onTag,((data: TagProps) => void) | undefined,Callback implementado no runtime; evento de integração,,components/Molecules/Banner/Banner.d.ts
BottomSheet,ds-bottom-sheet,title,string | undefined,Campo editorial,p7469746c65,components/Molecules/BottomSheet/BottomSheet.d.ts
BottomSheet,ds-bottom-sheet,isOpen,boolean | undefined,Campo editorial,p69734f70656e,components/Molecules/BottomSheet/BottomSheet.d.ts
BottomSheet,ds-bottom-sheet,close,() => void,Função de fechamento implementada no runtime,,components/Molecules/BottomSheet/BottomSheet.d.ts
BottomSheet,ds-bottom-sheet,onTag,((data: TagProps) => void) | undefined,Callback implementado no runtime; evento de integração,,components/Molecules/BottomSheet/BottomSheet.d.ts
BottomSheet,ds-bottom-sheet,id,string | undefined,Campo editorial,p6964,components/Molecules/BottomSheet/BottomSheet.d.ts
BottomSheet,ds-bottom-sheet,overlay,"""on"" | ""off"" | undefined",Campo editorial,p6f7665726c6179,components/Molecules/BottomSheet/BottomSheet.d.ts
BottomSheet,ds-bottom-sheet,expansible,"""on"" | ""off"" | undefined",Campo editorial,p657870616e7369626c65,components/Molecules/BottomSheet/BottomSheet.d.ts
BottomSheet,ds-bottom-sheet,position,"""hug"" | ""expanded"" | ""middle"" | ""collapsed"" | undefined",Campo editorial,p706f736974696f6e,components/Molecules/BottomSheet/BottomSheet.d.ts
BottomSheet,ds-bottom-sheet,slot,ReactNode,Campo editorial / rich text ou ícone,p736c6f74,components/Molecules/BottomSheet/BottomSheet.d.ts
BottomSheetCountry,ds-bottom-sheet-country,items,BottomSheetCountryItem[],"Itens filhos: adicionar, remover e reordenar","p76616c7565, p6c6162656c, p6465736372697074696f6e, p666c6167",components/Templates/BottomSheetCountry/BottomSheetCountry.d.ts
BottomSheetCountry,ds-bottom-sheet-country,featuredItems,BottomSheetCountryItem[] | undefined,Campo editorial / estrutura JSON,p66656174757265644974656d73,components/Templates/BottomSheetCountry/BottomSheetCountry.d.ts
BottomSheetCountry,ds-bottom-sheet-country,selectedValue,string | undefined,Campo editorial,p73656c656374656456616c7565,components/Templates/BottomSheetCountry/BottomSheetCountry.d.ts
BottomSheetCountry,ds-bottom-sheet-country,showSearch,boolean | undefined,Campo editorial,p73686f77536561726368,components/Templates/BottomSheetCountry/BottomSheetCountry.d.ts
BottomSheetCountry,ds-bottom-sheet-country,showFeatured,boolean | undefined,Campo editorial,p73686f774665617475726564,components/Templates/BottomSheetCountry/BottomSheetCountry.d.ts
BottomSheetCountry,ds-bottom-sheet-country,featuredTitle,string | undefined,Campo editorial,p66656174757265645469746c65,components/Templates/BottomSheetCountry/BottomSheetCountry.d.ts
BottomSheetCountry,ds-bottom-sheet-country,allTitle,string | undefined,Campo editorial,p616c6c5469746c65,components/Templates/BottomSheetCountry/BottomSheetCountry.d.ts
BottomSheetCountry,ds-bottom-sheet-country,searchPlaceholder,string | undefined,Campo editorial,p736561726368506c616365686f6c646572,components/Templates/BottomSheetCountry/BottomSheetCountry.d.ts
BottomSheetCountry,ds-bottom-sheet-country,initialSearchTerm,string | undefined,Campo editorial,p696e697469616c5365617263685465726d,components/Templates/BottomSheetCountry/BottomSheetCountry.d.ts
BottomSheetCountry,ds-bottom-sheet-country,onSelect,(item: BottomSheetCountryItem) => void,Callback implementado no runtime; evento de integração,,components/Templates/BottomSheetCountry/BottomSheetCountry.d.ts
BottomSheetCountry,ds-bottom-sheet-country,onTag,((data: TagProps) => void) | undefined,Callback implementado no runtime; evento de integração,,components/Templates/BottomSheetCountry/BottomSheetCountry.d.ts
BottomSheetCountry,ds-bottom-sheet-country,id,string | undefined,Campo editorial,p6964,components/Templates/BottomSheetCountry/BottomSheetCountry.d.ts
BottomSheetCountry,ds-bottom-sheet-country,title,string | undefined,Campo editorial,p7469746c65,components/Templates/BottomSheetCountry/BottomSheetCountry.d.ts
BottomSheetCountry,ds-bottom-sheet-country,isOpen,boolean | undefined,Campo editorial,p69734f70656e,components/Templates/BottomSheetCountry/BottomSheetCountry.d.ts
BottomSheetCountry,ds-bottom-sheet-country,close,() => void,Função de fechamento implementada no runtime,,components/Templates/BottomSheetCountry/BottomSheetCountry.d.ts
BottomSheetCountry,ds-bottom-sheet-country,overlay,"""on"" | ""off"" | undefined",Campo editorial,p6f7665726c6179,components/Templates/BottomSheetCountry/BottomSheetCountry.d.ts
BottomSheetCountry,ds-bottom-sheet-country,expansible,"""on"" | ""off"" | undefined",Campo editorial,p657870616e7369626c65,components/Templates/BottomSheetCountry/BottomSheetCountry.d.ts
BottomSheetCountry,ds-bottom-sheet-country,position,"""hug"" | ""expanded"" | ""middle"" | ""collapsed"" | undefined",Campo editorial,p706f736974696f6e,components/Templates/BottomSheetCountry/BottomSheetCountry.d.ts
Card,ds-card,onTag,((data: TagProps) => void) | undefined,Callback implementado no runtime; evento de integração,,components/Atoms/Card/Card.d.ts
Card,ds-card,onClick,(() => void) | undefined,Callback implementado no runtime; evento de integração,,components/Atoms/Card/Card.d.ts
Card,ds-card,children,ReactNode,Campo editorial / rich text ou ícone,p6368696c6472656e,components/Atoms/Card/Card.d.ts
Card,ds-card,state,"""enabled"" | ""skeleton"" | ""disabled"" | undefined",Campo editorial,p7374617465,components/Atoms/Card/Card.d.ts
Card,ds-card,isSelected,boolean | undefined,Campo editorial,p697353656c6563746564,components/Atoms/Card/Card.d.ts
Card,ds-card,onSelect,((isSelected: boolean) => void) | undefined,Callback implementado no runtime; evento de integração,,components/Atoms/Card/Card.d.ts
Checkbox,ds-checkbox,variant,"""error"" | ""default"" | ""indeterminate"" | undefined",Campo editorial,p76617269616e74,components/Atoms/Checkbox/Checkbox.d.ts
Checkbox,ds-checkbox,state,"""enabled"" | ""skeleton"" | ""disabled""",Campo editorial,p7374617465,components/Atoms/Checkbox/Checkbox.d.ts
Checkbox,ds-checkbox,onChange,((isChecked: boolean) => void) | undefined,Callback implementado no runtime; evento de integração,,components/Atoms/Checkbox/Checkbox.d.ts
Checkbox,ds-checkbox,checked,boolean | undefined,Campo editorial,p636865636b6564,components/Atoms/Checkbox/Checkbox.d.ts
Chip,ds-chip,label,string | undefined,Campo editorial,p6c6162656c,components/Molecules/Chip/Chip.d.ts
Chip,ds-chip,onClick,(() => void) | undefined,Callback implementado no runtime; evento de integração,,components/Molecules/Chip/Chip.d.ts
Chip,ds-chip,selected,boolean | undefined,Campo editorial,p73656c6563746564,components/Molecules/Chip/Chip.d.ts
Chip,ds-chip,leadingIcon,"""ic_accessibility"" | ""ic_add"" | ""ic_alarm"" | ""ic_alarm_add"" | ""ic_alarm_check"" | ""ic_alarm_off"" | ""ic_alternate_email"" | ""ic_alternate_email_fill"" | ""ic_android"" | ""ic_apple"" | ""ic_apple_inc"" | ""ic_apps"" | ""ic_apps_fill"" | ""ic_armchair"" | ""ic_arrow_down"" | ""ic_arrow_down_left"" | ""ic_arrow_down_right"" | ""ic_arrow_download"" | ""ic_arrow_download_error"" | ""ic_arrow_left"" | ""ic_arrow_right"" | ""ic_arrow_up"" | ""ic_arrow_upload"" | ""ic_asterisks"" | ""ic_attachment"" | ""ic_babi_avatar"" | ""ic_babi_avatar_bw"" | ""ic_baby"" | ""ic_backpack"" | ""ic_backward_step"" | ""ic_badge_check"" | ""ic_badge_check_fill"" | ""ic_badge_star"" | ""ic_bandage"" | ""ic_bank"" | ""ic_bank_transfer"" | ""ic_barbecue"" | ""ic_barcode"" | ""ic_barn"" | ""ic_bars_money"" | ""ic_bars_search"" | ""ic_bathtub"" | ""ic_beach_ball"" | ""ic_bed"" | ""ic_beer"" | ""ic_bell"" | ""ic_bell_concierge"" | ""ic_bell_notification"" | ""ic_bell_ring"" | ""ic_bicycle"" | ""ic_bitcoin"" | ""ic_book_flip"" | ""ic_book_open"" | ""ic_bowl_spoon"" | ""ic_box"" | ""ic_box_add"" | ""ic_box_arrow_down"" | ""ic_box_arrow_up"" | ""ic_box_fill"" | ""ic_box_off"" | ""ic_boxes"" | ""ic_brain"" | ""ic_briefcase"" | ""ic_building"" | ""ic_bus_front"" | ""ic_cake"" | ""ic_calculator"" | ""ic_calendar"" | ""ic_calendar_clock"" | ""ic_calendar_money"" | ""ic_car"" | ""ic_car_front"" | ""ic_car_tag"" | ""ic_card_machine"" | ""ic_cashback"" | ""ic_cat"" | ""ic_celebration"" | ""ic_chart_bar"" | ""ic_chart_bar_filled"" | ""ic_chart_pie"" | ""ic_check"" | ""ic_check_circle"" | ""ic_check_circle_fill"" | ""ic_checklist"" | ""ic_chef_hat"" | ""ic_chevron_down"" | ""ic_chevron_left"" | ""ic_chevron_right"" | ""ic_chevron_up"" | ""ic_chocolate"" | ""ic_circle_error_check"" | ""ic_circle_off"" | ""ic_city_hall"" | ""ic_clapper"" | ""ic_clipboard"" | ""ic_clipboard_apple"" | ""ic_clock"" | ""ic_close"" | ""ic_close_circle"" | ""ic_close_circle_fill"" | ""ic_cocktail"" | ""ic_code"" | ""ic_coffee"" | ""ic_coin"" | ""ic_coin_add"" | ""ic_coin_arrow_down_in"" | ""ic_coin_arrow_up_in"" | ""ic_coin_arrow_up_out"" | ""ic_coin_chart"" | ""ic_coin_check"" | ""ic_coin_ellipsis"" | ""ic_coin_off"" | ""ic_coin_remove"" | ""ic_coin_shield"" | ""ic_coin_thirteen"" | ""ic_comment"" | ""ic_comments"" | ""ic_compass"" | ""ic_compass_off"" | ""ic_compress"" | ""ic_config"" | ""ic_contactless"" | ""ic_contract"" | ""ic_contract_arrow_down"" | ""ic_contract_arrow_up"" | ""ic_contract_blank"" | ""ic_contract_check"" | ""ic_contract_error"" | ""ic_contract_money"" | ""ic_contract_pix"" | ""ic_contract_refresh"" | ""ic_copy"" | ""ic_coupon"" | ""ic_credit_card"" | ""ic_credit_card_add"" | ""ic_credit_card_house"" | ""ic_credit_card_nfc"" | ""ic_credit_card_pix"" | ""ic_credit_card_shield"" | ""ic_crosshairs"" | ""ic_currency_exchange"" | ""ic_desktop"" | ""ic_desktop_user"" | ""ic_desktop_wifi"" | ""ic_dialpad"" | ""ic_dining_table"" | ""ic_discord"" | ""ic_document"" | ""ic_document_blank"" | ""ic_document_blank_fill"" | ""ic_dog"" | ""ic_dolly"" | ""ic_door_tag"" | ""ic_doorlock"" | ""ic_downstairs"" | ""ic_drag_handle"" | ""ic_driver_helmet"" | ""ic_ear_listen"" | ""ic_easter_egg"" | ""ic_edit"" | ""ic_ellipsis"" | ""ic_ellipsis_vertical"" | ""ic_envelope"" | ""ic_escalator_arrow_down"" | ""ic_escalator_arrow_up"" | ""ic_euro"" | ""ic_expand"" | ""ic_expand_arrow"" | ""ic_eye_closed"" | ""ic_eye_open"" | ""ic_face_id"" | ""ic_facebook"" | ""ic_file_csv"" | ""ic_file_exp"" | ""ic_file_ofx"" | ""ic_file_pdf"" | ""ic_file_txt"" | ""ic_film"" | ""ic_filter"" | ""ic_fingerprint"" | ""ic_first_page"" | ""ic_flag_abkhazia_rounded"" | ""ic_flag_afghanistan_rounded"" | ""ic_flag_aland_islands_rounded"" | ""ic_flag_albania_rounded"" | ""ic_flag_algeria_rounded"" | ""ic_flag_american_samoa_rounded"" | ""ic_flag_andorra_rounded"" | ""ic_flag_angola_rounded"" | ""ic_flag_anguilla_rounded"" | ""ic_flag_antigua_and_barbuda_rounded"" | ""ic_flag_argentina"" | ""ic_flag_argentina_bw"" | ""ic_flag_argentina_rounded"" | ""ic_flag_armenia_rounded"" | ""ic_flag_aruba_rounded"" | ""ic_flag_australia_rounded"" | ""ic_flag_austria_rounded"" | ""ic_flag_azerbaijan_rounded"" | ""ic_flag_azores_islands_rounded"" | ""ic_flag_bahamas_rounded"" | ""ic_flag_bahrain_rounded"" | ""ic_flag_balearic_islands_rounded"" | ""ic_flag_bangladesh_rounded"" | ""ic_flag_barbados_rounded"" | ""ic_flag_basque_country_rounded"" | ""ic_flag_belarus_rounded"" | ""ic_flag_belgium_rounded"" | ""ic_flag_belize_rounded"" | ""ic_flag_benin_rounded"" | ""ic_flag_bermuda_rounded"" | ""ic_flag_bhutan_rounded"" | ""ic_flag_bolivia_rounded"" | ""ic_flag_bonaire_rounded"" | ""ic_flag_bosnia_and_herzegovina_rounded"" | ""ic_flag_botswana_rounded"" | ""ic_flag_brazil"" | ""ic_flag_brazil_bw"" | ""ic_flag_brazil_rounded"" | ""ic_flag_british_columbia_rounded"" | ""ic_flag_british_indian_ocean_territory_rounded"" | ""ic_flag_british_virgin_islands_rounded"" | ""ic_flag_brunei_rounded"" | ""ic_flag_bulgaria_rounded"" | ""ic_flag_burkina_faso_rounded"" | ""ic_flag_burundi_rounded"" | ""ic_flag_cambodia_rounded"" | ""ic_flag_cameroon_rounded"" | ""ic_flag_canada_rounded"" | ""ic_flag_canary_islands_rounded"" | ""ic_flag_cape_verde_rounded"" | ""ic_flag_cayman_islands"" | ""ic_flag_cayman_islands_bw"" | ""ic_flag_cayman_islands_rounded"" | ""ic_flag_central_african_republic_rounded"" | ""ic_flag_ceuta_rounded"" | ""ic_flag_chad_rounded"" | ""ic_flag_chile_rounded"" | ""ic_flag_china_rounded"" | ""ic_flag_cocos_island_rounded"" | ""ic_flag_colombia_rounded"" | ""ic_flag_comoros_rounded"" | ""ic_flag_cook_islands_rounded"" | ""ic_flag_corsica_rounded"" | ""ic_flag_costa_rica_rounded"" | ""ic_flag_croatia_rounded"" | ""ic_flag_cuba_rounded"" | ""ic_flag_curacao_rounded"" | ""ic_flag_cyprus_rounded"" | ""ic_flag_czech_republic_rounded"" | ""ic_flag_democratic_republic_of_congo_rounded"" | ""ic_flag_denmark_rounded"" | ""ic_flag_djibouti_rounded"" | ""ic_flag_dominica_rounded"" | ""ic_flag_dominican_republic_rounded"" | ""ic_flag_east_timor_rounded"" | ""ic_flag_ecuador_rounded"" | ""ic_flag_egypt_rounded"" | ""ic_flag_el_salvador_rounded"" | ""ic_flag_england_rounded"" | ""ic_flag_equatorial_guinea_rounded"" | ""ic_flag_eritrea_rounded"" | ""ic_flag_estonia_rounded"" | ""ic_flag_ethiopia_rounded"" | ""ic_flag_european_union_rounded"" | ""ic_flag_falkland_islands_rounded"" | ""ic_flag_faroe_islands_rounded"" | ""ic_flag_fiji_rounded"" | ""ic_flag_finland_rounded"" | ""ic_flag_france_rounded"" | ""ic_flag_french_polynesia_rounded"" | ""ic_flag_gabon_rounded"" | ""ic_flag_galapagos_islands_rounded"" | ""ic_flag_gambia_rounded"" | ""ic_flag_georgia_rounded"" | ""ic_flag_germany_rounded"" | ""ic_flag_ghana_rounded"" | ""ic_flag_gibraltar_rounded"" | ""ic_flag_globe"" | ""ic_flag_globe_bw"" | ""ic_flag_greece_rounded"" | ""ic_flag_greenland_rounded"" | ""ic_flag_grenada_rounded"" | ""ic_flag_guam_rounded"" | ""ic_flag_guatemala_rounded"" | ""ic_flag_guernsey_rounded"" | ""ic_flag_guinea_bissau_rounded"" | ""ic_flag_guinea_rounded"" | ""ic_flag_guyana_rounded"" | ""ic_flag_haiti_rounded"" | ""ic_flag_hawaii_rounded"" | ""ic_flag_honduras_rounded"" | ""ic_flag_hong_kong_rounded"" | ""ic_flag_hungary_rounded"" | ""ic_flag_iceland_rounded"" | ""ic_flag_india_rounded"" | ""ic_flag_indonesia_rounded"" | ""ic_flag_iran_rounded"" | ""ic_flag_iraq_rounded"" | ""ic_flag_ireland_rounded"" | ""ic_flag_isle_of_man_rounded"" | ""ic_flag_israel_rounded"" | ""ic_flag_italy_rounded"" | ""ic_flag_ivory_coast_rounded"" | ""ic_flag_jamaica_rounded"" | ""ic_flag_japan_rounded"" | ""ic_flag_jersey_rounded"" | ""ic_flag_jordan_rounded"" | ""ic_flag_kazakhstan_rounded"" | ""ic_flag_kenya_rounded"" | ""ic_flag_kiribati_rounded"" | ""ic_flag_kosovo_rounded"" | ""ic_flag_kuwait_rounded"" | ""ic_flag_kyrgyzstan_rounded"" | ""ic_flag_laos_rounded"" | ""ic_flag_latvia_rounded"" | ""ic_flag_lebanon_rounded"" | ""ic_flag_lesotho_rounded"" | ""ic_flag_liberia_rounded"" | ""ic_flag_libya_rounded"" | ""ic_flag_liechtenstein_rounded"" | ""ic_flag_lithuania_rounded"" | ""ic_flag_luxembourg_rounded"" | ""ic_flag_macao_rounded"" | ""ic_flag_madagascar_rounded"" | ""ic_flag_madeira_rounded"" | ""ic_flag_malawi_rounded"" | ""ic_flag_malaysia_rounded"" | ""ic_flag_maldives_rounded"" | ""ic_flag_mali_rounded"" | ""ic_flag_malta_rounded"" | ""ic_flag_marshall_island_rounded"" | ""ic_flag_martinique_rounded"" | ""ic_flag_mauritania_rounded"" | ""ic_flag_mauritius_rounded"" | ""ic_flag_melilla_rounded"" | ""ic_flag_mexico_rounded"" | ""ic_flag_micronesia_rounded"" | ""ic_flag_moldova_rounded"" | ""ic_flag_monaco_rounded"" | ""ic_flag_mongolia_rounded"" | ""ic_flag_montenegro_rounded"" | ""ic_flag_montserrat_rounded"" | ""ic_flag_morocco_rounded"" | ""ic_flag_mozambique_rounded"" | ""ic_flag_myanmar_rounded"" | ""ic_flag_namibia_rounded"" | ""ic_flag_nato_rounded"" | ""ic_flag_nauru_rounded"" | ""ic_flag_nepal_rounded"" | ""ic_flag_netherlands_rounded"" | ""ic_flag_new_zealand_rounded"" | ""ic_flag_nicaragua_rounded"" | ""ic_flag_niger_rounded"" | ""ic_flag_nigeria_rounded"" | ""ic_flag_niue_rounded"" | ""ic_flag_norfolk_island_rounded"" | ""ic_flag_north_korea_rounded"" | ""ic_flag_northern_cyprus_rounded"" | ""ic_flag_northern_marianas_islands_rounded"" | ""ic_flag_norway_rounded"" | ""ic_flag_oman_rounded"" | ""ic_flag_orkney_islands_rounded"" | ""ic_flag_ossetia_rounded"" | ""ic_flag_pakistan_rounded"" | ""ic_flag_palau_rounded"" | ""ic_flag_palestine_rounded"" | ""ic_flag_panama_rounded"" | ""ic_flag_papua_new_guinea_rounded"" | ""ic_flag_paraguay_rounded"" | ""ic_flag_peru_rounded"" | ""ic_flag_philippines_rounded"" | ""ic_flag_pitcairn_islands_rounded"" | ""ic_flag_poland_rounded"" | ""ic_flag_portugal_rounded"" | ""ic_flag_puerto_rico_rounded"" | ""ic_flag_qatar_rounded"" | ""ic_flag_rapa_nui_rounded"" | ""ic_flag_republic_of_macedonia_rounded"" | ""ic_flag_republic_of_the_congo_rounded"" | ""ic_flag_romania_rounded"" | ""ic_flag_russia_rounded"" | ""ic_flag_rwanda_rounded"" | ""ic_flag_saba_island_rounded"" | ""ic_flag_sahrawi_arab_democratic_republic_rounded"" | ""ic_flag_saint_kitts_and_nevis_rounded"" | ""ic_flag_samoa_rounded"" | ""ic_flag_san_marino_rounded"" | ""ic_flag_sao_tome_and_prince_rounded"" | ""ic_flag_sardinia_rounded"" | ""ic_flag_saudi_arabia_rounded"" | ""ic_flag_scotland_rounded"" | ""ic_flag_senegal_rounded"" | ""ic_flag_serbia_rounded"" | ""ic_flag_seychelles_rounded"" | ""ic_flag_sierra_leone_rounded"" | ""ic_flag_singapore_rounded"" | ""ic_flag_sint_eustatius_rounded"" | ""ic_flag_sint_maarten_rounded"" | ""ic_flag_slovakia_rounded"" | ""ic_flag_slovenia_rounded"" | ""ic_flag_solomon_islands_rounded"" | ""ic_flag_somalia_rounded"" | ""ic_flag_somaliland_rounded"" | ""ic_flag_south_africa_rounded"" | ""ic_flag_south_korea_rounded"" | ""ic_flag_south_sudan_rounded"" | ""ic_flag_spain"" | ""ic_flag_spain_bw"" | ""ic_flag_spain_rounded"" | ""ic_flag_sri_lanka_rounded"" | ""ic_flag_st_barts_rounded"" | ""ic_flag_st_lucia_rounded"" | ""ic_flag_st_vincent_and_the_grenadines_rounded"" | ""ic_flag_sudan_rounded"" | ""ic_flag_suriname_rounded"" | ""ic_flag_swaziland_rounded"" | ""ic_flag_sweden_rounded"" | ""ic_flag_switzerland_rounded"" | ""ic_flag_syria_rounded"" | ""ic_flag_taiwan_rounded"" | ""ic_flag_tajikistan_rounded"" | ""ic_flag_tanzania_rounded"" | ""ic_flag_thailand_rounded"" | ""ic_flag_tibet_rounded"" | ""ic_flag_togo_rounded"" | ""ic_flag_tokelau_rounded"" | ""ic_flag_tonga_rounded"" | ""ic_flag_transnistria_rounded"" | ""ic_flag_trinidad_and_tobago_rounded"" | ""ic_flag_tunisia_rounded"" | ""ic_flag_turkey_rounded"" | ""ic_flag_turkmenistan_rounded"" | ""ic_flag_turks_and_caicos_rounded"" | ""ic_flag_tuvalu_rounded"" | ""ic_flag_uganda_rounded"" | ""ic_flag_ukraine_rounded"" | ""ic_flag_united_arab_emirates_rounded"" | ""ic_flag_united_kingdom_rounded"" | ""ic_flag_united_nations_rounded"" | ""ic_flag_united_states"" | ""ic_flag_united_states_bw"" | ""ic_flag_united_states_rounded"" | ""ic_flag_uruguay_rounded"" | ""ic_flag_uzbekistán_rounded"" | ""ic_flag_vanuatu_rounded"" | ""ic_flag_vatican_city_rounded"" | ""ic_flag_venezuela_rounded"" | ""ic_flag_vietnam_rounded"" | ""ic_flag_virgin_islands_rounded"" | ""ic_flag_wales_rounded"" | ""ic_flag_yemen_rounded"" | ""ic_flag_zambia_rounded"" | ""ic_flag_zimbabwe_rounded"" | ""ic_flash"" | ""ic_flash_off"" | ""ic_flashlight"" | ""ic_fork_knife"" | ""ic_forward_step"" | ""ic_gas_station"" | ""ic_gift"" | ""ic_gift_money"" | ""ic_globe"" | ""ic_globe_trending_up"" | ""ic_google_play"" | ""ic_graduation_cap"" | ""ic_hamburguer"" | ""ic_hand_coin"" | ""ic_hand_config"" | ""ic_hand_house"" | ""ic_hand_money"" | ""ic_hand_user"" | ""ic_handshake"" | ""ic_heart"" | ""ic_heart_ecg"" | ""ic_heart_fill"" | ""ic_help_circle"" | ""ic_help_circle_fill"" | ""ic_high_heels"" | ""ic_history"" | ""ic_house"" | ""ic_house_check"" | ""ic_house_fill"" | ""ic_house_filled"" | ""ic_house_half"" | ""ic_house_moving"" | ""ic_house_trending_up"" | ""ic_i_safe"" | ""ic_image"" | ""ic_image_arrow_up"" | ""ic_image_error"" | ""ic_images"" | ""ic_info_circle"" | ""ic_info_circle_fill"" | ""ic_instagram"" | ""ic_inter"" | ""ic_inter_loop"" | ""ic_investment_filled"" | ""ic_key"" | ""ic_last_page"" | ""ic_lightbulb_off"" | ""ic_lightbulb_on"" | ""ic_link"" | ""ic_link_money"" | ""ic_linkedin"" | ""ic_list"" | ""ic_loading"" | ""ic_location"" | ""ic_location_map"" | ""ic_luggage"" | ""ic_mask_carnival"" | ""ic_mask_comedy"" | ""ic_medal_p_letter"" | ""ic_medal_q_letter"" | ""ic_medical_shield"" | ""ic_medical_square"" | ""ic_menu"" | ""ic_menu_filled"" | ""ic_message_ellipsis"" | ""ic_message_ellipsis_fill"" | ""ic_messages"" | ""ic_messages_fill"" | ""ic_messages_filled"" | ""ic_mic"" | ""ic_money_check"" | ""ic_money_check_arrow_down"" | ""ic_money_check_back"" | ""ic_money_check_check"" | ""ic_money_check_ellipsis"" | ""ic_money_check_error"" | ""ic_money_check_location"" | ""ic_money_check_pointer"" | ""ic_money_check_refresh"" | ""ic_money_frame"" | ""ic_moon"" | ""ic_motorcycle"" | ""ic_motorcycle_delivery"" | ""ic_muscle"" | ""ic_music_note"" | ""ic_nurse"" | ""ic_open_finance"" | ""ic_open_new"" | ""ic_orange"" | ""ic_orange_fill"" | ""ic_padlock"" | ""ic_padlock_open"" | ""ic_paint_roller"" | ""ic_paint_roller_fill"" | ""ic_paper_money"" | ""ic_paper_trending_up"" | ""ic_parking"" | ""ic_parking_short_term"" | ""ic_pause_circle"" | ""ic_paw"" | ""ic_payment_alelo"" | ""ic_payment_amazon"" | ""ic_payment_amex"" | ""ic_payment_apple_pay"" | ""ic_payment_diners_club"" | ""ic_payment_discover"" | ""ic_payment_elo"" | ""ic_payment_google_pay"" | ""ic_payment_hipercard"" | ""ic_payment_jcb"" | ""ic_payment_mastercard"" | ""ic_payment_paypal"" | ""ic_payment_plaid"" | ""ic_payment_pluxee"" | ""ic_payment_ticket"" | ""ic_payment_visa"" | ""ic_payment_vr"" | ""ic_phone"" | ""ic_phone_ring"" | ""ic_phone_rotary"" | ""ic_photo"" | ""ic_photo_off"" | ""ic_piggy_arrow_up"" | ""ic_piggy_bank"" | ""ic_piggy_money"" | ""ic_pill"" | ""ic_pillar"" | ""ic_pix"" | ""ic_plane_arrival"" | ""ic_plane_departure"" | ""ic_play"" | ""ic_play_fill"" | ""ic_play_frame"" | ""ic_plug"" | ""ic_printer"" | ""ic_purse"" | ""ic_qr_code"" | ""ic_qr_code_padlock"" | ""ic_receipt"" | ""ic_receipt_notification"" | ""ic_refrigerator"" | ""ic_remove"" | ""ic_remove_circle"" | ""ic_reply"" | ""ic_ring"" | ""ic_robot"" | ""ic_rocket"" | ""ic_rotate"" | ""ic_rotate_add"" | ""ic_rotate_check"" | ""ic_rotate_money"" | ""ic_rotate_right"" | ""ic_rotate_strokes_money"" | ""ic_scissors"" | ""ic_score"" | ""ic_search"" | ""ic_search_error"" | ""ic_search_sparkle"" | ""ic_seedling"" | ""ic_send"" | ""ic_share"" | ""ic_ship_front"" | ""ic_shirt"" | ""ic_shopping_bag"" | ""ic_shopping_bag_filled"" | ""ic_shopping_basket"" | ""ic_shopping_cart"" | ""ic_shopping_cart_add"" | ""ic_shopping_cart_arrow_down"" | ""ic_shopping_cart_auto"" | ""ic_shopping_cart_bars"" | ""ic_shopping_cart_error"" | ""ic_shopping_cart_fill"" | ""ic_shopping_cart_filled"" | ""ic_shuffle"" | ""ic_sign_in"" | ""ic_sign_out"" | ""ic_sim_card"" | ""ic_sliders"" | ""ic_smartphone"" | ""ic_smartphone_money"" | ""ic_smartphone_wifi"" | ""ic_sneakers"" | ""ic_soccer_ball"" | ""ic_sort"" | ""ic_sort_down"" | ""ic_sort_up"" | ""ic_sparkle"" | ""ic_spotify"" | ""ic_spray_bottle"" | ""ic_star"" | ""ic_star_fill"" | ""ic_star_half"" | ""ic_stethoscope"" | ""ic_stopwatch"" | ""ic_store"" | ""ic_store_shield"" | ""ic_stove"" | ""ic_subway_front"" | ""ic_suitcase"" | ""ic_sun"" | ""ic_swap_dots"" | ""ic_swap_vertical"" | ""ic_tag"" | ""ic_target"" | ""ic_team_viewer_error"" | ""ic_telegram"" | ""ic_thumb_down"" | ""ic_thumb_down_fill"" | ""ic_thumb_up"" | ""ic_thumb_up_fill"" | ""ic_ticket"" | ""ic_ticket_vertical"" | ""ic_tiktok"" | ""ic_toilet"" | ""ic_tooth"" | ""ic_tower_control"" | ""ic_trash"" | ""ic_trending_up"" | ""ic_trending_up_fill"" | ""ic_truck"" | ""ic_truck_speed"" | ""ic_twitter_x"" | ""ic_umbrella"" | ""ic_umbrella_beach"" | ""ic_unfold_less"" | ""ic_unfold_more"" | ""ic_upstairs"" | ""ic_user"" | ""ic_user_help"" | ""ic_user_money"" | ""ic_user_refresh"" | ""ic_users"" | ""ic_vault"" | ""ic_video"" | ""ic_video_game"" | ""ic_volume"" | ""ic_volume_off"" | ""ic_wallet"" | ""ic_wallet_money"" | ""ic_warning_circle"" | ""ic_warning_circle_fill"" | ""ic_washing_machine"" | ""ic_water_drop"" | ""ic_water_ladder"" | ""ic_wave_form"" | ""ic_whatsapp"" | ""ic_wheelbarrow"" | ""ic_withdraw"" | ""ic_youtube"" | undefined",Campo editorial,p6c656164696e6749636f6e,components/Molecules/Chip/Chip.d.ts
Chip,ds-chip,trailingIcon,"""ic_accessibility"" | ""ic_add"" | ""ic_alarm"" | ""ic_alarm_add"" | ""ic_alarm_check"" | ""ic_alarm_off"" | ""ic_alternate_email"" | ""ic_alternate_email_fill"" | ""ic_android"" | ""ic_apple"" | ""ic_apple_inc"" | ""ic_apps"" | ""ic_apps_fill"" | ""ic_armchair"" | ""ic_arrow_down"" | ""ic_arrow_down_left"" | ""ic_arrow_down_right"" | ""ic_arrow_download"" | ""ic_arrow_download_error"" | ""ic_arrow_left"" | ""ic_arrow_right"" | ""ic_arrow_up"" | ""ic_arrow_upload"" | ""ic_asterisks"" | ""ic_attachment"" | ""ic_babi_avatar"" | ""ic_babi_avatar_bw"" | ""ic_baby"" | ""ic_backpack"" | ""ic_backward_step"" | ""ic_badge_check"" | ""ic_badge_check_fill"" | ""ic_badge_star"" | ""ic_bandage"" | ""ic_bank"" | ""ic_bank_transfer"" | ""ic_barbecue"" | ""ic_barcode"" | ""ic_barn"" | ""ic_bars_money"" | ""ic_bars_search"" | ""ic_bathtub"" | ""ic_beach_ball"" | ""ic_bed"" | ""ic_beer"" | ""ic_bell"" | ""ic_bell_concierge"" | ""ic_bell_notification"" | ""ic_bell_ring"" | ""ic_bicycle"" | ""ic_bitcoin"" | ""ic_book_flip"" | ""ic_book_open"" | ""ic_bowl_spoon"" | ""ic_box"" | ""ic_box_add"" | ""ic_box_arrow_down"" | ""ic_box_arrow_up"" | ""ic_box_fill"" | ""ic_box_off"" | ""ic_boxes"" | ""ic_brain"" | ""ic_briefcase"" | ""ic_building"" | ""ic_bus_front"" | ""ic_cake"" | ""ic_calculator"" | ""ic_calendar"" | ""ic_calendar_clock"" | ""ic_calendar_money"" | ""ic_car"" | ""ic_car_front"" | ""ic_car_tag"" | ""ic_card_machine"" | ""ic_cashback"" | ""ic_cat"" | ""ic_celebration"" | ""ic_chart_bar"" | ""ic_chart_bar_filled"" | ""ic_chart_pie"" | ""ic_check"" | ""ic_check_circle"" | ""ic_check_circle_fill"" | ""ic_checklist"" | ""ic_chef_hat"" | ""ic_chevron_down"" | ""ic_chevron_left"" | ""ic_chevron_right"" | ""ic_chevron_up"" | ""ic_chocolate"" | ""ic_circle_error_check"" | ""ic_circle_off"" | ""ic_city_hall"" | ""ic_clapper"" | ""ic_clipboard"" | ""ic_clipboard_apple"" | ""ic_clock"" | ""ic_close"" | ""ic_close_circle"" | ""ic_close_circle_fill"" | ""ic_cocktail"" | ""ic_code"" | ""ic_coffee"" | ""ic_coin"" | ""ic_coin_add"" | ""ic_coin_arrow_down_in"" | ""ic_coin_arrow_up_in"" | ""ic_coin_arrow_up_out"" | ""ic_coin_chart"" | ""ic_coin_check"" | ""ic_coin_ellipsis"" | ""ic_coin_off"" | ""ic_coin_remove"" | ""ic_coin_shield"" | ""ic_coin_thirteen"" | ""ic_comment"" | ""ic_comments"" | ""ic_compass"" | ""ic_compass_off"" | ""ic_compress"" | ""ic_config"" | ""ic_contactless"" | ""ic_contract"" | ""ic_contract_arrow_down"" | ""ic_contract_arrow_up"" | ""ic_contract_blank"" | ""ic_contract_check"" | ""ic_contract_error"" | ""ic_contract_money"" | ""ic_contract_pix"" | ""ic_contract_refresh"" | ""ic_copy"" | ""ic_coupon"" | ""ic_credit_card"" | ""ic_credit_card_add"" | ""ic_credit_card_house"" | ""ic_credit_card_nfc"" | ""ic_credit_card_pix"" | ""ic_credit_card_shield"" | ""ic_crosshairs"" | ""ic_currency_exchange"" | ""ic_desktop"" | ""ic_desktop_user"" | ""ic_desktop_wifi"" | ""ic_dialpad"" | ""ic_dining_table"" | ""ic_discord"" | ""ic_document"" | ""ic_document_blank"" | ""ic_document_blank_fill"" | ""ic_dog"" | ""ic_dolly"" | ""ic_door_tag"" | ""ic_doorlock"" | ""ic_downstairs"" | ""ic_drag_handle"" | ""ic_driver_helmet"" | ""ic_ear_listen"" | ""ic_easter_egg"" | ""ic_edit"" | ""ic_ellipsis"" | ""ic_ellipsis_vertical"" | ""ic_envelope"" | ""ic_escalator_arrow_down"" | ""ic_escalator_arrow_up"" | ""ic_euro"" | ""ic_expand"" | ""ic_expand_arrow"" | ""ic_eye_closed"" | ""ic_eye_open"" | ""ic_face_id"" | ""ic_facebook"" | ""ic_file_csv"" | ""ic_file_exp"" | ""ic_file_ofx"" | ""ic_file_pdf"" | ""ic_file_txt"" | ""ic_film"" | ""ic_filter"" | ""ic_fingerprint"" | ""ic_first_page"" | ""ic_flag_abkhazia_rounded"" | ""ic_flag_afghanistan_rounded"" | ""ic_flag_aland_islands_rounded"" | ""ic_flag_albania_rounded"" | ""ic_flag_algeria_rounded"" | ""ic_flag_american_samoa_rounded"" | ""ic_flag_andorra_rounded"" | ""ic_flag_angola_rounded"" | ""ic_flag_anguilla_rounded"" | ""ic_flag_antigua_and_barbuda_rounded"" | ""ic_flag_argentina"" | ""ic_flag_argentina_bw"" | ""ic_flag_argentina_rounded"" | ""ic_flag_armenia_rounded"" | ""ic_flag_aruba_rounded"" | ""ic_flag_australia_rounded"" | ""ic_flag_austria_rounded"" | ""ic_flag_azerbaijan_rounded"" | ""ic_flag_azores_islands_rounded"" | ""ic_flag_bahamas_rounded"" | ""ic_flag_bahrain_rounded"" | ""ic_flag_balearic_islands_rounded"" | ""ic_flag_bangladesh_rounded"" | ""ic_flag_barbados_rounded"" | ""ic_flag_basque_country_rounded"" | ""ic_flag_belarus_rounded"" | ""ic_flag_belgium_rounded"" | ""ic_flag_belize_rounded"" | ""ic_flag_benin_rounded"" | ""ic_flag_bermuda_rounded"" | ""ic_flag_bhutan_rounded"" | ""ic_flag_bolivia_rounded"" | ""ic_flag_bonaire_rounded"" | ""ic_flag_bosnia_and_herzegovina_rounded"" | ""ic_flag_botswana_rounded"" | ""ic_flag_brazil"" | ""ic_flag_brazil_bw"" | ""ic_flag_brazil_rounded"" | ""ic_flag_british_columbia_rounded"" | ""ic_flag_british_indian_ocean_territory_rounded"" | ""ic_flag_british_virgin_islands_rounded"" | ""ic_flag_brunei_rounded"" | ""ic_flag_bulgaria_rounded"" | ""ic_flag_burkina_faso_rounded"" | ""ic_flag_burundi_rounded"" | ""ic_flag_cambodia_rounded"" | ""ic_flag_cameroon_rounded"" | ""ic_flag_canada_rounded"" | ""ic_flag_canary_islands_rounded"" | ""ic_flag_cape_verde_rounded"" | ""ic_flag_cayman_islands"" | ""ic_flag_cayman_islands_bw"" | ""ic_flag_cayman_islands_rounded"" | ""ic_flag_central_african_republic_rounded"" | ""ic_flag_ceuta_rounded"" | ""ic_flag_chad_rounded"" | ""ic_flag_chile_rounded"" | ""ic_flag_china_rounded"" | ""ic_flag_cocos_island_rounded"" | ""ic_flag_colombia_rounded"" | ""ic_flag_comoros_rounded"" | ""ic_flag_cook_islands_rounded"" | ""ic_flag_corsica_rounded"" | ""ic_flag_costa_rica_rounded"" | ""ic_flag_croatia_rounded"" | ""ic_flag_cuba_rounded"" | ""ic_flag_curacao_rounded"" | ""ic_flag_cyprus_rounded"" | ""ic_flag_czech_republic_rounded"" | ""ic_flag_democratic_republic_of_congo_rounded"" | ""ic_flag_denmark_rounded"" | ""ic_flag_djibouti_rounded"" | ""ic_flag_dominica_rounded"" | ""ic_flag_dominican_republic_rounded"" | ""ic_flag_east_timor_rounded"" | ""ic_flag_ecuador_rounded"" | ""ic_flag_egypt_rounded"" | ""ic_flag_el_salvador_rounded"" | ""ic_flag_england_rounded"" | ""ic_flag_equatorial_guinea_rounded"" | ""ic_flag_eritrea_rounded"" | ""ic_flag_estonia_rounded"" | ""ic_flag_ethiopia_rounded"" | ""ic_flag_european_union_rounded"" | ""ic_flag_falkland_islands_rounded"" | ""ic_flag_faroe_islands_rounded"" | ""ic_flag_fiji_rounded"" | ""ic_flag_finland_rounded"" | ""ic_flag_france_rounded"" | ""ic_flag_french_polynesia_rounded"" | ""ic_flag_gabon_rounded"" | ""ic_flag_galapagos_islands_rounded"" | ""ic_flag_gambia_rounded"" | ""ic_flag_georgia_rounded"" | ""ic_flag_germany_rounded"" | ""ic_flag_ghana_rounded"" | ""ic_flag_gibraltar_rounded"" | ""ic_flag_globe"" | ""ic_flag_globe_bw"" | ""ic_flag_greece_rounded"" | ""ic_flag_greenland_rounded"" | ""ic_flag_grenada_rounded"" | ""ic_flag_guam_rounded"" | ""ic_flag_guatemala_rounded"" | ""ic_flag_guernsey_rounded"" | ""ic_flag_guinea_bissau_rounded"" | ""ic_flag_guinea_rounded"" | ""ic_flag_guyana_rounded"" | ""ic_flag_haiti_rounded"" | ""ic_flag_hawaii_rounded"" | ""ic_flag_honduras_rounded"" | ""ic_flag_hong_kong_rounded"" | ""ic_flag_hungary_rounded"" | ""ic_flag_iceland_rounded"" | ""ic_flag_india_rounded"" | ""ic_flag_indonesia_rounded"" | ""ic_flag_iran_rounded"" | ""ic_flag_iraq_rounded"" | ""ic_flag_ireland_rounded"" | ""ic_flag_isle_of_man_rounded"" | ""ic_flag_israel_rounded"" | ""ic_flag_italy_rounded"" | ""ic_flag_ivory_coast_rounded"" | ""ic_flag_jamaica_rounded"" | ""ic_flag_japan_rounded"" | ""ic_flag_jersey_rounded"" | ""ic_flag_jordan_rounded"" | ""ic_flag_kazakhstan_rounded"" | ""ic_flag_kenya_rounded"" | ""ic_flag_kiribati_rounded"" | ""ic_flag_kosovo_rounded"" | ""ic_flag_kuwait_rounded"" | ""ic_flag_kyrgyzstan_rounded"" | ""ic_flag_laos_rounded"" | ""ic_flag_latvia_rounded"" | ""ic_flag_lebanon_rounded"" | ""ic_flag_lesotho_rounded"" | ""ic_flag_liberia_rounded"" | ""ic_flag_libya_rounded"" | ""ic_flag_liechtenstein_rounded"" | ""ic_flag_lithuania_rounded"" | ""ic_flag_luxembourg_rounded"" | ""ic_flag_macao_rounded"" | ""ic_flag_madagascar_rounded"" | ""ic_flag_madeira_rounded"" | ""ic_flag_malawi_rounded"" | ""ic_flag_malaysia_rounded"" | ""ic_flag_maldives_rounded"" | ""ic_flag_mali_rounded"" | ""ic_flag_malta_rounded"" | ""ic_flag_marshall_island_rounded"" | ""ic_flag_martinique_rounded"" | ""ic_flag_mauritania_rounded"" | ""ic_flag_mauritius_rounded"" | ""ic_flag_melilla_rounded"" | ""ic_flag_mexico_rounded"" | ""ic_flag_micronesia_rounded"" | ""ic_flag_moldova_rounded"" | ""ic_flag_monaco_rounded"" | ""ic_flag_mongolia_rounded"" | ""ic_flag_montenegro_rounded"" | ""ic_flag_montserrat_rounded"" | ""ic_flag_morocco_rounded"" | ""ic_flag_mozambique_rounded"" | ""ic_flag_myanmar_rounded"" | ""ic_flag_namibia_rounded"" | ""ic_flag_nato_rounded"" | ""ic_flag_nauru_rounded"" | ""ic_flag_nepal_rounded"" | ""ic_flag_netherlands_rounded"" | ""ic_flag_new_zealand_rounded"" | ""ic_flag_nicaragua_rounded"" | ""ic_flag_niger_rounded"" | ""ic_flag_nigeria_rounded"" | ""ic_flag_niue_rounded"" | ""ic_flag_norfolk_island_rounded"" | ""ic_flag_north_korea_rounded"" | ""ic_flag_northern_cyprus_rounded"" | ""ic_flag_northern_marianas_islands_rounded"" | ""ic_flag_norway_rounded"" | ""ic_flag_oman_rounded"" | ""ic_flag_orkney_islands_rounded"" | ""ic_flag_ossetia_rounded"" | ""ic_flag_pakistan_rounded"" | ""ic_flag_palau_rounded"" | ""ic_flag_palestine_rounded"" | ""ic_flag_panama_rounded"" | ""ic_flag_papua_new_guinea_rounded"" | ""ic_flag_paraguay_rounded"" | ""ic_flag_peru_rounded"" | ""ic_flag_philippines_rounded"" | ""ic_flag_pitcairn_islands_rounded"" | ""ic_flag_poland_rounded"" | ""ic_flag_portugal_rounded"" | ""ic_flag_puerto_rico_rounded"" | ""ic_flag_qatar_rounded"" | ""ic_flag_rapa_nui_rounded"" | ""ic_flag_republic_of_macedonia_rounded"" | ""ic_flag_republic_of_the_congo_rounded"" | ""ic_flag_romania_rounded"" | ""ic_flag_russia_rounded"" | ""ic_flag_rwanda_rounded"" | ""ic_flag_saba_island_rounded"" | ""ic_flag_sahrawi_arab_democratic_republic_rounded"" | ""ic_flag_saint_kitts_and_nevis_rounded"" | ""ic_flag_samoa_rounded"" | ""ic_flag_san_marino_rounded"" | ""ic_flag_sao_tome_and_prince_rounded"" | ""ic_flag_sardinia_rounded"" | ""ic_flag_saudi_arabia_rounded"" | ""ic_flag_scotland_rounded"" | ""ic_flag_senegal_rounded"" | ""ic_flag_serbia_rounded"" | ""ic_flag_seychelles_rounded"" | ""ic_flag_sierra_leone_rounded"" | ""ic_flag_singapore_rounded"" | ""ic_flag_sint_eustatius_rounded"" | ""ic_flag_sint_maarten_rounded"" | ""ic_flag_slovakia_rounded"" | ""ic_flag_slovenia_rounded"" | ""ic_flag_solomon_islands_rounded"" | ""ic_flag_somalia_rounded"" | ""ic_flag_somaliland_rounded"" | ""ic_flag_south_africa_rounded"" | ""ic_flag_south_korea_rounded"" | ""ic_flag_south_sudan_rounded"" | ""ic_flag_spain"" | ""ic_flag_spain_bw"" | ""ic_flag_spain_rounded"" | ""ic_flag_sri_lanka_rounded"" | ""ic_flag_st_barts_rounded"" | ""ic_flag_st_lucia_rounded"" | ""ic_flag_st_vincent_and_the_grenadines_rounded"" | ""ic_flag_sudan_rounded"" | ""ic_flag_suriname_rounded"" | ""ic_flag_swaziland_rounded"" | ""ic_flag_sweden_rounded"" | ""ic_flag_switzerland_rounded"" | ""ic_flag_syria_rounded"" | ""ic_flag_taiwan_rounded"" | ""ic_flag_tajikistan_rounded"" | ""ic_flag_tanzania_rounded"" | ""ic_flag_thailand_rounded"" | ""ic_flag_tibet_rounded"" | ""ic_flag_togo_rounded"" | ""ic_flag_tokelau_rounded"" | ""ic_flag_tonga_rounded"" | ""ic_flag_transnistria_rounded"" | ""ic_flag_trinidad_and_tobago_rounded"" | ""ic_flag_tunisia_rounded"" | ""ic_flag_turkey_rounded"" | ""ic_flag_turkmenistan_rounded"" | ""ic_flag_turks_and_caicos_rounded"" | ""ic_flag_tuvalu_rounded"" | ""ic_flag_uganda_rounded"" | ""ic_flag_ukraine_rounded"" | ""ic_flag_united_arab_emirates_rounded"" | ""ic_flag_united_kingdom_rounded"" | ""ic_flag_united_nations_rounded"" | ""ic_flag_united_states"" | ""ic_flag_united_states_bw"" | ""ic_flag_united_states_rounded"" | ""ic_flag_uruguay_rounded"" | ""ic_flag_uzbekistán_rounded"" | ""ic_flag_vanuatu_rounded"" | ""ic_flag_vatican_city_rounded"" | ""ic_flag_venezuela_rounded"" | ""ic_flag_vietnam_rounded"" | ""ic_flag_virgin_islands_rounded"" | ""ic_flag_wales_rounded"" | ""ic_flag_yemen_rounded"" | ""ic_flag_zambia_rounded"" | ""ic_flag_zimbabwe_rounded"" | ""ic_flash"" | ""ic_flash_off"" | ""ic_flashlight"" | ""ic_fork_knife"" | ""ic_forward_step"" | ""ic_gas_station"" | ""ic_gift"" | ""ic_gift_money"" | ""ic_globe"" | ""ic_globe_trending_up"" | ""ic_google_play"" | ""ic_graduation_cap"" | ""ic_hamburguer"" | ""ic_hand_coin"" | ""ic_hand_config"" | ""ic_hand_house"" | ""ic_hand_money"" | ""ic_hand_user"" | ""ic_handshake"" | ""ic_heart"" | ""ic_heart_ecg"" | ""ic_heart_fill"" | ""ic_help_circle"" | ""ic_help_circle_fill"" | ""ic_high_heels"" | ""ic_history"" | ""ic_house"" | ""ic_house_check"" | ""ic_house_fill"" | ""ic_house_filled"" | ""ic_house_half"" | ""ic_house_moving"" | ""ic_house_trending_up"" | ""ic_i_safe"" | ""ic_image"" | ""ic_image_arrow_up"" | ""ic_image_error"" | ""ic_images"" | ""ic_info_circle"" | ""ic_info_circle_fill"" | ""ic_instagram"" | ""ic_inter"" | ""ic_inter_loop"" | ""ic_investment_filled"" | ""ic_key"" | ""ic_last_page"" | ""ic_lightbulb_off"" | ""ic_lightbulb_on"" | ""ic_link"" | ""ic_link_money"" | ""ic_linkedin"" | ""ic_list"" | ""ic_loading"" | ""ic_location"" | ""ic_location_map"" | ""ic_luggage"" | ""ic_mask_carnival"" | ""ic_mask_comedy"" | ""ic_medal_p_letter"" | ""ic_medal_q_letter"" | ""ic_medical_shield"" | ""ic_medical_square"" | ""ic_menu"" | ""ic_menu_filled"" | ""ic_message_ellipsis"" | ""ic_message_ellipsis_fill"" | ""ic_messages"" | ""ic_messages_fill"" | ""ic_messages_filled"" | ""ic_mic"" | ""ic_money_check"" | ""ic_money_check_arrow_down"" | ""ic_money_check_back"" | ""ic_money_check_check"" | ""ic_money_check_ellipsis"" | ""ic_money_check_error"" | ""ic_money_check_location"" | ""ic_money_check_pointer"" | ""ic_money_check_refresh"" | ""ic_money_frame"" | ""ic_moon"" | ""ic_motorcycle"" | ""ic_motorcycle_delivery"" | ""ic_muscle"" | ""ic_music_note"" | ""ic_nurse"" | ""ic_open_finance"" | ""ic_open_new"" | ""ic_orange"" | ""ic_orange_fill"" | ""ic_padlock"" | ""ic_padlock_open"" | ""ic_paint_roller"" | ""ic_paint_roller_fill"" | ""ic_paper_money"" | ""ic_paper_trending_up"" | ""ic_parking"" | ""ic_parking_short_term"" | ""ic_pause_circle"" | ""ic_paw"" | ""ic_payment_alelo"" | ""ic_payment_amazon"" | ""ic_payment_amex"" | ""ic_payment_apple_pay"" | ""ic_payment_diners_club"" | ""ic_payment_discover"" | ""ic_payment_elo"" | ""ic_payment_google_pay"" | ""ic_payment_hipercard"" | ""ic_payment_jcb"" | ""ic_payment_mastercard"" | ""ic_payment_paypal"" | ""ic_payment_plaid"" | ""ic_payment_pluxee"" | ""ic_payment_ticket"" | ""ic_payment_visa"" | ""ic_payment_vr"" | ""ic_phone"" | ""ic_phone_ring"" | ""ic_phone_rotary"" | ""ic_photo"" | ""ic_photo_off"" | ""ic_piggy_arrow_up"" | ""ic_piggy_bank"" | ""ic_piggy_money"" | ""ic_pill"" | ""ic_pillar"" | ""ic_pix"" | ""ic_plane_arrival"" | ""ic_plane_departure"" | ""ic_play"" | ""ic_play_fill"" | ""ic_play_frame"" | ""ic_plug"" | ""ic_printer"" | ""ic_purse"" | ""ic_qr_code"" | ""ic_qr_code_padlock"" | ""ic_receipt"" | ""ic_receipt_notification"" | ""ic_refrigerator"" | ""ic_remove"" | ""ic_remove_circle"" | ""ic_reply"" | ""ic_ring"" | ""ic_robot"" | ""ic_rocket"" | ""ic_rotate"" | ""ic_rotate_add"" | ""ic_rotate_check"" | ""ic_rotate_money"" | ""ic_rotate_right"" | ""ic_rotate_strokes_money"" | ""ic_scissors"" | ""ic_score"" | ""ic_search"" | ""ic_search_error"" | ""ic_search_sparkle"" | ""ic_seedling"" | ""ic_send"" | ""ic_share"" | ""ic_ship_front"" | ""ic_shirt"" | ""ic_shopping_bag"" | ""ic_shopping_bag_filled"" | ""ic_shopping_basket"" | ""ic_shopping_cart"" | ""ic_shopping_cart_add"" | ""ic_shopping_cart_arrow_down"" | ""ic_shopping_cart_auto"" | ""ic_shopping_cart_bars"" | ""ic_shopping_cart_error"" | ""ic_shopping_cart_fill"" | ""ic_shopping_cart_filled"" | ""ic_shuffle"" | ""ic_sign_in"" | ""ic_sign_out"" | ""ic_sim_card"" | ""ic_sliders"" | ""ic_smartphone"" | ""ic_smartphone_money"" | ""ic_smartphone_wifi"" | ""ic_sneakers"" | ""ic_soccer_ball"" | ""ic_sort"" | ""ic_sort_down"" | ""ic_sort_up"" | ""ic_sparkle"" | ""ic_spotify"" | ""ic_spray_bottle"" | ""ic_star"" | ""ic_star_fill"" | ""ic_star_half"" | ""ic_stethoscope"" | ""ic_stopwatch"" | ""ic_store"" | ""ic_store_shield"" | ""ic_stove"" | ""ic_subway_front"" | ""ic_suitcase"" | ""ic_sun"" | ""ic_swap_dots"" | ""ic_swap_vertical"" | ""ic_tag"" | ""ic_target"" | ""ic_team_viewer_error"" | ""ic_telegram"" | ""ic_thumb_down"" | ""ic_thumb_down_fill"" | ""ic_thumb_up"" | ""ic_thumb_up_fill"" | ""ic_ticket"" | ""ic_ticket_vertical"" | ""ic_tiktok"" | ""ic_toilet"" | ""ic_tooth"" | ""ic_tower_control"" | ""ic_trash"" | ""ic_trending_up"" | ""ic_trending_up_fill"" | ""ic_truck"" | ""ic_truck_speed"" | ""ic_twitter_x"" | ""ic_umbrella"" | ""ic_umbrella_beach"" | ""ic_unfold_less"" | ""ic_unfold_more"" | ""ic_upstairs"" | ""ic_user"" | ""ic_user_help"" | ""ic_user_money"" | ""ic_user_refresh"" | ""ic_users"" | ""ic_vault"" | ""ic_video"" | ""ic_video_game"" | ""ic_volume"" | ""ic_volume_off"" | ""ic_wallet"" | ""ic_wallet_money"" | ""ic_warning_circle"" | ""ic_warning_circle_fill"" | ""ic_washing_machine"" | ""ic_water_drop"" | ""ic_water_ladder"" | ""ic_wave_form"" | ""ic_whatsapp"" | ""ic_wheelbarrow"" | ""ic_withdraw"" | ""ic_youtube"" | undefined",Campo editorial,p747261696c696e6749636f6e,components/Molecules/Chip/Chip.d.ts
Chip,ds-chip,state,"""enabled"" | ""skeleton"" | ""disabled"" | ""loading""",Campo editorial,p7374617465,components/Molecules/Chip/Chip.d.ts
Chip,ds-chip,onTag,((data: TagProps) => void) | undefined,Callback implementado no runtime; evento de integração,,components/Molecules/Chip/Chip.d.ts
Chip,ds-chip,variant,"""default"" | ""flag"" | undefined",Campo editorial,p76617269616e74,components/Molecules/Chip/Chip.d.ts
Chip,ds-chip,flagIcon,FlagName | undefined,Campo editorial,p666c616749636f6e,components/Molecules/Chip/Chip.d.ts
ChartBar,ds-chart-bar,state,ChartBarState | undefined,Campo editorial,p7374617465,components/Atoms/Charts/ChartBar/ChartBar.d.ts
ChartBar,ds-chart-bar,orientation,ChartBarOrientation | undefined,Campo editorial,p6f7269656e746174696f6e,components/Atoms/Charts/ChartBar/ChartBar.d.ts
ChartBar,ds-chart-bar,categories,string[],Campo editorial / estrutura JSON,p63617465676f72696573,components/Atoms/Charts/ChartBar/ChartBar.d.ts
ChartBar,ds-chart-bar,values,number[],Campo editorial / estrutura JSON,p76616c756573,components/Atoms/Charts/ChartBar/ChartBar.d.ts
ChartBar,ds-chart-bar,valueLabels,string[] | undefined,Campo editorial / estrutura JSON,p76616c75654c6162656c73,components/Atoms/Charts/ChartBar/ChartBar.d.ts
ChartBar,ds-chart-bar,xLabelInterval,number | undefined,Campo editorial,p784c6162656c496e74657276616c,components/Atoms/Charts/ChartBar/ChartBar.d.ts
ChartBar,ds-chart-bar,yLabelInterval,number | undefined,Campo editorial,p794c6162656c496e74657276616c,components/Atoms/Charts/ChartBar/ChartBar.d.ts
ChartBar,ds-chart-bar,yAxisPosition,ChartBarYAxisPosition | undefined,Campo editorial,p7941786973506f736974696f6e,components/Atoms/Charts/ChartBar/ChartBar.d.ts
ChartBar,ds-chart-bar,threshold,number | undefined,Campo editorial,p7468726573686f6c64,components/Atoms/Charts/ChartBar/ChartBar.d.ts
ChartBar,ds-chart-bar,chartWidth,number | undefined,Campo editorial,p63686172745769647468,components/Atoms/Charts/ChartBar/ChartBar.d.ts
ChartBar,ds-chart-bar,chartHeight,number | undefined,Campo editorial,p6368617274486569676874,components/Atoms/Charts/ChartBar/ChartBar.d.ts
ChartBar,ds-chart-bar,shouldFillHeight,boolean | undefined,Campo editorial,p73686f756c6446696c6c486569676874,components/Atoms/Charts/ChartBar/ChartBar.d.ts
ChartBar,ds-chart-bar,valueBuilder,ValueBuilder | undefined,Campo editorial / subpropriedades,"p76616c75654275696c6465722e707265666978, p76616c75654275696c6465722e737566666978, p76616c75654275696c6465722e646563696d616c73",components/Atoms/Charts/ChartBar/ChartBar.d.ts
ChartBar,ds-chart-bar,isSensitiveText,boolean | undefined,Campo editorial,p697353656e73697469766554657874,components/Atoms/Charts/ChartBar/ChartBar.d.ts
ChartBar,ds-chart-bar,forceColor,string[] | undefined,Campo editorial / estrutura JSON,p666f726365436f6c6f72,components/Atoms/Charts/ChartBar/ChartBar.d.ts
ChartBar,ds-chart-bar,palette,ChartPalette | undefined,Campo editorial,p70616c65747465,components/Atoms/Charts/ChartBar/ChartBar.d.ts
ChartBar,ds-chart-bar,ariaLabel,string | undefined,Campo editorial,p617269614c6162656c,components/Atoms/Charts/ChartBar/ChartBar.d.ts
ChartBar,ds-chart-bar,onHighlightChange,((highlight: ChartBarHighlight | null) => void) | undefined,Callback implementado no runtime; evento de integração,,components/Atoms/Charts/ChartBar/ChartBar.d.ts
ChartBar,ds-chart-bar,onTag,((data: TagProps) => void) | undefined,Callback implementado no runtime; evento de integração,,components/Atoms/Charts/ChartBar/ChartBar.d.ts
ChartBar,ds-chart-bar,showXAxis,boolean | undefined,Campo editorial,p73686f775841786973,components/Atoms/Charts/ChartBar/ChartBar.d.ts
ChartBar,ds-chart-bar,showYAxis,boolean | undefined,Campo editorial,p73686f775941786973,components/Atoms/Charts/ChartBar/ChartBar.d.ts
ChartBar,ds-chart-bar,showGridLines,boolean | undefined,Campo editorial,p73686f77477269644c696e6573,components/Atoms/Charts/ChartBar/ChartBar.d.ts
ChartBar,ds-chart-bar,showLegend,boolean | undefined,Campo editorial,p73686f774c6567656e64,components/Atoms/Charts/ChartBar/ChartBar.d.ts
ChartBar,ds-chart-bar,showTooltip,boolean | undefined,Campo editorial,p73686f77546f6f6c746970,components/Atoms/Charts/ChartBar/ChartBar.d.ts
ChartBar,ds-chart-bar,isSelectionSticky,boolean | undefined,Campo editorial,p697353656c656374696f6e537469636b79,components/Atoms/Charts/ChartBar/ChartBar.d.ts
ChartBar,ds-chart-bar,size,"""small"" | ""large"" | undefined",Campo editorial,p73697a65,components/Atoms/Charts/ChartBar/ChartBar.d.ts
ChartDonut,ds-chart-donut,slice,number[],Campo editorial / estrutura JSON,p736c696365,components/Atoms/Charts/ChartDonut/ChartDonut.d.ts
ChartDonut,ds-chart-donut,label,string[] | undefined,Campo editorial / estrutura JSON,p6c6162656c,components/Atoms/Charts/ChartDonut/ChartDonut.d.ts
ChartDonut,ds-chart-donut,value,(string | number)[] | undefined,Campo editorial / estrutura JSON,p76616c7565,components/Atoms/Charts/ChartDonut/ChartDonut.d.ts
ChartDonut,ds-chart-donut,isLoading,boolean | undefined,Campo editorial,p69734c6f6164696e67,components/Atoms/Charts/ChartDonut/ChartDonut.d.ts
ChartDonut,ds-chart-donut,state,ChartDonutState | undefined,Campo editorial,p7374617465,components/Atoms/Charts/ChartDonut/ChartDonut.d.ts
ChartDonut,ds-chart-donut,size,ChartDonutSize | undefined,Campo editorial,p73697a65,components/Atoms/Charts/ChartDonut/ChartDonut.d.ts
ChartDonut,ds-chart-donut,showDefaultLegend,boolean | undefined,Campo editorial,p73686f7744656661756c744c6567656e64,components/Atoms/Charts/ChartDonut/ChartDonut.d.ts
ChartDonut,ds-chart-donut,legendOrientation,LegendOrientation | undefined,Campo editorial,p6c6567656e644f7269656e746174696f6e,components/Atoms/Charts/ChartDonut/ChartDonut.d.ts
ChartDonut,ds-chart-donut,valueBuilder,ValueBuilder | undefined,Campo editorial / subpropriedades,"p76616c75654275696c6465722e707265666978, p76616c75654275696c6465722e737566666978, p76616c75654275696c6465722e646563696d616c73",components/Atoms/Charts/ChartDonut/ChartDonut.d.ts
ChartDonut,ds-chart-donut,isSensitiveText,boolean | undefined,Campo editorial,p697353656e73697469766554657874,components/Atoms/Charts/ChartDonut/ChartDonut.d.ts
ChartDonut,ds-chart-donut,forceColor,string[] | undefined,Campo editorial / estrutura JSON,p666f726365436f6c6f72,components/Atoms/Charts/ChartDonut/ChartDonut.d.ts
ChartDonut,ds-chart-donut,forceIndex,(number | undefined)[] | undefined,Campo editorial / estrutura JSON,p666f726365496e646578,components/Atoms/Charts/ChartDonut/ChartDonut.d.ts
ChartDonut,ds-chart-donut,othersColor,ChartColor | undefined,Campo editorial,p6f7468657273436f6c6f72,components/Atoms/Charts/ChartDonut/ChartDonut.d.ts
ChartDonut,ds-chart-donut,palette,ChartPalette | undefined,Campo editorial,p70616c65747465,components/Atoms/Charts/ChartDonut/ChartDonut.d.ts
ChartDonut,ds-chart-donut,totalLabel,string | undefined,Campo editorial,p746f74616c4c6162656c,components/Atoms/Charts/ChartDonut/ChartDonut.d.ts
ChartDonut,ds-chart-donut,totalValue,string | number | undefined,Campo editorial,p746f74616c56616c7565,components/Atoms/Charts/ChartDonut/ChartDonut.d.ts
ChartDonut,ds-chart-donut,onTag,((data: TagProps) => void) | undefined,Callback implementado no runtime; evento de integração,,components/Atoms/Charts/ChartDonut/ChartDonut.d.ts
ChartLine,ds-chart-line,state,ChartLineState | undefined,Campo editorial,p7374617465,components/Atoms/Charts/ChartLine/ChartLine.d.ts
ChartLine,ds-chart-line,series,ChartLineSeries[],"Itens filhos: adicionar, remover e reordenar","p6c6162656c, p76616c756573, p636f6c6f72",components/Atoms/Charts/ChartLine/ChartLine.d.ts
ChartLine,ds-chart-line,categories,string[],Campo editorial / estrutura JSON,p63617465676f72696573,components/Atoms/Charts/ChartLine/ChartLine.d.ts
ChartLine,ds-chart-line,yLabels,string[] | undefined,Campo editorial / estrutura JSON,p794c6162656c73,components/Atoms/Charts/ChartLine/ChartLine.d.ts
ChartLine,ds-chart-line,xLabelInterval,number | undefined,Campo editorial,p784c6162656c496e74657276616c,components/Atoms/Charts/ChartLine/ChartLine.d.ts
ChartLine,ds-chart-line,yLabelInterval,number | undefined,Campo editorial,p794c6162656c496e74657276616c,components/Atoms/Charts/ChartLine/ChartLine.d.ts
ChartLine,ds-chart-line,yAxisPosition,ChartLineYAxisPosition | undefined,Campo editorial,p7941786973506f736974696f6e,components/Atoms/Charts/ChartLine/ChartLine.d.ts
ChartLine,ds-chart-line,threshold,number | undefined,Campo editorial,p7468726573686f6c64,components/Atoms/Charts/ChartLine/ChartLine.d.ts
ChartLine,ds-chart-line,chartWidth,number | undefined,Campo editorial,p63686172745769647468,components/Atoms/Charts/ChartLine/ChartLine.d.ts
ChartLine,ds-chart-line,chartHeight,number | undefined,Campo editorial,p6368617274486569676874,components/Atoms/Charts/ChartLine/ChartLine.d.ts
ChartLine,ds-chart-line,shouldFillHeight,boolean | undefined,Campo editorial,p73686f756c6446696c6c486569676874,components/Atoms/Charts/ChartLine/ChartLine.d.ts
ChartLine,ds-chart-line,valueBuilder,ValueBuilder | undefined,Campo editorial / subpropriedades,"p76616c75654275696c6465722e707265666978, p76616c75654275696c6465722e737566666978, p76616c75654275696c6465722e646563696d616c73",components/Atoms/Charts/ChartLine/ChartLine.d.ts
ChartLine,ds-chart-line,isSensitiveText,boolean | undefined,Campo editorial,p697353656e73697469766554657874,components/Atoms/Charts/ChartLine/ChartLine.d.ts
ChartLine,ds-chart-line,forceColor,string[] | undefined,Campo editorial / estrutura JSON,p666f726365436f6c6f72,components/Atoms/Charts/ChartLine/ChartLine.d.ts
ChartLine,ds-chart-line,palette,ChartPalette | undefined,Campo editorial,p70616c65747465,components/Atoms/Charts/ChartLine/ChartLine.d.ts
ChartLine,ds-chart-line,ariaLabel,string | undefined,Campo editorial,p617269614c6162656c,components/Atoms/Charts/ChartLine/ChartLine.d.ts
ChartLine,ds-chart-line,onHighlightChange,((highlight: ChartLineHighlight | null) => void) | undefined,Callback implementado no runtime; evento de integração,,components/Atoms/Charts/ChartLine/ChartLine.d.ts
ChartLine,ds-chart-line,onTag,((data: TagProps) => void) | undefined,Callback implementado no runtime; evento de integração,,components/Atoms/Charts/ChartLine/ChartLine.d.ts
ChartLine,ds-chart-line,showDots,boolean | undefined,Campo editorial,p73686f77446f7473,components/Atoms/Charts/ChartLine/ChartLine.d.ts
ChartLine,ds-chart-line,showXAxis,boolean | undefined,Campo editorial,p73686f775841786973,components/Atoms/Charts/ChartLine/ChartLine.d.ts
ChartLine,ds-chart-line,showYAxis,boolean | undefined,Campo editorial,p73686f775941786973,components/Atoms/Charts/ChartLine/ChartLine.d.ts
ChartLine,ds-chart-line,showGridLines,boolean | undefined,Campo editorial,p73686f77477269644c696e6573,components/Atoms/Charts/ChartLine/ChartLine.d.ts
ChartLine,ds-chart-line,showLegend,boolean | undefined,Campo editorial,p73686f774c6567656e64,components/Atoms/Charts/ChartLine/ChartLine.d.ts
ChartLine,ds-chart-line,showTooltip,boolean | undefined,Campo editorial,p73686f77546f6f6c746970,components/Atoms/Charts/ChartLine/ChartLine.d.ts
ChartLine,ds-chart-line,isSelectionSticky,boolean | undefined,Campo editorial,p697353656c656374696f6e537469636b79,components/Atoms/Charts/ChartLine/ChartLine.d.ts
ChartLine,ds-chart-line,size,"""small"" | ""large"" | undefined",Campo editorial,p73697a65,components/Atoms/Charts/ChartLine/ChartLine.d.ts
ChartMeter,ds-chart-meter,state,ChartMeterState | undefined,Campo editorial,p7374617465,components/Atoms/Charts/ChartMeter/ChartMeter.d.ts
ChartMeter,ds-chart-meter,title,string | undefined,Campo editorial,p7469746c65,components/Atoms/Charts/ChartMeter/ChartMeter.d.ts
ChartMeter,ds-chart-meter,bars,number[],Campo editorial / estrutura JSON,p62617273,components/Atoms/Charts/ChartMeter/ChartMeter.d.ts
ChartMeter,ds-chart-meter,total,number | undefined,Campo editorial,p746f74616c,components/Atoms/Charts/ChartMeter/ChartMeter.d.ts
ChartMeter,ds-chart-meter,leadingValue,string | number | undefined,Campo editorial,p6c656164696e6756616c7565,components/Atoms/Charts/ChartMeter/ChartMeter.d.ts
ChartMeter,ds-chart-meter,leadingLabel,string | undefined,Campo editorial,p6c656164696e674c6162656c,components/Atoms/Charts/ChartMeter/ChartMeter.d.ts
ChartMeter,ds-chart-meter,trailingValue,string | number | undefined,Campo editorial,p747261696c696e6756616c7565,components/Atoms/Charts/ChartMeter/ChartMeter.d.ts
ChartMeter,ds-chart-meter,trailingLabel,string | undefined,Campo editorial,p747261696c696e674c6162656c,components/Atoms/Charts/ChartMeter/ChartMeter.d.ts
ChartMeter,ds-chart-meter,legend,string[],Campo editorial / estrutura JSON,p6c6567656e64,components/Atoms/Charts/ChartMeter/ChartMeter.d.ts
ChartMeter,ds-chart-meter,value,number[] | undefined,Campo editorial / estrutura JSON,p76616c7565,components/Atoms/Charts/ChartMeter/ChartMeter.d.ts
ChartMeter,ds-chart-meter,valueBuilder,ValueBuilder | undefined,Campo editorial / subpropriedades,"p76616c75654275696c6465722e707265666978, p76616c75654275696c6465722e737566666978, p76616c75654275696c6465722e646563696d616c73",components/Atoms/Charts/ChartMeter/ChartMeter.d.ts
ChartMeter,ds-chart-meter,isSensitiveText,boolean | undefined,Campo editorial,p697353656e73697469766554657874,components/Atoms/Charts/ChartMeter/ChartMeter.d.ts
ChartMeter,ds-chart-meter,forceColor,string[] | undefined,Campo editorial / estrutura JSON,p666f726365436f6c6f72,components/Atoms/Charts/ChartMeter/ChartMeter.d.ts
ChartMeter,ds-chart-meter,othersColor,ChartColor | undefined,Campo editorial,p6f7468657273436f6c6f72,components/Atoms/Charts/ChartMeter/ChartMeter.d.ts
ChartMeter,ds-chart-meter,palette,ChartPalette | undefined,Campo editorial,p70616c65747465,components/Atoms/Charts/ChartMeter/ChartMeter.d.ts
Counter,ds-counter,count,number,Campo editorial,p636f756e74,components/Atoms/Counter/Counter.d.ts
Counter,ds-counter,maxLength,number,Campo editorial,p6d61784c656e677468,components/Atoms/Counter/Counter.d.ts
CrossSelling,ds-cross-selling,description,string | undefined,Campo editorial,p6465736372697074696f6e,components/Molecules/CrossSelling/CrossSelling.d.ts
CrossSelling,ds-cross-selling,state,"""enabled"" | ""skeleton"" | undefined",Campo editorial,p7374617465,components/Molecules/CrossSelling/CrossSelling.d.ts
CrossSelling,ds-cross-selling,subtitle,string,Campo editorial,p7375627469746c65,components/Molecules/CrossSelling/CrossSelling.d.ts
CrossSelling,ds-cross-selling,tag,string | undefined,Campo editorial,p746167,components/Molecules/CrossSelling/CrossSelling.d.ts
CrossSelling,ds-cross-selling,title,string,Campo editorial,p7469746c65,components/Molecules/CrossSelling/CrossSelling.d.ts
CrossSelling,ds-cross-selling,onClick,"((event: MouseEvent<HTMLDivElement, MouseEvent>) => void) | undefined",Callback implementado no runtime; evento de integração,ap6c696e6b2e6f6e436c69636b,components/Molecules/CrossSelling/CrossSelling.d.ts
CrossSelling,ds-cross-selling,onTag,((data: TagProps) => void) | undefined,Callback implementado no runtime; evento de integração,,components/Molecules/CrossSelling/CrossSelling.d.ts
CrossSelling,ds-cross-selling,link,"{ label: string; href: string; onClick?: ((event: MouseEvent<HTMLAnchorElement, MouseEvent>) => void) | undefined; } | undefined",Campo editorial / subpropriedades,"p6c696e6b2e6c6162656c, p6c696e6b2e68726566",components/Molecules/CrossSelling/CrossSelling.d.ts
CrossSelling,ds-cross-selling,variant,"CrossSellingVariant | ""checkbox"" | ""chevron"" | undefined",Campo editorial,p76617269616e74,components/Molecules/CrossSelling/CrossSelling.d.ts
CrossSelling,ds-cross-selling,onCheckboxChange,((isChecked: boolean) => void) | undefined,Callback implementado no runtime; evento de integração,,components/Molecules/CrossSelling/CrossSelling.d.ts
CrossSelling,ds-cross-selling,isChecked,boolean | undefined,Campo editorial,p6973436865636b6564,components/Molecules/CrossSelling/CrossSelling.d.ts
Carousel,ds-carousel,showPreview,boolean | undefined,Campo editorial,p73686f7750726576696577,components/Molecules/Carousel/Carousel.d.ts
Carousel,ds-carousel,pageWidth,number | undefined,Campo editorial,p706167655769647468,components/Molecules/Carousel/Carousel.d.ts
Carousel,ds-carousel,items,ReactNode[],"Itens filhos: adicionar, remover e reordenar",p76616c7565,components/Molecules/Carousel/Carousel.d.ts
Carousel,ds-carousel,variant,string | undefined,Campo editorial,p76617269616e74,components/Molecules/Carousel/Carousel.d.ts
Carousel,ds-carousel,snapToGrid,boolean | undefined,Campo editorial,p736e6170546f47726964,components/Molecules/Carousel/Carousel.d.ts
Carousel,ds-carousel,pageSpacing,number | undefined,Campo editorial,p7061676553706163696e67,components/Molecules/Carousel/Carousel.d.ts
Carousel,ds-carousel,timer,number | undefined,Campo editorial,p74696d6572,components/Molecules/Carousel/Carousel.d.ts
Carousel,ds-carousel,onPageChange,((index: number) => void) | undefined,Callback implementado no runtime; evento de integração,,components/Molecules/Carousel/Carousel.d.ts
DatePicker,ds-date-picker,value,DatePickerValue | undefined,Campo editorial / subpropriedades,"p76616c75652e7374617274, p76616c75652e656e64",components/Molecules/DatePicker/DatePicker.d.ts
DatePicker,ds-date-picker,defaultValue,DatePickerValue | undefined,Campo editorial / subpropriedades,"p64656661756c7456616c75652e7374617274, p64656661756c7456616c75652e656e64",components/Molecules/DatePicker/DatePicker.d.ts
DatePicker,ds-date-picker,onChange,((value: DatePickerValue) => void) | undefined,Callback implementado no runtime; evento de integração,,components/Molecules/DatePicker/DatePicker.d.ts
DatePicker,ds-date-picker,selectionMode,DatePickerSelectionMode | undefined,Campo editorial,p73656c656374696f6e4d6f6465,components/Molecules/DatePicker/DatePicker.d.ts
DatePicker,ds-date-picker,minDate,Date | undefined,Campo editorial,p6d696e44617465,components/Molecules/DatePicker/DatePicker.d.ts
DatePicker,ds-date-picker,maxDate,Date | undefined,Campo editorial,p6d617844617465,components/Molecules/DatePicker/DatePicker.d.ts
DatePicker,ds-date-picker,disabledDates,((date: Date) => boolean) | undefined,Adaptado: lista JSON de datas bloqueadas,disabledDates,components/Molecules/DatePicker/DatePicker.d.ts
DatePicker,ds-date-picker,visibleMonth,Date | undefined,Campo editorial,p76697369626c654d6f6e7468,components/Molecules/DatePicker/DatePicker.d.ts
DatePicker,ds-date-picker,onVisibleMonthChange,((date: Date) => void) | undefined,Callback implementado no runtime; evento de integração,,components/Molecules/DatePicker/DatePicker.d.ts
DatePicker,ds-date-picker,disabled,boolean | undefined,Campo editorial,p64697361626c6564,components/Molecules/DatePicker/DatePicker.d.ts
DatePicker,ds-date-picker,locale,string | undefined,Campo editorial,p6c6f63616c65,components/Molecules/DatePicker/DatePicker.d.ts
DatePicker,ds-date-picker,weekStartsOn,DatePickerWeekStart | undefined,Campo editorial,p7765656b5374617274734f6e,components/Molecules/DatePicker/DatePicker.d.ts
DatePicker,ds-date-picker,id,string | undefined,Campo editorial,p6964,components/Molecules/DatePicker/DatePicker.d.ts
DatePicker,ds-date-picker,onTag,((data: TagProps) => void) | undefined,Callback implementado no runtime; evento de integração,,components/Molecules/DatePicker/DatePicker.d.ts
DatePicker,ds-date-picker,showControls,boolean | undefined,Campo editorial,p73686f77436f6e74726f6c73,components/Molecules/DatePicker/DatePicker.d.ts
DatePicker,ds-date-picker,showButtons,boolean | undefined,Campo editorial,p73686f77427574746f6e73,components/Molecules/DatePicker/DatePicker.d.ts
DecoratedText,ds-decorated-text,children,string,Campo editorial / rich text ou ícone,p6368696c6472656e,components/Molecules/DecoratedText/DecoratedText.d.ts
DecoratedText,ds-decorated-text,classStyle,TypographyToken | undefined,Campo editorial,p636c6173735374796c65,components/Molecules/DecoratedText/DecoratedText.d.ts
DecoratedText,ds-decorated-text,classColor,TextColorToken | undefined,Campo editorial,p636c617373436f6c6f72,components/Molecules/DecoratedText/DecoratedText.d.ts
DecoratedText,ds-decorated-text,maxLines,number | undefined,Campo editorial,p6d61784c696e6573,components/Molecules/DecoratedText/DecoratedText.d.ts
DecoratedText,ds-decorated-text,fullWidth,boolean | undefined,Campo editorial,p66756c6c5769647468,components/Molecules/DecoratedText/DecoratedText.d.ts
DecoratedText,ds-decorated-text,linkTriggers,LinkTriggers | undefined,Campo editorial,p6c696e6b5472696767657273,components/Molecules/DecoratedText/DecoratedText.d.ts
DecoratedText,ds-decorated-text,testId,string | undefined,Campo editorial,p746573744964,components/Molecules/DecoratedText/DecoratedText.d.ts
DecoratedText,ds-decorated-text,state,"""enabled"" | ""skeleton"" | ""disabled"" | undefined",Campo editorial,p7374617465,components/Molecules/DecoratedText/DecoratedText.d.ts
Divider,ds-divider,variant,"""solid"" | ""dash"" | undefined",Campo editorial,p76617269616e74,components/Atoms/Divider/Divider.d.ts
Divider,ds-divider,orientation,"""vertical"" | ""horizontal"" | undefined",Campo editorial,p6f7269656e746174696f6e,components/Atoms/Divider/Divider.d.ts
FeedbackScreen,ds-feedback-screen,variant,"""custom"" | ""customDestructive"" | ""customInformation"" | ""genericError"" | ""serviceUnavailable"" | ""noInternetConnection""",Campo editorial,p76617269616e74,components/Templates/FeedbackScreen/FeedbackScreen.d.ts
FeedbackScreen,ds-feedback-screen,state,"""enabled"" | ""skeleton"" | undefined",Campo editorial,p7374617465,components/Templates/FeedbackScreen/FeedbackScreen.d.ts
FeedbackScreen,ds-feedback-screen,title,string | undefined,Campo editorial,p7469746c65,components/Templates/FeedbackScreen/FeedbackScreen.d.ts
FeedbackScreen,ds-feedback-screen,description,string | undefined,Campo editorial,p6465736372697074696f6e,components/Templates/FeedbackScreen/FeedbackScreen.d.ts
FeedbackScreen,ds-feedback-screen,value,string | undefined,Campo editorial,p76616c7565,components/Templates/FeedbackScreen/FeedbackScreen.d.ts
FeedbackScreen,ds-feedback-screen,signalVariant,FeedbackVariant | undefined,Campo editorial,p7369676e616c56617269616e74,components/Templates/FeedbackScreen/FeedbackScreen.d.ts
FeedbackScreen,ds-feedback-screen,primaryButton,ButtonConfig | undefined,Campo editorial / subpropriedades,p7072696d617279427574746f6e2e6c6162656c,components/Templates/FeedbackScreen/FeedbackScreen.d.ts
FeedbackScreen,ds-feedback-screen,secondaryButton,ButtonConfig | undefined,Campo editorial / subpropriedades,p7365636f6e64617279427574746f6e2e6c6162656c,components/Templates/FeedbackScreen/FeedbackScreen.d.ts
FeedbackScreen,ds-feedback-screen,tertiaryButton,ButtonConfig | undefined,Campo editorial / subpropriedades,p7465727469617279427574746f6e2e6c6162656c,components/Templates/FeedbackScreen/FeedbackScreen.d.ts
FeedbackScreen,ds-feedback-screen,alert,AlertConfig | undefined,Campo editorial / subpropriedades,"p616c6572742e7469746c65, p616c6572742e6465736372697074696f6e, p616c6572742e76617269616e74, p616c6572742e6c696e6b2e6c6162656c, p616c6572742e6c696e6b2e68726566",components/Templates/FeedbackScreen/FeedbackScreen.d.ts
FeedbackScreen,ds-feedback-screen,contentItems,ContentItemConfig[] | undefined,"Itens filhos: adicionar, remover e reordenar","p6c6162656c, p76616c7565, p6f7269656e746174696f6e",components/Templates/FeedbackScreen/FeedbackScreen.d.ts
FeedbackScreen,ds-feedback-screen,showPoweredBy,boolean | undefined,Campo editorial,p73686f77506f77657265644279,components/Templates/FeedbackScreen/FeedbackScreen.d.ts
FeedbackScreen,ds-feedback-screen,showAdditionalContent,boolean | undefined,Campo editorial,p73686f774164646974696f6e616c436f6e74656e74,components/Templates/FeedbackScreen/FeedbackScreen.d.ts
FeedbackScreen,ds-feedback-screen,showCrossSelling,boolean | undefined,Campo editorial,p73686f7743726f737353656c6c696e67,components/Templates/FeedbackScreen/FeedbackScreen.d.ts
FeedbackScreen,ds-feedback-screen,children,ReactNode,Campo editorial / rich text ou ícone,p6368696c6472656e,components/Templates/FeedbackScreen/FeedbackScreen.d.ts
FeedbackScreen,ds-feedback-screen,onTag,((data: TagProps) => void) | undefined,Callback implementado no runtime; evento de integração,,components/Templates/FeedbackScreen/FeedbackScreen.d.ts
FeedbackScreen,ds-feedback-screen,className,string | undefined,Campo editorial,p636c6173734e616d65,components/Templates/FeedbackScreen/FeedbackScreen.d.ts
Flag,ds-flag,iconFlag,FlagName,Campo editorial,p69636f6e466c6167,components/Atoms/Flag/Flag.d.ts
Flag,ds-flag,contentDescription,string | undefined,Campo editorial,p636f6e74656e744465736372697074696f6e,components/Atoms/Flag/Flag.d.ts
Flag,ds-flag,size,"""small"" | ""medium"" | ""large"" | undefined",Campo editorial,p73697a65,components/Atoms/Flag/Flag.d.ts
Flag,ds-flag,state,"""enabled"" | ""skeleton"" | ""disabled"" | undefined",Campo editorial,p7374617465,components/Atoms/Flag/Flag.d.ts
Flag,ds-flag,id,string | undefined,Campo editorial,p6964,components/Atoms/Flag/Flag.d.ts
Header,ds-header,isSearchOpen,boolean | undefined,Campo editorial,p69735365617263684f70656e,components/Molecules/Header/Header.d.ts
Header,ds-header,onSearchOpenChange,((isOpen: boolean) => void) | undefined,Callback implementado no runtime; evento de integração,,components/Molecules/Header/Header.d.ts
Header,ds-header,searchProps,"Omit<InputSearchProps, ""state""> | undefined",Campo editorial / estrutura JSON / subpropriedades,"p73656172636850726f70732e6572726f72, p73656172636850726f70732e6c6162656c, p73656172636850726f70732e6964, p73656172636850726f70732e707265666978, p73656172636850726f70732e73756363657373, p73656172636850726f70732e666c6167, p73656172636850726f70732e637573746f6d54616750726f70732e64617461, p73656172636850726f70732e637573746f6d54616750726f70732e637573746f6d50726f706572746965732e636f6d706f6e656e745f6e616d65, p73656172636850726f70732e637573746f6d54616750726f70732e637573746f6d50726f706572746965732e7374796c65, p73656172636850726f70732e637573746f6d54616750726f70732e637573746f6d50726f706572746965732e73697a65, p73656172636850726f70732e637573746f6d54616750726f70732e637573746f6d50726f706572746965732e686965726172636879, p73656172636850726f70732e637573746f6d54616750726f70732e637573746f6d50726f706572746965732e7374617465, p73656172636850726f70732e637573746f6d54616750726f70732e637573746f6d50726f706572746965732e6c6162656c, p73656172636850726f70732e637573746f6d54616750726f70732e637573746f6d50726f706572746965732e68696e74, p73656172636850726f70732e637573746f6d54616750726f70732e637573746f6d50726f706572746965732e76616c7565, p73656172636850726f70732e68696e7473, p73656172636850726f70732e73686f7748656c706572, p73656172636850726f70732e73686f7748696e74, p73656172636850726f70732e73686f77466c6167, p73656172636850726f70732e73686f77436c656172, p73656172636850726f70732e73686f77436f6e74656e74, p73656172636850726f70732e73686f77466f726365426172, p73656172636850726f70732e666f7263654261722e7374617465, p73656172636850726f70732e666f7263654261722e6163746976655365676d656e7473, p73656172636850726f70732e666f7263654261722e6c6162656c, p73656172636850726f70732e666f7263654261722e636c6173734e616d65, p73656172636850726f70732e666f7263654261722e73686f756c6452656e646572, p73656172636850726f70732e6d61736b, p73656172636850726f70732e6461746554797065, p73656172636850726f70732e7069636b657252616e67652e7374617274, p73656172636850726f70732e7069636b657252616e67652e656e64, p73656172636850726f70732e646174612d746573746964",components/Molecules/Header/Header.d.ts
Header,ds-header,state,"""enabled"" | ""skeleton"" | undefined",Campo editorial,p7374617465,components/Molecules/Header/Header.d.ts
Header,ds-header,stacked,boolean | undefined,Campo editorial,p737461636b6564,components/Molecules/Header/Header.d.ts
Header,ds-header,scrollContainer,HTMLElement | null | undefined,Adaptado: seletor CSS do contêiner,scrollContainerSelector,components/Molecules/Header/Header.d.ts
Header,ds-header,onTag,((data: TagProps) => void) | undefined,Callback implementado no runtime; evento de integração,,components/Molecules/Header/Header.d.ts
Header,ds-header,showStartIcon,boolean | undefined,Campo editorial,p73686f77537461727449636f6e,components/Molecules/Header/Header.d.ts
Header,ds-header,startIcon,HeaderIconSlot | undefined,Campo editorial / subpropriedades,"p737461727449636f6e2e69636f6e, p737461727449636f6e2e617269612d6c6162656c",components/Molecules/Header/Header.d.ts
Header,ds-header,showMiddleIcon,boolean | undefined,Campo editorial,p73686f774d6964646c6549636f6e,components/Molecules/Header/Header.d.ts
Header,ds-header,middleIcon,HeaderIconSlot | undefined,Campo editorial / subpropriedades,"p6d6964646c6549636f6e2e69636f6e, p6d6964646c6549636f6e2e617269612d6c6162656c",components/Molecules/Header/Header.d.ts
Header,ds-header,showEndIcon,boolean | undefined,Campo editorial,p73686f77456e6449636f6e,components/Molecules/Header/Header.d.ts
Header,ds-header,endIcon,HeaderIconSlot | undefined,Campo editorial / subpropriedades,"p656e6449636f6e2e69636f6e, p656e6449636f6e2e617269612d6c6162656c",components/Molecules/Header/Header.d.ts
Header,ds-header,variant,"""topPages"" | ""innerPages"" | ""modalPages""",Campo editorial,p76617269616e74,components/Molecules/Header/Header.d.ts
Header,ds-header,type,"""avatar"" | ""title"" | ""search"" | ""titleChip"" | ""logo"" | ""avatarFlag"" | ""avatarSegmentedControl""",Campo editorial,p74797065,components/Molecules/Header/Header.d.ts
Header,ds-header,size,"""small"" | ""large"" | undefined",Campo editorial,p73697a65,components/Molecules/Header/Header.d.ts
Header,ds-header,title,string | undefined,Campo editorial,p7469746c65,components/Molecules/Header/Header.d.ts
Header,ds-header,onBackClick,(() => void) | (() => void) | (() => void) | (() => void) | (() => void) | (() => void) | undefined,Callback implementado no runtime; evento de integração,,components/Molecules/Header/Header.d.ts
Header,ds-header,onCloseClick,(() => void) | (() => void),Callback implementado no runtime; evento de integração,,components/Molecules/Header/Header.d.ts
Header,ds-header,chip,HeaderChipConfig,Campo editorial / subpropriedades,"p636869702e6c6162656c, p636869702e6c656164696e6749636f6e, p636869702e73656c6563746564, p636869702e747261696c696e6749636f6e, p636869702e76617269616e74, p636869702e666c616749636f6e",components/Molecules/Header/Header.d.ts
Header,ds-header,logo,"""inter"" | ""interEmpresas"" | ""interCo"" | ""toranja"" | undefined",Campo editorial,p6c6f676f,components/Molecules/Header/Header.d.ts
Header,ds-header,avatar,HeaderAvatarConfig,Campo editorial / subpropriedades,"p6176617461722e636f6c6f72, p6176617461722e76617269616e74, p6176617461722e63617465676f7279, p6176617461722e6c6162656c, p6176617461722e737263, p6176617461722e616c74, p6176617461722e69636f6e",components/Molecules/Header/Header.d.ts
Header,ds-header,segmentedControl,HeaderSegmentedControlConfig,Campo editorial / estrutura JSON / subpropriedades,"p7365676d656e746564436f6e74726f6c2e7365676d656e7473, p7365676d656e746564436f6e74726f6c2e66696c6c696e67",components/Molecules/Header/Header.d.ts
FloatingActionButton,ds-floating-action-button,label,string | undefined,Campo editorial,p6c6162656c,components/Molecules/Button/FloatingActionButton/FloatingActionButton.d.ts
FloatingActionButton,ds-floating-action-button,icon,"""ic_accessibility"" | ""ic_add"" | ""ic_alarm"" | ""ic_alarm_add"" | ""ic_alarm_check"" | ""ic_alarm_off"" | ""ic_alternate_email"" | ""ic_alternate_email_fill"" | ""ic_android"" | ""ic_apple"" | ""ic_apple_inc"" | ""ic_apps"" | ""ic_apps_fill"" | ""ic_armchair"" | ""ic_arrow_down"" | ""ic_arrow_down_left"" | ""ic_arrow_down_right"" | ""ic_arrow_download"" | ""ic_arrow_download_error"" | ""ic_arrow_left"" | ""ic_arrow_right"" | ""ic_arrow_up"" | ""ic_arrow_upload"" | ""ic_asterisks"" | ""ic_attachment"" | ""ic_babi_avatar"" | ""ic_babi_avatar_bw"" | ""ic_baby"" | ""ic_backpack"" | ""ic_backward_step"" | ""ic_badge_check"" | ""ic_badge_check_fill"" | ""ic_badge_star"" | ""ic_bandage"" | ""ic_bank"" | ""ic_bank_transfer"" | ""ic_barbecue"" | ""ic_barcode"" | ""ic_barn"" | ""ic_bars_money"" | ""ic_bars_search"" | ""ic_bathtub"" | ""ic_beach_ball"" | ""ic_bed"" | ""ic_beer"" | ""ic_bell"" | ""ic_bell_concierge"" | ""ic_bell_notification"" | ""ic_bell_ring"" | ""ic_bicycle"" | ""ic_bitcoin"" | ""ic_book_flip"" | ""ic_book_open"" | ""ic_bowl_spoon"" | ""ic_box"" | ""ic_box_add"" | ""ic_box_arrow_down"" | ""ic_box_arrow_up"" | ""ic_box_fill"" | ""ic_box_off"" | ""ic_boxes"" | ""ic_brain"" | ""ic_briefcase"" | ""ic_building"" | ""ic_bus_front"" | ""ic_cake"" | ""ic_calculator"" | ""ic_calendar"" | ""ic_calendar_clock"" | ""ic_calendar_money"" | ""ic_car"" | ""ic_car_front"" | ""ic_car_tag"" | ""ic_card_machine"" | ""ic_cashback"" | ""ic_cat"" | ""ic_celebration"" | ""ic_chart_bar"" | ""ic_chart_bar_filled"" | ""ic_chart_pie"" | ""ic_check"" | ""ic_check_circle"" | ""ic_check_circle_fill"" | ""ic_checklist"" | ""ic_chef_hat"" | ""ic_chevron_down"" | ""ic_chevron_left"" | ""ic_chevron_right"" | ""ic_chevron_up"" | ""ic_chocolate"" | ""ic_circle_error_check"" | ""ic_circle_off"" | ""ic_city_hall"" | ""ic_clapper"" | ""ic_clipboard"" | ""ic_clipboard_apple"" | ""ic_clock"" | ""ic_close"" | ""ic_close_circle"" | ""ic_close_circle_fill"" | ""ic_cocktail"" | ""ic_code"" | ""ic_coffee"" | ""ic_coin"" | ""ic_coin_add"" | ""ic_coin_arrow_down_in"" | ""ic_coin_arrow_up_in"" | ""ic_coin_arrow_up_out"" | ""ic_coin_chart"" | ""ic_coin_check"" | ""ic_coin_ellipsis"" | ""ic_coin_off"" | ""ic_coin_remove"" | ""ic_coin_shield"" | ""ic_coin_thirteen"" | ""ic_comment"" | ""ic_comments"" | ""ic_compass"" | ""ic_compass_off"" | ""ic_compress"" | ""ic_config"" | ""ic_contactless"" | ""ic_contract"" | ""ic_contract_arrow_down"" | ""ic_contract_arrow_up"" | ""ic_contract_blank"" | ""ic_contract_check"" | ""ic_contract_error"" | ""ic_contract_money"" | ""ic_contract_pix"" | ""ic_contract_refresh"" | ""ic_copy"" | ""ic_coupon"" | ""ic_credit_card"" | ""ic_credit_card_add"" | ""ic_credit_card_house"" | ""ic_credit_card_nfc"" | ""ic_credit_card_pix"" | ""ic_credit_card_shield"" | ""ic_crosshairs"" | ""ic_currency_exchange"" | ""ic_desktop"" | ""ic_desktop_user"" | ""ic_desktop_wifi"" | ""ic_dialpad"" | ""ic_dining_table"" | ""ic_discord"" | ""ic_document"" | ""ic_document_blank"" | ""ic_document_blank_fill"" | ""ic_dog"" | ""ic_dolly"" | ""ic_door_tag"" | ""ic_doorlock"" | ""ic_downstairs"" | ""ic_drag_handle"" | ""ic_driver_helmet"" | ""ic_ear_listen"" | ""ic_easter_egg"" | ""ic_edit"" | ""ic_ellipsis"" | ""ic_ellipsis_vertical"" | ""ic_envelope"" | ""ic_escalator_arrow_down"" | ""ic_escalator_arrow_up"" | ""ic_euro"" | ""ic_expand"" | ""ic_expand_arrow"" | ""ic_eye_closed"" | ""ic_eye_open"" | ""ic_face_id"" | ""ic_facebook"" | ""ic_file_csv"" | ""ic_file_exp"" | ""ic_file_ofx"" | ""ic_file_pdf"" | ""ic_file_txt"" | ""ic_film"" | ""ic_filter"" | ""ic_fingerprint"" | ""ic_first_page"" | ""ic_flag_abkhazia_rounded"" | ""ic_flag_afghanistan_rounded"" | ""ic_flag_aland_islands_rounded"" | ""ic_flag_albania_rounded"" | ""ic_flag_algeria_rounded"" | ""ic_flag_american_samoa_rounded"" | ""ic_flag_andorra_rounded"" | ""ic_flag_angola_rounded"" | ""ic_flag_anguilla_rounded"" | ""ic_flag_antigua_and_barbuda_rounded"" | ""ic_flag_argentina"" | ""ic_flag_argentina_bw"" | ""ic_flag_argentina_rounded"" | ""ic_flag_armenia_rounded"" | ""ic_flag_aruba_rounded"" | ""ic_flag_australia_rounded"" | ""ic_flag_austria_rounded"" | ""ic_flag_azerbaijan_rounded"" | ""ic_flag_azores_islands_rounded"" | ""ic_flag_bahamas_rounded"" | ""ic_flag_bahrain_rounded"" | ""ic_flag_balearic_islands_rounded"" | ""ic_flag_bangladesh_rounded"" | ""ic_flag_barbados_rounded"" | ""ic_flag_basque_country_rounded"" | ""ic_flag_belarus_rounded"" | ""ic_flag_belgium_rounded"" | ""ic_flag_belize_rounded"" | ""ic_flag_benin_rounded"" | ""ic_flag_bermuda_rounded"" | ""ic_flag_bhutan_rounded"" | ""ic_flag_bolivia_rounded"" | ""ic_flag_bonaire_rounded"" | ""ic_flag_bosnia_and_herzegovina_rounded"" | ""ic_flag_botswana_rounded"" | ""ic_flag_brazil"" | ""ic_flag_brazil_bw"" | ""ic_flag_brazil_rounded"" | ""ic_flag_british_columbia_rounded"" | ""ic_flag_british_indian_ocean_territory_rounded"" | ""ic_flag_british_virgin_islands_rounded"" | ""ic_flag_brunei_rounded"" | ""ic_flag_bulgaria_rounded"" | ""ic_flag_burkina_faso_rounded"" | ""ic_flag_burundi_rounded"" | ""ic_flag_cambodia_rounded"" | ""ic_flag_cameroon_rounded"" | ""ic_flag_canada_rounded"" | ""ic_flag_canary_islands_rounded"" | ""ic_flag_cape_verde_rounded"" | ""ic_flag_cayman_islands"" | ""ic_flag_cayman_islands_bw"" | ""ic_flag_cayman_islands_rounded"" | ""ic_flag_central_african_republic_rounded"" | ""ic_flag_ceuta_rounded"" | ""ic_flag_chad_rounded"" | ""ic_flag_chile_rounded"" | ""ic_flag_china_rounded"" | ""ic_flag_cocos_island_rounded"" | ""ic_flag_colombia_rounded"" | ""ic_flag_comoros_rounded"" | ""ic_flag_cook_islands_rounded"" | ""ic_flag_corsica_rounded"" | ""ic_flag_costa_rica_rounded"" | ""ic_flag_croatia_rounded"" | ""ic_flag_cuba_rounded"" | ""ic_flag_curacao_rounded"" | ""ic_flag_cyprus_rounded"" | ""ic_flag_czech_republic_rounded"" | ""ic_flag_democratic_republic_of_congo_rounded"" | ""ic_flag_denmark_rounded"" | ""ic_flag_djibouti_rounded"" | ""ic_flag_dominica_rounded"" | ""ic_flag_dominican_republic_rounded"" | ""ic_flag_east_timor_rounded"" | ""ic_flag_ecuador_rounded"" | ""ic_flag_egypt_rounded"" | ""ic_flag_el_salvador_rounded"" | ""ic_flag_england_rounded"" | ""ic_flag_equatorial_guinea_rounded"" | ""ic_flag_eritrea_rounded"" | ""ic_flag_estonia_rounded"" | ""ic_flag_ethiopia_rounded"" | ""ic_flag_european_union_rounded"" | ""ic_flag_falkland_islands_rounded"" | ""ic_flag_faroe_islands_rounded"" | ""ic_flag_fiji_rounded"" | ""ic_flag_finland_rounded"" | ""ic_flag_france_rounded"" | ""ic_flag_french_polynesia_rounded"" | ""ic_flag_gabon_rounded"" | ""ic_flag_galapagos_islands_rounded"" | ""ic_flag_gambia_rounded"" | ""ic_flag_georgia_rounded"" | ""ic_flag_germany_rounded"" | ""ic_flag_ghana_rounded"" | ""ic_flag_gibraltar_rounded"" | ""ic_flag_globe"" | ""ic_flag_globe_bw"" | ""ic_flag_greece_rounded"" | ""ic_flag_greenland_rounded"" | ""ic_flag_grenada_rounded"" | ""ic_flag_guam_rounded"" | ""ic_flag_guatemala_rounded"" | ""ic_flag_guernsey_rounded"" | ""ic_flag_guinea_bissau_rounded"" | ""ic_flag_guinea_rounded"" | ""ic_flag_guyana_rounded"" | ""ic_flag_haiti_rounded"" | ""ic_flag_hawaii_rounded"" | ""ic_flag_honduras_rounded"" | ""ic_flag_hong_kong_rounded"" | ""ic_flag_hungary_rounded"" | ""ic_flag_iceland_rounded"" | ""ic_flag_india_rounded"" | ""ic_flag_indonesia_rounded"" | ""ic_flag_iran_rounded"" | ""ic_flag_iraq_rounded"" | ""ic_flag_ireland_rounded"" | ""ic_flag_isle_of_man_rounded"" | ""ic_flag_israel_rounded"" | ""ic_flag_italy_rounded"" | ""ic_flag_ivory_coast_rounded"" | ""ic_flag_jamaica_rounded"" | ""ic_flag_japan_rounded"" | ""ic_flag_jersey_rounded"" | ""ic_flag_jordan_rounded"" | ""ic_flag_kazakhstan_rounded"" | ""ic_flag_kenya_rounded"" | ""ic_flag_kiribati_rounded"" | ""ic_flag_kosovo_rounded"" | ""ic_flag_kuwait_rounded"" | ""ic_flag_kyrgyzstan_rounded"" | ""ic_flag_laos_rounded"" | ""ic_flag_latvia_rounded"" | ""ic_flag_lebanon_rounded"" | ""ic_flag_lesotho_rounded"" | ""ic_flag_liberia_rounded"" | ""ic_flag_libya_rounded"" | ""ic_flag_liechtenstein_rounded"" | ""ic_flag_lithuania_rounded"" | ""ic_flag_luxembourg_rounded"" | ""ic_flag_macao_rounded"" | ""ic_flag_madagascar_rounded"" | ""ic_flag_madeira_rounded"" | ""ic_flag_malawi_rounded"" | ""ic_flag_malaysia_rounded"" | ""ic_flag_maldives_rounded"" | ""ic_flag_mali_rounded"" | ""ic_flag_malta_rounded"" | ""ic_flag_marshall_island_rounded"" | ""ic_flag_martinique_rounded"" | ""ic_flag_mauritania_rounded"" | ""ic_flag_mauritius_rounded"" | ""ic_flag_melilla_rounded"" | ""ic_flag_mexico_rounded"" | ""ic_flag_micronesia_rounded"" | ""ic_flag_moldova_rounded"" | ""ic_flag_monaco_rounded"" | ""ic_flag_mongolia_rounded"" | ""ic_flag_montenegro_rounded"" | ""ic_flag_montserrat_rounded"" | ""ic_flag_morocco_rounded"" | ""ic_flag_mozambique_rounded"" | ""ic_flag_myanmar_rounded"" | ""ic_flag_namibia_rounded"" | ""ic_flag_nato_rounded"" | ""ic_flag_nauru_rounded"" | ""ic_flag_nepal_rounded"" | ""ic_flag_netherlands_rounded"" | ""ic_flag_new_zealand_rounded"" | ""ic_flag_nicaragua_rounded"" | ""ic_flag_niger_rounded"" | ""ic_flag_nigeria_rounded"" | ""ic_flag_niue_rounded"" | ""ic_flag_norfolk_island_rounded"" | ""ic_flag_north_korea_rounded"" | ""ic_flag_northern_cyprus_rounded"" | ""ic_flag_northern_marianas_islands_rounded"" | ""ic_flag_norway_rounded"" | ""ic_flag_oman_rounded"" | ""ic_flag_orkney_islands_rounded"" | ""ic_flag_ossetia_rounded"" | ""ic_flag_pakistan_rounded"" | ""ic_flag_palau_rounded"" | ""ic_flag_palestine_rounded"" | ""ic_flag_panama_rounded"" | ""ic_flag_papua_new_guinea_rounded"" | ""ic_flag_paraguay_rounded"" | ""ic_flag_peru_rounded"" | ""ic_flag_philippines_rounded"" | ""ic_flag_pitcairn_islands_rounded"" | ""ic_flag_poland_rounded"" | ""ic_flag_portugal_rounded"" | ""ic_flag_puerto_rico_rounded"" | ""ic_flag_qatar_rounded"" | ""ic_flag_rapa_nui_rounded"" | ""ic_flag_republic_of_macedonia_rounded"" | ""ic_flag_republic_of_the_congo_rounded"" | ""ic_flag_romania_rounded"" | ""ic_flag_russia_rounded"" | ""ic_flag_rwanda_rounded"" | ""ic_flag_saba_island_rounded"" | ""ic_flag_sahrawi_arab_democratic_republic_rounded"" | ""ic_flag_saint_kitts_and_nevis_rounded"" | ""ic_flag_samoa_rounded"" | ""ic_flag_san_marino_rounded"" | ""ic_flag_sao_tome_and_prince_rounded"" | ""ic_flag_sardinia_rounded"" | ""ic_flag_saudi_arabia_rounded"" | ""ic_flag_scotland_rounded"" | ""ic_flag_senegal_rounded"" | ""ic_flag_serbia_rounded"" | ""ic_flag_seychelles_rounded"" | ""ic_flag_sierra_leone_rounded"" | ""ic_flag_singapore_rounded"" | ""ic_flag_sint_eustatius_rounded"" | ""ic_flag_sint_maarten_rounded"" | ""ic_flag_slovakia_rounded"" | ""ic_flag_slovenia_rounded"" | ""ic_flag_solomon_islands_rounded"" | ""ic_flag_somalia_rounded"" | ""ic_flag_somaliland_rounded"" | ""ic_flag_south_africa_rounded"" | ""ic_flag_south_korea_rounded"" | ""ic_flag_south_sudan_rounded"" | ""ic_flag_spain"" | ""ic_flag_spain_bw"" | ""ic_flag_spain_rounded"" | ""ic_flag_sri_lanka_rounded"" | ""ic_flag_st_barts_rounded"" | ""ic_flag_st_lucia_rounded"" | ""ic_flag_st_vincent_and_the_grenadines_rounded"" | ""ic_flag_sudan_rounded"" | ""ic_flag_suriname_rounded"" | ""ic_flag_swaziland_rounded"" | ""ic_flag_sweden_rounded"" | ""ic_flag_switzerland_rounded"" | ""ic_flag_syria_rounded"" | ""ic_flag_taiwan_rounded"" | ""ic_flag_tajikistan_rounded"" | ""ic_flag_tanzania_rounded"" | ""ic_flag_thailand_rounded"" | ""ic_flag_tibet_rounded"" | ""ic_flag_togo_rounded"" | ""ic_flag_tokelau_rounded"" | ""ic_flag_tonga_rounded"" | ""ic_flag_transnistria_rounded"" | ""ic_flag_trinidad_and_tobago_rounded"" | ""ic_flag_tunisia_rounded"" | ""ic_flag_turkey_rounded"" | ""ic_flag_turkmenistan_rounded"" | ""ic_flag_turks_and_caicos_rounded"" | ""ic_flag_tuvalu_rounded"" | ""ic_flag_uganda_rounded"" | ""ic_flag_ukraine_rounded"" | ""ic_flag_united_arab_emirates_rounded"" | ""ic_flag_united_kingdom_rounded"" | ""ic_flag_united_nations_rounded"" | ""ic_flag_united_states"" | ""ic_flag_united_states_bw"" | ""ic_flag_united_states_rounded"" | ""ic_flag_uruguay_rounded"" | ""ic_flag_uzbekistán_rounded"" | ""ic_flag_vanuatu_rounded"" | ""ic_flag_vatican_city_rounded"" | ""ic_flag_venezuela_rounded"" | ""ic_flag_vietnam_rounded"" | ""ic_flag_virgin_islands_rounded"" | ""ic_flag_wales_rounded"" | ""ic_flag_yemen_rounded"" | ""ic_flag_zambia_rounded"" | ""ic_flag_zimbabwe_rounded"" | ""ic_flash"" | ""ic_flash_off"" | ""ic_flashlight"" | ""ic_fork_knife"" | ""ic_forward_step"" | ""ic_gas_station"" | ""ic_gift"" | ""ic_gift_money"" | ""ic_globe"" | ""ic_globe_trending_up"" | ""ic_google_play"" | ""ic_graduation_cap"" | ""ic_hamburguer"" | ""ic_hand_coin"" | ""ic_hand_config"" | ""ic_hand_house"" | ""ic_hand_money"" | ""ic_hand_user"" | ""ic_handshake"" | ""ic_heart"" | ""ic_heart_ecg"" | ""ic_heart_fill"" | ""ic_help_circle"" | ""ic_help_circle_fill"" | ""ic_high_heels"" | ""ic_history"" | ""ic_house"" | ""ic_house_check"" | ""ic_house_fill"" | ""ic_house_filled"" | ""ic_house_half"" | ""ic_house_moving"" | ""ic_house_trending_up"" | ""ic_i_safe"" | ""ic_image"" | ""ic_image_arrow_up"" | ""ic_image_error"" | ""ic_images"" | ""ic_info_circle"" | ""ic_info_circle_fill"" | ""ic_instagram"" | ""ic_inter"" | ""ic_inter_loop"" | ""ic_investment_filled"" | ""ic_key"" | ""ic_last_page"" | ""ic_lightbulb_off"" | ""ic_lightbulb_on"" | ""ic_link"" | ""ic_link_money"" | ""ic_linkedin"" | ""ic_list"" | ""ic_loading"" | ""ic_location"" | ""ic_location_map"" | ""ic_luggage"" | ""ic_mask_carnival"" | ""ic_mask_comedy"" | ""ic_medal_p_letter"" | ""ic_medal_q_letter"" | ""ic_medical_shield"" | ""ic_medical_square"" | ""ic_menu"" | ""ic_menu_filled"" | ""ic_message_ellipsis"" | ""ic_message_ellipsis_fill"" | ""ic_messages"" | ""ic_messages_fill"" | ""ic_messages_filled"" | ""ic_mic"" | ""ic_money_check"" | ""ic_money_check_arrow_down"" | ""ic_money_check_back"" | ""ic_money_check_check"" | ""ic_money_check_ellipsis"" | ""ic_money_check_error"" | ""ic_money_check_location"" | ""ic_money_check_pointer"" | ""ic_money_check_refresh"" | ""ic_money_frame"" | ""ic_moon"" | ""ic_motorcycle"" | ""ic_motorcycle_delivery"" | ""ic_muscle"" | ""ic_music_note"" | ""ic_nurse"" | ""ic_open_finance"" | ""ic_open_new"" | ""ic_orange"" | ""ic_orange_fill"" | ""ic_padlock"" | ""ic_padlock_open"" | ""ic_paint_roller"" | ""ic_paint_roller_fill"" | ""ic_paper_money"" | ""ic_paper_trending_up"" | ""ic_parking"" | ""ic_parking_short_term"" | ""ic_pause_circle"" | ""ic_paw"" | ""ic_payment_alelo"" | ""ic_payment_amazon"" | ""ic_payment_amex"" | ""ic_payment_apple_pay"" | ""ic_payment_diners_club"" | ""ic_payment_discover"" | ""ic_payment_elo"" | ""ic_payment_google_pay"" | ""ic_payment_hipercard"" | ""ic_payment_jcb"" | ""ic_payment_mastercard"" | ""ic_payment_paypal"" | ""ic_payment_plaid"" | ""ic_payment_pluxee"" | ""ic_payment_ticket"" | ""ic_payment_visa"" | ""ic_payment_vr"" | ""ic_phone"" | ""ic_phone_ring"" | ""ic_phone_rotary"" | ""ic_photo"" | ""ic_photo_off"" | ""ic_piggy_arrow_up"" | ""ic_piggy_bank"" | ""ic_piggy_money"" | ""ic_pill"" | ""ic_pillar"" | ""ic_pix"" | ""ic_plane_arrival"" | ""ic_plane_departure"" | ""ic_play"" | ""ic_play_fill"" | ""ic_play_frame"" | ""ic_plug"" | ""ic_printer"" | ""ic_purse"" | ""ic_qr_code"" | ""ic_qr_code_padlock"" | ""ic_receipt"" | ""ic_receipt_notification"" | ""ic_refrigerator"" | ""ic_remove"" | ""ic_remove_circle"" | ""ic_reply"" | ""ic_ring"" | ""ic_robot"" | ""ic_rocket"" | ""ic_rotate"" | ""ic_rotate_add"" | ""ic_rotate_check"" | ""ic_rotate_money"" | ""ic_rotate_right"" | ""ic_rotate_strokes_money"" | ""ic_scissors"" | ""ic_score"" | ""ic_search"" | ""ic_search_error"" | ""ic_search_sparkle"" | ""ic_seedling"" | ""ic_send"" | ""ic_share"" | ""ic_ship_front"" | ""ic_shirt"" | ""ic_shopping_bag"" | ""ic_shopping_bag_filled"" | ""ic_shopping_basket"" | ""ic_shopping_cart"" | ""ic_shopping_cart_add"" | ""ic_shopping_cart_arrow_down"" | ""ic_shopping_cart_auto"" | ""ic_shopping_cart_bars"" | ""ic_shopping_cart_error"" | ""ic_shopping_cart_fill"" | ""ic_shopping_cart_filled"" | ""ic_shuffle"" | ""ic_sign_in"" | ""ic_sign_out"" | ""ic_sim_card"" | ""ic_sliders"" | ""ic_smartphone"" | ""ic_smartphone_money"" | ""ic_smartphone_wifi"" | ""ic_sneakers"" | ""ic_soccer_ball"" | ""ic_sort"" | ""ic_sort_down"" | ""ic_sort_up"" | ""ic_sparkle"" | ""ic_spotify"" | ""ic_spray_bottle"" | ""ic_star"" | ""ic_star_fill"" | ""ic_star_half"" | ""ic_stethoscope"" | ""ic_stopwatch"" | ""ic_store"" | ""ic_store_shield"" | ""ic_stove"" | ""ic_subway_front"" | ""ic_suitcase"" | ""ic_sun"" | ""ic_swap_dots"" | ""ic_swap_vertical"" | ""ic_tag"" | ""ic_target"" | ""ic_team_viewer_error"" | ""ic_telegram"" | ""ic_thumb_down"" | ""ic_thumb_down_fill"" | ""ic_thumb_up"" | ""ic_thumb_up_fill"" | ""ic_ticket"" | ""ic_ticket_vertical"" | ""ic_tiktok"" | ""ic_toilet"" | ""ic_tooth"" | ""ic_tower_control"" | ""ic_trash"" | ""ic_trending_up"" | ""ic_trending_up_fill"" | ""ic_truck"" | ""ic_truck_speed"" | ""ic_twitter_x"" | ""ic_umbrella"" | ""ic_umbrella_beach"" | ""ic_unfold_less"" | ""ic_unfold_more"" | ""ic_upstairs"" | ""ic_user"" | ""ic_user_help"" | ""ic_user_money"" | ""ic_user_refresh"" | ""ic_users"" | ""ic_vault"" | ""ic_video"" | ""ic_video_game"" | ""ic_volume"" | ""ic_volume_off"" | ""ic_wallet"" | ""ic_wallet_money"" | ""ic_warning_circle"" | ""ic_warning_circle_fill"" | ""ic_washing_machine"" | ""ic_water_drop"" | ""ic_water_ladder"" | ""ic_wave_form"" | ""ic_whatsapp"" | ""ic_wheelbarrow"" | ""ic_withdraw"" | ""ic_youtube"" | undefined",Campo editorial,p69636f6e,components/Molecules/Button/FloatingActionButton/FloatingActionButton.d.ts
FloatingActionButton,ds-floating-action-button,hierarchy,FloatingActionButtonHierarchy | undefined,Campo editorial,p686965726172636879,components/Molecules/Button/FloatingActionButton/FloatingActionButton.d.ts
FloatingActionButton,ds-floating-action-button,size,"""large"" | undefined",Campo editorial,p73697a65,components/Molecules/Button/FloatingActionButton/FloatingActionButton.d.ts
FloatingActionButton,ds-floating-action-button,variant,"""default"" | undefined",Campo editorial,p76617269616e74,components/Molecules/Button/FloatingActionButton/FloatingActionButton.d.ts
FloatingActionButton,ds-floating-action-button,state,FloatingActionButtonState | undefined,Campo editorial,p7374617465,components/Molecules/Button/FloatingActionButton/FloatingActionButton.d.ts
FloatingActionButton,ds-floating-action-button,disabled,boolean | undefined,Campo editorial,p64697361626c6564,components/Molecules/Button/FloatingActionButton/FloatingActionButton.d.ts
FloatingActionButton,ds-floating-action-button,behavior,FloatingActionButtonBehaviorType | undefined,Campo editorial,p6265686176696f72,components/Molecules/Button/FloatingActionButton/FloatingActionButton.d.ts
FloatingActionButton,ds-floating-action-button,onTag,((data: TagProps) => void) | undefined,Callback implementado no runtime; evento de integração,,components/Molecules/Button/FloatingActionButton/FloatingActionButton.d.ts
Icon,ds-icon,asset,"""ic_accessibility"" | ""ic_add"" | ""ic_alarm"" | ""ic_alarm_add"" | ""ic_alarm_check"" | ""ic_alarm_off"" | ""ic_alternate_email"" | ""ic_alternate_email_fill"" | ""ic_android"" | ""ic_apple"" | ""ic_apple_inc"" | ""ic_apps"" | ""ic_apps_fill"" | ""ic_armchair"" | ""ic_arrow_down"" | ""ic_arrow_down_left"" | ""ic_arrow_down_right"" | ""ic_arrow_download"" | ""ic_arrow_download_error"" | ""ic_arrow_left"" | ""ic_arrow_right"" | ""ic_arrow_up"" | ""ic_arrow_upload"" | ""ic_asterisks"" | ""ic_attachment"" | ""ic_babi_avatar"" | ""ic_babi_avatar_bw"" | ""ic_baby"" | ""ic_backpack"" | ""ic_backward_step"" | ""ic_badge_check"" | ""ic_badge_check_fill"" | ""ic_badge_star"" | ""ic_bandage"" | ""ic_bank"" | ""ic_bank_transfer"" | ""ic_barbecue"" | ""ic_barcode"" | ""ic_barn"" | ""ic_bars_money"" | ""ic_bars_search"" | ""ic_bathtub"" | ""ic_beach_ball"" | ""ic_bed"" | ""ic_beer"" | ""ic_bell"" | ""ic_bell_concierge"" | ""ic_bell_notification"" | ""ic_bell_ring"" | ""ic_bicycle"" | ""ic_bitcoin"" | ""ic_book_flip"" | ""ic_book_open"" | ""ic_bowl_spoon"" | ""ic_box"" | ""ic_box_add"" | ""ic_box_arrow_down"" | ""ic_box_arrow_up"" | ""ic_box_fill"" | ""ic_box_off"" | ""ic_boxes"" | ""ic_brain"" | ""ic_briefcase"" | ""ic_building"" | ""ic_bus_front"" | ""ic_cake"" | ""ic_calculator"" | ""ic_calendar"" | ""ic_calendar_clock"" | ""ic_calendar_money"" | ""ic_car"" | ""ic_car_front"" | ""ic_car_tag"" | ""ic_card_machine"" | ""ic_cashback"" | ""ic_cat"" | ""ic_celebration"" | ""ic_chart_bar"" | ""ic_chart_bar_filled"" | ""ic_chart_pie"" | ""ic_check"" | ""ic_check_circle"" | ""ic_check_circle_fill"" | ""ic_checklist"" | ""ic_chef_hat"" | ""ic_chevron_down"" | ""ic_chevron_left"" | ""ic_chevron_right"" | ""ic_chevron_up"" | ""ic_chocolate"" | ""ic_circle_error_check"" | ""ic_circle_off"" | ""ic_city_hall"" | ""ic_clapper"" | ""ic_clipboard"" | ""ic_clipboard_apple"" | ""ic_clock"" | ""ic_close"" | ""ic_close_circle"" | ""ic_close_circle_fill"" | ""ic_cocktail"" | ""ic_code"" | ""ic_coffee"" | ""ic_coin"" | ""ic_coin_add"" | ""ic_coin_arrow_down_in"" | ""ic_coin_arrow_up_in"" | ""ic_coin_arrow_up_out"" | ""ic_coin_chart"" | ""ic_coin_check"" | ""ic_coin_ellipsis"" | ""ic_coin_off"" | ""ic_coin_remove"" | ""ic_coin_shield"" | ""ic_coin_thirteen"" | ""ic_comment"" | ""ic_comments"" | ""ic_compass"" | ""ic_compass_off"" | ""ic_compress"" | ""ic_config"" | ""ic_contactless"" | ""ic_contract"" | ""ic_contract_arrow_down"" | ""ic_contract_arrow_up"" | ""ic_contract_blank"" | ""ic_contract_check"" | ""ic_contract_error"" | ""ic_contract_money"" | ""ic_contract_pix"" | ""ic_contract_refresh"" | ""ic_copy"" | ""ic_coupon"" | ""ic_credit_card"" | ""ic_credit_card_add"" | ""ic_credit_card_house"" | ""ic_credit_card_nfc"" | ""ic_credit_card_pix"" | ""ic_credit_card_shield"" | ""ic_crosshairs"" | ""ic_currency_exchange"" | ""ic_desktop"" | ""ic_desktop_user"" | ""ic_desktop_wifi"" | ""ic_dialpad"" | ""ic_dining_table"" | ""ic_discord"" | ""ic_document"" | ""ic_document_blank"" | ""ic_document_blank_fill"" | ""ic_dog"" | ""ic_dolly"" | ""ic_door_tag"" | ""ic_doorlock"" | ""ic_downstairs"" | ""ic_drag_handle"" | ""ic_driver_helmet"" | ""ic_ear_listen"" | ""ic_easter_egg"" | ""ic_edit"" | ""ic_ellipsis"" | ""ic_ellipsis_vertical"" | ""ic_envelope"" | ""ic_escalator_arrow_down"" | ""ic_escalator_arrow_up"" | ""ic_euro"" | ""ic_expand"" | ""ic_expand_arrow"" | ""ic_eye_closed"" | ""ic_eye_open"" | ""ic_face_id"" | ""ic_facebook"" | ""ic_file_csv"" | ""ic_file_exp"" | ""ic_file_ofx"" | ""ic_file_pdf"" | ""ic_file_txt"" | ""ic_film"" | ""ic_filter"" | ""ic_fingerprint"" | ""ic_first_page"" | ""ic_flag_abkhazia_rounded"" | ""ic_flag_afghanistan_rounded"" | ""ic_flag_aland_islands_rounded"" | ""ic_flag_albania_rounded"" | ""ic_flag_algeria_rounded"" | ""ic_flag_american_samoa_rounded"" | ""ic_flag_andorra_rounded"" | ""ic_flag_angola_rounded"" | ""ic_flag_anguilla_rounded"" | ""ic_flag_antigua_and_barbuda_rounded"" | ""ic_flag_argentina"" | ""ic_flag_argentina_bw"" | ""ic_flag_argentina_rounded"" | ""ic_flag_armenia_rounded"" | ""ic_flag_aruba_rounded"" | ""ic_flag_australia_rounded"" | ""ic_flag_austria_rounded"" | ""ic_flag_azerbaijan_rounded"" | ""ic_flag_azores_islands_rounded"" | ""ic_flag_bahamas_rounded"" | ""ic_flag_bahrain_rounded"" | ""ic_flag_balearic_islands_rounded"" | ""ic_flag_bangladesh_rounded"" | ""ic_flag_barbados_rounded"" | ""ic_flag_basque_country_rounded"" | ""ic_flag_belarus_rounded"" | ""ic_flag_belgium_rounded"" | ""ic_flag_belize_rounded"" | ""ic_flag_benin_rounded"" | ""ic_flag_bermuda_rounded"" | ""ic_flag_bhutan_rounded"" | ""ic_flag_bolivia_rounded"" | ""ic_flag_bonaire_rounded"" | ""ic_flag_bosnia_and_herzegovina_rounded"" | ""ic_flag_botswana_rounded"" | ""ic_flag_brazil"" | ""ic_flag_brazil_bw"" | ""ic_flag_brazil_rounded"" | ""ic_flag_british_columbia_rounded"" | ""ic_flag_british_indian_ocean_territory_rounded"" | ""ic_flag_british_virgin_islands_rounded"" | ""ic_flag_brunei_rounded"" | ""ic_flag_bulgaria_rounded"" | ""ic_flag_burkina_faso_rounded"" | ""ic_flag_burundi_rounded"" | ""ic_flag_cambodia_rounded"" | ""ic_flag_cameroon_rounded"" | ""ic_flag_canada_rounded"" | ""ic_flag_canary_islands_rounded"" | ""ic_flag_cape_verde_rounded"" | ""ic_flag_cayman_islands"" | ""ic_flag_cayman_islands_bw"" | ""ic_flag_cayman_islands_rounded"" | ""ic_flag_central_african_republic_rounded"" | ""ic_flag_ceuta_rounded"" | ""ic_flag_chad_rounded"" | ""ic_flag_chile_rounded"" | ""ic_flag_china_rounded"" | ""ic_flag_cocos_island_rounded"" | ""ic_flag_colombia_rounded"" | ""ic_flag_comoros_rounded"" | ""ic_flag_cook_islands_rounded"" | ""ic_flag_corsica_rounded"" | ""ic_flag_costa_rica_rounded"" | ""ic_flag_croatia_rounded"" | ""ic_flag_cuba_rounded"" | ""ic_flag_curacao_rounded"" | ""ic_flag_cyprus_rounded"" | ""ic_flag_czech_republic_rounded"" | ""ic_flag_democratic_republic_of_congo_rounded"" | ""ic_flag_denmark_rounded"" | ""ic_flag_djibouti_rounded"" | ""ic_flag_dominica_rounded"" | ""ic_flag_dominican_republic_rounded"" | ""ic_flag_east_timor_rounded"" | ""ic_flag_ecuador_rounded"" | ""ic_flag_egypt_rounded"" | ""ic_flag_el_salvador_rounded"" | ""ic_flag_england_rounded"" | ""ic_flag_equatorial_guinea_rounded"" | ""ic_flag_eritrea_rounded"" | ""ic_flag_estonia_rounded"" | ""ic_flag_ethiopia_rounded"" | ""ic_flag_european_union_rounded"" | ""ic_flag_falkland_islands_rounded"" | ""ic_flag_faroe_islands_rounded"" | ""ic_flag_fiji_rounded"" | ""ic_flag_finland_rounded"" | ""ic_flag_france_rounded"" | ""ic_flag_french_polynesia_rounded"" | ""ic_flag_gabon_rounded"" | ""ic_flag_galapagos_islands_rounded"" | ""ic_flag_gambia_rounded"" | ""ic_flag_georgia_rounded"" | ""ic_flag_germany_rounded"" | ""ic_flag_ghana_rounded"" | ""ic_flag_gibraltar_rounded"" | ""ic_flag_globe"" | ""ic_flag_globe_bw"" | ""ic_flag_greece_rounded"" | ""ic_flag_greenland_rounded"" | ""ic_flag_grenada_rounded"" | ""ic_flag_guam_rounded"" | ""ic_flag_guatemala_rounded"" | ""ic_flag_guernsey_rounded"" | ""ic_flag_guinea_bissau_rounded"" | ""ic_flag_guinea_rounded"" | ""ic_flag_guyana_rounded"" | ""ic_flag_haiti_rounded"" | ""ic_flag_hawaii_rounded"" | ""ic_flag_honduras_rounded"" | ""ic_flag_hong_kong_rounded"" | ""ic_flag_hungary_rounded"" | ""ic_flag_iceland_rounded"" | ""ic_flag_india_rounded"" | ""ic_flag_indonesia_rounded"" | ""ic_flag_iran_rounded"" | ""ic_flag_iraq_rounded"" | ""ic_flag_ireland_rounded"" | ""ic_flag_isle_of_man_rounded"" | ""ic_flag_israel_rounded"" | ""ic_flag_italy_rounded"" | ""ic_flag_ivory_coast_rounded"" | ""ic_flag_jamaica_rounded"" | ""ic_flag_japan_rounded"" | ""ic_flag_jersey_rounded"" | ""ic_flag_jordan_rounded"" | ""ic_flag_kazakhstan_rounded"" | ""ic_flag_kenya_rounded"" | ""ic_flag_kiribati_rounded"" | ""ic_flag_kosovo_rounded"" | ""ic_flag_kuwait_rounded"" | ""ic_flag_kyrgyzstan_rounded"" | ""ic_flag_laos_rounded"" | ""ic_flag_latvia_rounded"" | ""ic_flag_lebanon_rounded"" | ""ic_flag_lesotho_rounded"" | ""ic_flag_liberia_rounded"" | ""ic_flag_libya_rounded"" | ""ic_flag_liechtenstein_rounded"" | ""ic_flag_lithuania_rounded"" | ""ic_flag_luxembourg_rounded"" | ""ic_flag_macao_rounded"" | ""ic_flag_madagascar_rounded"" | ""ic_flag_madeira_rounded"" | ""ic_flag_malawi_rounded"" | ""ic_flag_malaysia_rounded"" | ""ic_flag_maldives_rounded"" | ""ic_flag_mali_rounded"" | ""ic_flag_malta_rounded"" | ""ic_flag_marshall_island_rounded"" | ""ic_flag_martinique_rounded"" | ""ic_flag_mauritania_rounded"" | ""ic_flag_mauritius_rounded"" | ""ic_flag_melilla_rounded"" | ""ic_flag_mexico_rounded"" | ""ic_flag_micronesia_rounded"" | ""ic_flag_moldova_rounded"" | ""ic_flag_monaco_rounded"" | ""ic_flag_mongolia_rounded"" | ""ic_flag_montenegro_rounded"" | ""ic_flag_montserrat_rounded"" | ""ic_flag_morocco_rounded"" | ""ic_flag_mozambique_rounded"" | ""ic_flag_myanmar_rounded"" | ""ic_flag_namibia_rounded"" | ""ic_flag_nato_rounded"" | ""ic_flag_nauru_rounded"" | ""ic_flag_nepal_rounded"" | ""ic_flag_netherlands_rounded"" | ""ic_flag_new_zealand_rounded"" | ""ic_flag_nicaragua_rounded"" | ""ic_flag_niger_rounded"" | ""ic_flag_nigeria_rounded"" | ""ic_flag_niue_rounded"" | ""ic_flag_norfolk_island_rounded"" | ""ic_flag_north_korea_rounded"" | ""ic_flag_northern_cyprus_rounded"" | ""ic_flag_northern_marianas_islands_rounded"" | ""ic_flag_norway_rounded"" | ""ic_flag_oman_rounded"" | ""ic_flag_orkney_islands_rounded"" | ""ic_flag_ossetia_rounded"" | ""ic_flag_pakistan_rounded"" | ""ic_flag_palau_rounded"" | ""ic_flag_palestine_rounded"" | ""ic_flag_panama_rounded"" | ""ic_flag_papua_new_guinea_rounded"" | ""ic_flag_paraguay_rounded"" | ""ic_flag_peru_rounded"" | ""ic_flag_philippines_rounded"" | ""ic_flag_pitcairn_islands_rounded"" | ""ic_flag_poland_rounded"" | ""ic_flag_portugal_rounded"" | ""ic_flag_puerto_rico_rounded"" | ""ic_flag_qatar_rounded"" | ""ic_flag_rapa_nui_rounded"" | ""ic_flag_republic_of_macedonia_rounded"" | ""ic_flag_republic_of_the_congo_rounded"" | ""ic_flag_romania_rounded"" | ""ic_flag_russia_rounded"" | ""ic_flag_rwanda_rounded"" | ""ic_flag_saba_island_rounded"" | ""ic_flag_sahrawi_arab_democratic_republic_rounded"" | ""ic_flag_saint_kitts_and_nevis_rounded"" | ""ic_flag_samoa_rounded"" | ""ic_flag_san_marino_rounded"" | ""ic_flag_sao_tome_and_prince_rounded"" | ""ic_flag_sardinia_rounded"" | ""ic_flag_saudi_arabia_rounded"" | ""ic_flag_scotland_rounded"" | ""ic_flag_senegal_rounded"" | ""ic_flag_serbia_rounded"" | ""ic_flag_seychelles_rounded"" | ""ic_flag_sierra_leone_rounded"" | ""ic_flag_singapore_rounded"" | ""ic_flag_sint_eustatius_rounded"" | ""ic_flag_sint_maarten_rounded"" | ""ic_flag_slovakia_rounded"" | ""ic_flag_slovenia_rounded"" | ""ic_flag_solomon_islands_rounded"" | ""ic_flag_somalia_rounded"" | ""ic_flag_somaliland_rounded"" | ""ic_flag_south_africa_rounded"" | ""ic_flag_south_korea_rounded"" | ""ic_flag_south_sudan_rounded"" | ""ic_flag_spain"" | ""ic_flag_spain_bw"" | ""ic_flag_spain_rounded"" | ""ic_flag_sri_lanka_rounded"" | ""ic_flag_st_barts_rounded"" | ""ic_flag_st_lucia_rounded"" | ""ic_flag_st_vincent_and_the_grenadines_rounded"" | ""ic_flag_sudan_rounded"" | ""ic_flag_suriname_rounded"" | ""ic_flag_swaziland_rounded"" | ""ic_flag_sweden_rounded"" | ""ic_flag_switzerland_rounded"" | ""ic_flag_syria_rounded"" | ""ic_flag_taiwan_rounded"" | ""ic_flag_tajikistan_rounded"" | ""ic_flag_tanzania_rounded"" | ""ic_flag_thailand_rounded"" | ""ic_flag_tibet_rounded"" | ""ic_flag_togo_rounded"" | ""ic_flag_tokelau_rounded"" | ""ic_flag_tonga_rounded"" | ""ic_flag_transnistria_rounded"" | ""ic_flag_trinidad_and_tobago_rounded"" | ""ic_flag_tunisia_rounded"" | ""ic_flag_turkey_rounded"" | ""ic_flag_turkmenistan_rounded"" | ""ic_flag_turks_and_caicos_rounded"" | ""ic_flag_tuvalu_rounded"" | ""ic_flag_uganda_rounded"" | ""ic_flag_ukraine_rounded"" | ""ic_flag_united_arab_emirates_rounded"" | ""ic_flag_united_kingdom_rounded"" | ""ic_flag_united_nations_rounded"" | ""ic_flag_united_states"" | ""ic_flag_united_states_bw"" | ""ic_flag_united_states_rounded"" | ""ic_flag_uruguay_rounded"" | ""ic_flag_uzbekistán_rounded"" | ""ic_flag_vanuatu_rounded"" | ""ic_flag_vatican_city_rounded"" | ""ic_flag_venezuela_rounded"" | ""ic_flag_vietnam_rounded"" | ""ic_flag_virgin_islands_rounded"" | ""ic_flag_wales_rounded"" | ""ic_flag_yemen_rounded"" | ""ic_flag_zambia_rounded"" | ""ic_flag_zimbabwe_rounded"" | ""ic_flash"" | ""ic_flash_off"" | ""ic_flashlight"" | ""ic_fork_knife"" | ""ic_forward_step"" | ""ic_gas_station"" | ""ic_gift"" | ""ic_gift_money"" | ""ic_globe"" | ""ic_globe_trending_up"" | ""ic_google_play"" | ""ic_graduation_cap"" | ""ic_hamburguer"" | ""ic_hand_coin"" | ""ic_hand_config"" | ""ic_hand_house"" | ""ic_hand_money"" | ""ic_hand_user"" | ""ic_handshake"" | ""ic_heart"" | ""ic_heart_ecg"" | ""ic_heart_fill"" | ""ic_help_circle"" | ""ic_help_circle_fill"" | ""ic_high_heels"" | ""ic_history"" | ""ic_house"" | ""ic_house_check"" | ""ic_house_fill"" | ""ic_house_filled"" | ""ic_house_half"" | ""ic_house_moving"" | ""ic_house_trending_up"" | ""ic_i_safe"" | ""ic_image"" | ""ic_image_arrow_up"" | ""ic_image_error"" | ""ic_images"" | ""ic_info_circle"" | ""ic_info_circle_fill"" | ""ic_instagram"" | ""ic_inter"" | ""ic_inter_loop"" | ""ic_investment_filled"" | ""ic_key"" | ""ic_last_page"" | ""ic_lightbulb_off"" | ""ic_lightbulb_on"" | ""ic_link"" | ""ic_link_money"" | ""ic_linkedin"" | ""ic_list"" | ""ic_loading"" | ""ic_location"" | ""ic_location_map"" | ""ic_luggage"" | ""ic_mask_carnival"" | ""ic_mask_comedy"" | ""ic_medal_p_letter"" | ""ic_medal_q_letter"" | ""ic_medical_shield"" | ""ic_medical_square"" | ""ic_menu"" | ""ic_menu_filled"" | ""ic_message_ellipsis"" | ""ic_message_ellipsis_fill"" | ""ic_messages"" | ""ic_messages_fill"" | ""ic_messages_filled"" | ""ic_mic"" | ""ic_money_check"" | ""ic_money_check_arrow_down"" | ""ic_money_check_back"" | ""ic_money_check_check"" | ""ic_money_check_ellipsis"" | ""ic_money_check_error"" | ""ic_money_check_location"" | ""ic_money_check_pointer"" | ""ic_money_check_refresh"" | ""ic_money_frame"" | ""ic_moon"" | ""ic_motorcycle"" | ""ic_motorcycle_delivery"" | ""ic_muscle"" | ""ic_music_note"" | ""ic_nurse"" | ""ic_open_finance"" | ""ic_open_new"" | ""ic_orange"" | ""ic_orange_fill"" | ""ic_padlock"" | ""ic_padlock_open"" | ""ic_paint_roller"" | ""ic_paint_roller_fill"" | ""ic_paper_money"" | ""ic_paper_trending_up"" | ""ic_parking"" | ""ic_parking_short_term"" | ""ic_pause_circle"" | ""ic_paw"" | ""ic_payment_alelo"" | ""ic_payment_amazon"" | ""ic_payment_amex"" | ""ic_payment_apple_pay"" | ""ic_payment_diners_club"" | ""ic_payment_discover"" | ""ic_payment_elo"" | ""ic_payment_google_pay"" | ""ic_payment_hipercard"" | ""ic_payment_jcb"" | ""ic_payment_mastercard"" | ""ic_payment_paypal"" | ""ic_payment_plaid"" | ""ic_payment_pluxee"" | ""ic_payment_ticket"" | ""ic_payment_visa"" | ""ic_payment_vr"" | ""ic_phone"" | ""ic_phone_ring"" | ""ic_phone_rotary"" | ""ic_photo"" | ""ic_photo_off"" | ""ic_piggy_arrow_up"" | ""ic_piggy_bank"" | ""ic_piggy_money"" | ""ic_pill"" | ""ic_pillar"" | ""ic_pix"" | ""ic_plane_arrival"" | ""ic_plane_departure"" | ""ic_play"" | ""ic_play_fill"" | ""ic_play_frame"" | ""ic_plug"" | ""ic_printer"" | ""ic_purse"" | ""ic_qr_code"" | ""ic_qr_code_padlock"" | ""ic_receipt"" | ""ic_receipt_notification"" | ""ic_refrigerator"" | ""ic_remove"" | ""ic_remove_circle"" | ""ic_reply"" | ""ic_ring"" | ""ic_robot"" | ""ic_rocket"" | ""ic_rotate"" | ""ic_rotate_add"" | ""ic_rotate_check"" | ""ic_rotate_money"" | ""ic_rotate_right"" | ""ic_rotate_strokes_money"" | ""ic_scissors"" | ""ic_score"" | ""ic_search"" | ""ic_search_error"" | ""ic_search_sparkle"" | ""ic_seedling"" | ""ic_send"" | ""ic_share"" | ""ic_ship_front"" | ""ic_shirt"" | ""ic_shopping_bag"" | ""ic_shopping_bag_filled"" | ""ic_shopping_basket"" | ""ic_shopping_cart"" | ""ic_shopping_cart_add"" | ""ic_shopping_cart_arrow_down"" | ""ic_shopping_cart_auto"" | ""ic_shopping_cart_bars"" | ""ic_shopping_cart_error"" | ""ic_shopping_cart_fill"" | ""ic_shopping_cart_filled"" | ""ic_shuffle"" | ""ic_sign_in"" | ""ic_sign_out"" | ""ic_sim_card"" | ""ic_sliders"" | ""ic_smartphone"" | ""ic_smartphone_money"" | ""ic_smartphone_wifi"" | ""ic_sneakers"" | ""ic_soccer_ball"" | ""ic_sort"" | ""ic_sort_down"" | ""ic_sort_up"" | ""ic_sparkle"" | ""ic_spotify"" | ""ic_spray_bottle"" | ""ic_star"" | ""ic_star_fill"" | ""ic_star_half"" | ""ic_stethoscope"" | ""ic_stopwatch"" | ""ic_store"" | ""ic_store_shield"" | ""ic_stove"" | ""ic_subway_front"" | ""ic_suitcase"" | ""ic_sun"" | ""ic_swap_dots"" | ""ic_swap_vertical"" | ""ic_tag"" | ""ic_target"" | ""ic_team_viewer_error"" | ""ic_telegram"" | ""ic_thumb_down"" | ""ic_thumb_down_fill"" | ""ic_thumb_up"" | ""ic_thumb_up_fill"" | ""ic_ticket"" | ""ic_ticket_vertical"" | ""ic_tiktok"" | ""ic_toilet"" | ""ic_tooth"" | ""ic_tower_control"" | ""ic_trash"" | ""ic_trending_up"" | ""ic_trending_up_fill"" | ""ic_truck"" | ""ic_truck_speed"" | ""ic_twitter_x"" | ""ic_umbrella"" | ""ic_umbrella_beach"" | ""ic_unfold_less"" | ""ic_unfold_more"" | ""ic_upstairs"" | ""ic_user"" | ""ic_user_help"" | ""ic_user_money"" | ""ic_user_refresh"" | ""ic_users"" | ""ic_vault"" | ""ic_video"" | ""ic_video_game"" | ""ic_volume"" | ""ic_volume_off"" | ""ic_wallet"" | ""ic_wallet_money"" | ""ic_warning_circle"" | ""ic_warning_circle_fill"" | ""ic_washing_machine"" | ""ic_water_drop"" | ""ic_water_ladder"" | ""ic_wave_form"" | ""ic_whatsapp"" | ""ic_wheelbarrow"" | ""ic_withdraw"" | ""ic_youtube""",Campo editorial,p6173736574,components/Atoms/Icon/Icon.d.ts
Icon,ds-icon,contentDescription,string | undefined,Campo editorial,p636f6e74656e744465736372697074696f6e,components/Atoms/Icon/Icon.d.ts
Icon,ds-icon,size,"""small"" | ""medium"" | ""large"" | undefined",Campo editorial,p73697a65,components/Atoms/Icon/Icon.d.ts
Icon,ds-icon,state,"""enabled"" | ""skeleton"" | ""disabled"" | undefined",Campo editorial,p7374617465,components/Atoms/Icon/Icon.d.ts
Icon,ds-icon,color,IconColorToken | undefined,Campo editorial,p636f6c6f72,components/Atoms/Icon/Icon.d.ts
Icon,ds-icon,id,string | undefined,Campo editorial,p6964,components/Atoms/Icon/Icon.d.ts
Icon,ds-icon,isFlag,boolean | undefined,Campo editorial,p6973466c6167,components/Atoms/Icon/Icon.d.ts
Image,ds-image,src,ImageSrc | undefined,Campo editorial / subpropriedades,"p7372632e6c6f63616c, p7372632e72656d6f74652e6c69676874, p7372632e72656d6f74652e6461726b",components/Atoms/Image/Image.d.ts
Image,ds-image,contentDescription,string | undefined,Campo editorial,p636f6e74656e744465736372697074696f6e,components/Atoms/Image/Image.d.ts
Image,ds-image,contentScale,"""fill"" | ""fit"" | undefined",Campo editorial,p636f6e74656e745363616c65,components/Atoms/Image/Image.d.ts
Image,ds-image,width,string | number | undefined,Campo editorial,p7769647468,components/Atoms/Image/Image.d.ts
Image,ds-image,height,string | number | undefined,Campo editorial,p686569676874,components/Atoms/Image/Image.d.ts
Image,ds-image,fillWidth,boolean | undefined,Campo editorial,p66696c6c5769647468,components/Atoms/Image/Image.d.ts
Image,ds-image,fillHeight,boolean | undefined,Campo editorial,p66696c6c486569676874,components/Atoms/Image/Image.d.ts
Image,ds-image,ratio,number | undefined,Campo editorial,p726174696f,components/Atoms/Image/Image.d.ts
Image,ds-image,radius,"""small"" | ""medium"" | ""large"" | ""full"" | undefined",Campo editorial,p726164697573,components/Atoms/Image/Image.d.ts
Image,ds-image,borderColor,"""disabled"" | ""feedback-error"" | ""feedback-success"" | ""brand-inverse"" | ""brand-strong"" | ""brand-default"" | ""static-white-softer"" | ""static-white-default"" | ""static-black"" | ""neutral-inverse"" | ""neutral-strongest"" | ""neutral-stronger"" | ""neutral-strong"" | ""neutral-default"" | ""neutral-softer"" | undefined",Campo editorial,p626f72646572436f6c6f72,components/Atoms/Image/Image.d.ts
Image,ds-image,borderWeight,"""small"" | ""medium"" | undefined",Campo editorial,p626f72646572576569676874,components/Atoms/Image/Image.d.ts
Image,ds-image,enableZoom,boolean | undefined,Campo editorial,p656e61626c655a6f6f6d,components/Atoms/Image/Image.d.ts
Image,ds-image,state,"""error"" | ""enabled"" | ""skeleton"" | ""disabled"" | undefined",Campo editorial,p7374617465,components/Atoms/Image/Image.d.ts
Image,ds-image,onError,(() => void) | undefined,Callback implementado no runtime; evento de integração,,components/Atoms/Image/Image.d.ts
Image,ds-image,onLoad,(() => void) | undefined,Callback implementado no runtime; evento de integração,,components/Atoms/Image/Image.d.ts
Image,ds-image,id,string | undefined,Campo editorial,p6964,components/Atoms/Image/Image.d.ts
Image,ds-image,className,string | undefined,Campo editorial,p636c6173734e616d65,components/Atoms/Image/Image.d.ts
IconButton,ds-icon-button,size,"""small"" | ""large"" | undefined",Campo editorial,p73697a65,components/Molecules/Button/IconButton/IconButton.d.ts
IconButton,ds-icon-button,hierarchy,Hierarchy | undefined,Campo editorial,p686965726172636879,components/Molecules/Button/IconButton/IconButton.d.ts
IconButton,ds-icon-button,variant,StyleType | undefined,Campo editorial,p76617269616e74,components/Molecules/Button/IconButton/IconButton.d.ts
IconButton,ds-icon-button,icon,"""ic_accessibility"" | ""ic_add"" | ""ic_alarm"" | ""ic_alarm_add"" | ""ic_alarm_check"" | ""ic_alarm_off"" | ""ic_alternate_email"" | ""ic_alternate_email_fill"" | ""ic_android"" | ""ic_apple"" | ""ic_apple_inc"" | ""ic_apps"" | ""ic_apps_fill"" | ""ic_armchair"" | ""ic_arrow_down"" | ""ic_arrow_down_left"" | ""ic_arrow_down_right"" | ""ic_arrow_download"" | ""ic_arrow_download_error"" | ""ic_arrow_left"" | ""ic_arrow_right"" | ""ic_arrow_up"" | ""ic_arrow_upload"" | ""ic_asterisks"" | ""ic_attachment"" | ""ic_babi_avatar"" | ""ic_babi_avatar_bw"" | ""ic_baby"" | ""ic_backpack"" | ""ic_backward_step"" | ""ic_badge_check"" | ""ic_badge_check_fill"" | ""ic_badge_star"" | ""ic_bandage"" | ""ic_bank"" | ""ic_bank_transfer"" | ""ic_barbecue"" | ""ic_barcode"" | ""ic_barn"" | ""ic_bars_money"" | ""ic_bars_search"" | ""ic_bathtub"" | ""ic_beach_ball"" | ""ic_bed"" | ""ic_beer"" | ""ic_bell"" | ""ic_bell_concierge"" | ""ic_bell_notification"" | ""ic_bell_ring"" | ""ic_bicycle"" | ""ic_bitcoin"" | ""ic_book_flip"" | ""ic_book_open"" | ""ic_bowl_spoon"" | ""ic_box"" | ""ic_box_add"" | ""ic_box_arrow_down"" | ""ic_box_arrow_up"" | ""ic_box_fill"" | ""ic_box_off"" | ""ic_boxes"" | ""ic_brain"" | ""ic_briefcase"" | ""ic_building"" | ""ic_bus_front"" | ""ic_cake"" | ""ic_calculator"" | ""ic_calendar"" | ""ic_calendar_clock"" | ""ic_calendar_money"" | ""ic_car"" | ""ic_car_front"" | ""ic_car_tag"" | ""ic_card_machine"" | ""ic_cashback"" | ""ic_cat"" | ""ic_celebration"" | ""ic_chart_bar"" | ""ic_chart_bar_filled"" | ""ic_chart_pie"" | ""ic_check"" | ""ic_check_circle"" | ""ic_check_circle_fill"" | ""ic_checklist"" | ""ic_chef_hat"" | ""ic_chevron_down"" | ""ic_chevron_left"" | ""ic_chevron_right"" | ""ic_chevron_up"" | ""ic_chocolate"" | ""ic_circle_error_check"" | ""ic_circle_off"" | ""ic_city_hall"" | ""ic_clapper"" | ""ic_clipboard"" | ""ic_clipboard_apple"" | ""ic_clock"" | ""ic_close"" | ""ic_close_circle"" | ""ic_close_circle_fill"" | ""ic_cocktail"" | ""ic_code"" | ""ic_coffee"" | ""ic_coin"" | ""ic_coin_add"" | ""ic_coin_arrow_down_in"" | ""ic_coin_arrow_up_in"" | ""ic_coin_arrow_up_out"" | ""ic_coin_chart"" | ""ic_coin_check"" | ""ic_coin_ellipsis"" | ""ic_coin_off"" | ""ic_coin_remove"" | ""ic_coin_shield"" | ""ic_coin_thirteen"" | ""ic_comment"" | ""ic_comments"" | ""ic_compass"" | ""ic_compass_off"" | ""ic_compress"" | ""ic_config"" | ""ic_contactless"" | ""ic_contract"" | ""ic_contract_arrow_down"" | ""ic_contract_arrow_up"" | ""ic_contract_blank"" | ""ic_contract_check"" | ""ic_contract_error"" | ""ic_contract_money"" | ""ic_contract_pix"" | ""ic_contract_refresh"" | ""ic_copy"" | ""ic_coupon"" | ""ic_credit_card"" | ""ic_credit_card_add"" | ""ic_credit_card_house"" | ""ic_credit_card_nfc"" | ""ic_credit_card_pix"" | ""ic_credit_card_shield"" | ""ic_crosshairs"" | ""ic_currency_exchange"" | ""ic_desktop"" | ""ic_desktop_user"" | ""ic_desktop_wifi"" | ""ic_dialpad"" | ""ic_dining_table"" | ""ic_discord"" | ""ic_document"" | ""ic_document_blank"" | ""ic_document_blank_fill"" | ""ic_dog"" | ""ic_dolly"" | ""ic_door_tag"" | ""ic_doorlock"" | ""ic_downstairs"" | ""ic_drag_handle"" | ""ic_driver_helmet"" | ""ic_ear_listen"" | ""ic_easter_egg"" | ""ic_edit"" | ""ic_ellipsis"" | ""ic_ellipsis_vertical"" | ""ic_envelope"" | ""ic_escalator_arrow_down"" | ""ic_escalator_arrow_up"" | ""ic_euro"" | ""ic_expand"" | ""ic_expand_arrow"" | ""ic_eye_closed"" | ""ic_eye_open"" | ""ic_face_id"" | ""ic_facebook"" | ""ic_file_csv"" | ""ic_file_exp"" | ""ic_file_ofx"" | ""ic_file_pdf"" | ""ic_file_txt"" | ""ic_film"" | ""ic_filter"" | ""ic_fingerprint"" | ""ic_first_page"" | ""ic_flag_abkhazia_rounded"" | ""ic_flag_afghanistan_rounded"" | ""ic_flag_aland_islands_rounded"" | ""ic_flag_albania_rounded"" | ""ic_flag_algeria_rounded"" | ""ic_flag_american_samoa_rounded"" | ""ic_flag_andorra_rounded"" | ""ic_flag_angola_rounded"" | ""ic_flag_anguilla_rounded"" | ""ic_flag_antigua_and_barbuda_rounded"" | ""ic_flag_argentina"" | ""ic_flag_argentina_bw"" | ""ic_flag_argentina_rounded"" | ""ic_flag_armenia_rounded"" | ""ic_flag_aruba_rounded"" | ""ic_flag_australia_rounded"" | ""ic_flag_austria_rounded"" | ""ic_flag_azerbaijan_rounded"" | ""ic_flag_azores_islands_rounded"" | ""ic_flag_bahamas_rounded"" | ""ic_flag_bahrain_rounded"" | ""ic_flag_balearic_islands_rounded"" | ""ic_flag_bangladesh_rounded"" | ""ic_flag_barbados_rounded"" | ""ic_flag_basque_country_rounded"" | ""ic_flag_belarus_rounded"" | ""ic_flag_belgium_rounded"" | ""ic_flag_belize_rounded"" | ""ic_flag_benin_rounded"" | ""ic_flag_bermuda_rounded"" | ""ic_flag_bhutan_rounded"" | ""ic_flag_bolivia_rounded"" | ""ic_flag_bonaire_rounded"" | ""ic_flag_bosnia_and_herzegovina_rounded"" | ""ic_flag_botswana_rounded"" | ""ic_flag_brazil"" | ""ic_flag_brazil_bw"" | ""ic_flag_brazil_rounded"" | ""ic_flag_british_columbia_rounded"" | ""ic_flag_british_indian_ocean_territory_rounded"" | ""ic_flag_british_virgin_islands_rounded"" | ""ic_flag_brunei_rounded"" | ""ic_flag_bulgaria_rounded"" | ""ic_flag_burkina_faso_rounded"" | ""ic_flag_burundi_rounded"" | ""ic_flag_cambodia_rounded"" | ""ic_flag_cameroon_rounded"" | ""ic_flag_canada_rounded"" | ""ic_flag_canary_islands_rounded"" | ""ic_flag_cape_verde_rounded"" | ""ic_flag_cayman_islands"" | ""ic_flag_cayman_islands_bw"" | ""ic_flag_cayman_islands_rounded"" | ""ic_flag_central_african_republic_rounded"" | ""ic_flag_ceuta_rounded"" | ""ic_flag_chad_rounded"" | ""ic_flag_chile_rounded"" | ""ic_flag_china_rounded"" | ""ic_flag_cocos_island_rounded"" | ""ic_flag_colombia_rounded"" | ""ic_flag_comoros_rounded"" | ""ic_flag_cook_islands_rounded"" | ""ic_flag_corsica_rounded"" | ""ic_flag_costa_rica_rounded"" | ""ic_flag_croatia_rounded"" | ""ic_flag_cuba_rounded"" | ""ic_flag_curacao_rounded"" | ""ic_flag_cyprus_rounded"" | ""ic_flag_czech_republic_rounded"" | ""ic_flag_democratic_republic_of_congo_rounded"" | ""ic_flag_denmark_rounded"" | ""ic_flag_djibouti_rounded"" | ""ic_flag_dominica_rounded"" | ""ic_flag_dominican_republic_rounded"" | ""ic_flag_east_timor_rounded"" | ""ic_flag_ecuador_rounded"" | ""ic_flag_egypt_rounded"" | ""ic_flag_el_salvador_rounded"" | ""ic_flag_england_rounded"" | ""ic_flag_equatorial_guinea_rounded"" | ""ic_flag_eritrea_rounded"" | ""ic_flag_estonia_rounded"" | ""ic_flag_ethiopia_rounded"" | ""ic_flag_european_union_rounded"" | ""ic_flag_falkland_islands_rounded"" | ""ic_flag_faroe_islands_rounded"" | ""ic_flag_fiji_rounded"" | ""ic_flag_finland_rounded"" | ""ic_flag_france_rounded"" | ""ic_flag_french_polynesia_rounded"" | ""ic_flag_gabon_rounded"" | ""ic_flag_galapagos_islands_rounded"" | ""ic_flag_gambia_rounded"" | ""ic_flag_georgia_rounded"" | ""ic_flag_germany_rounded"" | ""ic_flag_ghana_rounded"" | ""ic_flag_gibraltar_rounded"" | ""ic_flag_globe"" | ""ic_flag_globe_bw"" | ""ic_flag_greece_rounded"" | ""ic_flag_greenland_rounded"" | ""ic_flag_grenada_rounded"" | ""ic_flag_guam_rounded"" | ""ic_flag_guatemala_rounded"" | ""ic_flag_guernsey_rounded"" | ""ic_flag_guinea_bissau_rounded"" | ""ic_flag_guinea_rounded"" | ""ic_flag_guyana_rounded"" | ""ic_flag_haiti_rounded"" | ""ic_flag_hawaii_rounded"" | ""ic_flag_honduras_rounded"" | ""ic_flag_hong_kong_rounded"" | ""ic_flag_hungary_rounded"" | ""ic_flag_iceland_rounded"" | ""ic_flag_india_rounded"" | ""ic_flag_indonesia_rounded"" | ""ic_flag_iran_rounded"" | ""ic_flag_iraq_rounded"" | ""ic_flag_ireland_rounded"" | ""ic_flag_isle_of_man_rounded"" | ""ic_flag_israel_rounded"" | ""ic_flag_italy_rounded"" | ""ic_flag_ivory_coast_rounded"" | ""ic_flag_jamaica_rounded"" | ""ic_flag_japan_rounded"" | ""ic_flag_jersey_rounded"" | ""ic_flag_jordan_rounded"" | ""ic_flag_kazakhstan_rounded"" | ""ic_flag_kenya_rounded"" | ""ic_flag_kiribati_rounded"" | ""ic_flag_kosovo_rounded"" | ""ic_flag_kuwait_rounded"" | ""ic_flag_kyrgyzstan_rounded"" | ""ic_flag_laos_rounded"" | ""ic_flag_latvia_rounded"" | ""ic_flag_lebanon_rounded"" | ""ic_flag_lesotho_rounded"" | ""ic_flag_liberia_rounded"" | ""ic_flag_libya_rounded"" | ""ic_flag_liechtenstein_rounded"" | ""ic_flag_lithuania_rounded"" | ""ic_flag_luxembourg_rounded"" | ""ic_flag_macao_rounded"" | ""ic_flag_madagascar_rounded"" | ""ic_flag_madeira_rounded"" | ""ic_flag_malawi_rounded"" | ""ic_flag_malaysia_rounded"" | ""ic_flag_maldives_rounded"" | ""ic_flag_mali_rounded"" | ""ic_flag_malta_rounded"" | ""ic_flag_marshall_island_rounded"" | ""ic_flag_martinique_rounded"" | ""ic_flag_mauritania_rounded"" | ""ic_flag_mauritius_rounded"" | ""ic_flag_melilla_rounded"" | ""ic_flag_mexico_rounded"" | ""ic_flag_micronesia_rounded"" | ""ic_flag_moldova_rounded"" | ""ic_flag_monaco_rounded"" | ""ic_flag_mongolia_rounded"" | ""ic_flag_montenegro_rounded"" | ""ic_flag_montserrat_rounded"" | ""ic_flag_morocco_rounded"" | ""ic_flag_mozambique_rounded"" | ""ic_flag_myanmar_rounded"" | ""ic_flag_namibia_rounded"" | ""ic_flag_nato_rounded"" | ""ic_flag_nauru_rounded"" | ""ic_flag_nepal_rounded"" | ""ic_flag_netherlands_rounded"" | ""ic_flag_new_zealand_rounded"" | ""ic_flag_nicaragua_rounded"" | ""ic_flag_niger_rounded"" | ""ic_flag_nigeria_rounded"" | ""ic_flag_niue_rounded"" | ""ic_flag_norfolk_island_rounded"" | ""ic_flag_north_korea_rounded"" | ""ic_flag_northern_cyprus_rounded"" | ""ic_flag_northern_marianas_islands_rounded"" | ""ic_flag_norway_rounded"" | ""ic_flag_oman_rounded"" | ""ic_flag_orkney_islands_rounded"" | ""ic_flag_ossetia_rounded"" | ""ic_flag_pakistan_rounded"" | ""ic_flag_palau_rounded"" | ""ic_flag_palestine_rounded"" | ""ic_flag_panama_rounded"" | ""ic_flag_papua_new_guinea_rounded"" | ""ic_flag_paraguay_rounded"" | ""ic_flag_peru_rounded"" | ""ic_flag_philippines_rounded"" | ""ic_flag_pitcairn_islands_rounded"" | ""ic_flag_poland_rounded"" | ""ic_flag_portugal_rounded"" | ""ic_flag_puerto_rico_rounded"" | ""ic_flag_qatar_rounded"" | ""ic_flag_rapa_nui_rounded"" | ""ic_flag_republic_of_macedonia_rounded"" | ""ic_flag_republic_of_the_congo_rounded"" | ""ic_flag_romania_rounded"" | ""ic_flag_russia_rounded"" | ""ic_flag_rwanda_rounded"" | ""ic_flag_saba_island_rounded"" | ""ic_flag_sahrawi_arab_democratic_republic_rounded"" | ""ic_flag_saint_kitts_and_nevis_rounded"" | ""ic_flag_samoa_rounded"" | ""ic_flag_san_marino_rounded"" | ""ic_flag_sao_tome_and_prince_rounded"" | ""ic_flag_sardinia_rounded"" | ""ic_flag_saudi_arabia_rounded"" | ""ic_flag_scotland_rounded"" | ""ic_flag_senegal_rounded"" | ""ic_flag_serbia_rounded"" | ""ic_flag_seychelles_rounded"" | ""ic_flag_sierra_leone_rounded"" | ""ic_flag_singapore_rounded"" | ""ic_flag_sint_eustatius_rounded"" | ""ic_flag_sint_maarten_rounded"" | ""ic_flag_slovakia_rounded"" | ""ic_flag_slovenia_rounded"" | ""ic_flag_solomon_islands_rounded"" | ""ic_flag_somalia_rounded"" | ""ic_flag_somaliland_rounded"" | ""ic_flag_south_africa_rounded"" | ""ic_flag_south_korea_rounded"" | ""ic_flag_south_sudan_rounded"" | ""ic_flag_spain"" | ""ic_flag_spain_bw"" | ""ic_flag_spain_rounded"" | ""ic_flag_sri_lanka_rounded"" | ""ic_flag_st_barts_rounded"" | ""ic_flag_st_lucia_rounded"" | ""ic_flag_st_vincent_and_the_grenadines_rounded"" | ""ic_flag_sudan_rounded"" | ""ic_flag_suriname_rounded"" | ""ic_flag_swaziland_rounded"" | ""ic_flag_sweden_rounded"" | ""ic_flag_switzerland_rounded"" | ""ic_flag_syria_rounded"" | ""ic_flag_taiwan_rounded"" | ""ic_flag_tajikistan_rounded"" | ""ic_flag_tanzania_rounded"" | ""ic_flag_thailand_rounded"" | ""ic_flag_tibet_rounded"" | ""ic_flag_togo_rounded"" | ""ic_flag_tokelau_rounded"" | ""ic_flag_tonga_rounded"" | ""ic_flag_transnistria_rounded"" | ""ic_flag_trinidad_and_tobago_rounded"" | ""ic_flag_tunisia_rounded"" | ""ic_flag_turkey_rounded"" | ""ic_flag_turkmenistan_rounded"" | ""ic_flag_turks_and_caicos_rounded"" | ""ic_flag_tuvalu_rounded"" | ""ic_flag_uganda_rounded"" | ""ic_flag_ukraine_rounded"" | ""ic_flag_united_arab_emirates_rounded"" | ""ic_flag_united_kingdom_rounded"" | ""ic_flag_united_nations_rounded"" | ""ic_flag_united_states"" | ""ic_flag_united_states_bw"" | ""ic_flag_united_states_rounded"" | ""ic_flag_uruguay_rounded"" | ""ic_flag_uzbekistán_rounded"" | ""ic_flag_vanuatu_rounded"" | ""ic_flag_vatican_city_rounded"" | ""ic_flag_venezuela_rounded"" | ""ic_flag_vietnam_rounded"" | ""ic_flag_virgin_islands_rounded"" | ""ic_flag_wales_rounded"" | ""ic_flag_yemen_rounded"" | ""ic_flag_zambia_rounded"" | ""ic_flag_zimbabwe_rounded"" | ""ic_flash"" | ""ic_flash_off"" | ""ic_flashlight"" | ""ic_fork_knife"" | ""ic_forward_step"" | ""ic_gas_station"" | ""ic_gift"" | ""ic_gift_money"" | ""ic_globe"" | ""ic_globe_trending_up"" | ""ic_google_play"" | ""ic_graduation_cap"" | ""ic_hamburguer"" | ""ic_hand_coin"" | ""ic_hand_config"" | ""ic_hand_house"" | ""ic_hand_money"" | ""ic_hand_user"" | ""ic_handshake"" | ""ic_heart"" | ""ic_heart_ecg"" | ""ic_heart_fill"" | ""ic_help_circle"" | ""ic_help_circle_fill"" | ""ic_high_heels"" | ""ic_history"" | ""ic_house"" | ""ic_house_check"" | ""ic_house_fill"" | ""ic_house_filled"" | ""ic_house_half"" | ""ic_house_moving"" | ""ic_house_trending_up"" | ""ic_i_safe"" | ""ic_image"" | ""ic_image_arrow_up"" | ""ic_image_error"" | ""ic_images"" | ""ic_info_circle"" | ""ic_info_circle_fill"" | ""ic_instagram"" | ""ic_inter"" | ""ic_inter_loop"" | ""ic_investment_filled"" | ""ic_key"" | ""ic_last_page"" | ""ic_lightbulb_off"" | ""ic_lightbulb_on"" | ""ic_link"" | ""ic_link_money"" | ""ic_linkedin"" | ""ic_list"" | ""ic_loading"" | ""ic_location"" | ""ic_location_map"" | ""ic_luggage"" | ""ic_mask_carnival"" | ""ic_mask_comedy"" | ""ic_medal_p_letter"" | ""ic_medal_q_letter"" | ""ic_medical_shield"" | ""ic_medical_square"" | ""ic_menu"" | ""ic_menu_filled"" | ""ic_message_ellipsis"" | ""ic_message_ellipsis_fill"" | ""ic_messages"" | ""ic_messages_fill"" | ""ic_messages_filled"" | ""ic_mic"" | ""ic_money_check"" | ""ic_money_check_arrow_down"" | ""ic_money_check_back"" | ""ic_money_check_check"" | ""ic_money_check_ellipsis"" | ""ic_money_check_error"" | ""ic_money_check_location"" | ""ic_money_check_pointer"" | ""ic_money_check_refresh"" | ""ic_money_frame"" | ""ic_moon"" | ""ic_motorcycle"" | ""ic_motorcycle_delivery"" | ""ic_muscle"" | ""ic_music_note"" | ""ic_nurse"" | ""ic_open_finance"" | ""ic_open_new"" | ""ic_orange"" | ""ic_orange_fill"" | ""ic_padlock"" | ""ic_padlock_open"" | ""ic_paint_roller"" | ""ic_paint_roller_fill"" | ""ic_paper_money"" | ""ic_paper_trending_up"" | ""ic_parking"" | ""ic_parking_short_term"" | ""ic_pause_circle"" | ""ic_paw"" | ""ic_payment_alelo"" | ""ic_payment_amazon"" | ""ic_payment_amex"" | ""ic_payment_apple_pay"" | ""ic_payment_diners_club"" | ""ic_payment_discover"" | ""ic_payment_elo"" | ""ic_payment_google_pay"" | ""ic_payment_hipercard"" | ""ic_payment_jcb"" | ""ic_payment_mastercard"" | ""ic_payment_paypal"" | ""ic_payment_plaid"" | ""ic_payment_pluxee"" | ""ic_payment_ticket"" | ""ic_payment_visa"" | ""ic_payment_vr"" | ""ic_phone"" | ""ic_phone_ring"" | ""ic_phone_rotary"" | ""ic_photo"" | ""ic_photo_off"" | ""ic_piggy_arrow_up"" | ""ic_piggy_bank"" | ""ic_piggy_money"" | ""ic_pill"" | ""ic_pillar"" | ""ic_pix"" | ""ic_plane_arrival"" | ""ic_plane_departure"" | ""ic_play"" | ""ic_play_fill"" | ""ic_play_frame"" | ""ic_plug"" | ""ic_printer"" | ""ic_purse"" | ""ic_qr_code"" | ""ic_qr_code_padlock"" | ""ic_receipt"" | ""ic_receipt_notification"" | ""ic_refrigerator"" | ""ic_remove"" | ""ic_remove_circle"" | ""ic_reply"" | ""ic_ring"" | ""ic_robot"" | ""ic_rocket"" | ""ic_rotate"" | ""ic_rotate_add"" | ""ic_rotate_check"" | ""ic_rotate_money"" | ""ic_rotate_right"" | ""ic_rotate_strokes_money"" | ""ic_scissors"" | ""ic_score"" | ""ic_search"" | ""ic_search_error"" | ""ic_search_sparkle"" | ""ic_seedling"" | ""ic_send"" | ""ic_share"" | ""ic_ship_front"" | ""ic_shirt"" | ""ic_shopping_bag"" | ""ic_shopping_bag_filled"" | ""ic_shopping_basket"" | ""ic_shopping_cart"" | ""ic_shopping_cart_add"" | ""ic_shopping_cart_arrow_down"" | ""ic_shopping_cart_auto"" | ""ic_shopping_cart_bars"" | ""ic_shopping_cart_error"" | ""ic_shopping_cart_fill"" | ""ic_shopping_cart_filled"" | ""ic_shuffle"" | ""ic_sign_in"" | ""ic_sign_out"" | ""ic_sim_card"" | ""ic_sliders"" | ""ic_smartphone"" | ""ic_smartphone_money"" | ""ic_smartphone_wifi"" | ""ic_sneakers"" | ""ic_soccer_ball"" | ""ic_sort"" | ""ic_sort_down"" | ""ic_sort_up"" | ""ic_sparkle"" | ""ic_spotify"" | ""ic_spray_bottle"" | ""ic_star"" | ""ic_star_fill"" | ""ic_star_half"" | ""ic_stethoscope"" | ""ic_stopwatch"" | ""ic_store"" | ""ic_store_shield"" | ""ic_stove"" | ""ic_subway_front"" | ""ic_suitcase"" | ""ic_sun"" | ""ic_swap_dots"" | ""ic_swap_vertical"" | ""ic_tag"" | ""ic_target"" | ""ic_team_viewer_error"" | ""ic_telegram"" | ""ic_thumb_down"" | ""ic_thumb_down_fill"" | ""ic_thumb_up"" | ""ic_thumb_up_fill"" | ""ic_ticket"" | ""ic_ticket_vertical"" | ""ic_tiktok"" | ""ic_toilet"" | ""ic_tooth"" | ""ic_tower_control"" | ""ic_trash"" | ""ic_trending_up"" | ""ic_trending_up_fill"" | ""ic_truck"" | ""ic_truck_speed"" | ""ic_twitter_x"" | ""ic_umbrella"" | ""ic_umbrella_beach"" | ""ic_unfold_less"" | ""ic_unfold_more"" | ""ic_upstairs"" | ""ic_user"" | ""ic_user_help"" | ""ic_user_money"" | ""ic_user_refresh"" | ""ic_users"" | ""ic_vault"" | ""ic_video"" | ""ic_video_game"" | ""ic_volume"" | ""ic_volume_off"" | ""ic_wallet"" | ""ic_wallet_money"" | ""ic_warning_circle"" | ""ic_warning_circle_fill"" | ""ic_washing_machine"" | ""ic_water_drop"" | ""ic_water_ladder"" | ""ic_wave_form"" | ""ic_whatsapp"" | ""ic_wheelbarrow"" | ""ic_withdraw"" | ""ic_youtube"" | undefined",Campo editorial,p69636f6e,components/Molecules/Button/IconButton/IconButton.d.ts
IconButton,ds-icon-button,disabled,boolean | undefined,Campo editorial,p64697361626c6564,components/Molecules/Button/IconButton/IconButton.d.ts
IconButton,ds-icon-button,loading,boolean | undefined,Campo editorial,p6c6f6164696e67,components/Molecules/Button/IconButton/IconButton.d.ts
IconButton,ds-icon-button,onClick,"(event: MouseEvent<HTMLButtonElement, MouseEvent>) => void",Callback implementado no runtime; evento de integração,,components/Molecules/Button/IconButton/IconButton.d.ts
IconButton,ds-icon-button,state,ButtonState | undefined,Campo editorial,p7374617465,components/Molecules/Button/IconButton/IconButton.d.ts
IconButton,ds-icon-button,type,"""submit"" | ""reset"" | ""button"" | undefined",Campo editorial,p74797065,components/Molecules/Button/IconButton/IconButton.d.ts
IconButton,ds-icon-button,onTag,((data: TagProps) => void) | undefined,Callback implementado no runtime; evento de integração,,components/Molecules/Button/IconButton/IconButton.d.ts
IconChip,ds-icon-chip,onTag,((data: TagProps) => void) | undefined,Callback implementado no runtime; evento de integração,,components/Atoms/IconChip/IconChip.d.ts
IconChip,ds-icon-chip,onClick,"(event: MouseEvent<HTMLButtonElement, MouseEvent>) => void",Callback implementado no runtime; evento de integração,,components/Atoms/IconChip/IconChip.d.ts
IconChip,ds-icon-chip,state,ButtonState,Campo editorial,p7374617465,components/Atoms/IconChip/IconChip.d.ts
IconChip,ds-icon-chip,variant,"""label""",Campo editorial,p76617269616e74,components/Atoms/IconChip/IconChip.d.ts
IconChip,ds-icon-chip,icon,"""ic_accessibility"" | ""ic_add"" | ""ic_alarm"" | ""ic_alarm_add"" | ""ic_alarm_check"" | ""ic_alarm_off"" | ""ic_alternate_email"" | ""ic_alternate_email_fill"" | ""ic_android"" | ""ic_apple"" | ""ic_apple_inc"" | ""ic_apps"" | ""ic_apps_fill"" | ""ic_armchair"" | ""ic_arrow_down"" | ""ic_arrow_down_left"" | ""ic_arrow_down_right"" | ""ic_arrow_download"" | ""ic_arrow_download_error"" | ""ic_arrow_left"" | ""ic_arrow_right"" | ""ic_arrow_up"" | ""ic_arrow_upload"" | ""ic_asterisks"" | ""ic_attachment"" | ""ic_babi_avatar"" | ""ic_babi_avatar_bw"" | ""ic_baby"" | ""ic_backpack"" | ""ic_backward_step"" | ""ic_badge_check"" | ""ic_badge_check_fill"" | ""ic_badge_star"" | ""ic_bandage"" | ""ic_bank"" | ""ic_bank_transfer"" | ""ic_barbecue"" | ""ic_barcode"" | ""ic_barn"" | ""ic_bars_money"" | ""ic_bars_search"" | ""ic_bathtub"" | ""ic_beach_ball"" | ""ic_bed"" | ""ic_beer"" | ""ic_bell"" | ""ic_bell_concierge"" | ""ic_bell_notification"" | ""ic_bell_ring"" | ""ic_bicycle"" | ""ic_bitcoin"" | ""ic_book_flip"" | ""ic_book_open"" | ""ic_bowl_spoon"" | ""ic_box"" | ""ic_box_add"" | ""ic_box_arrow_down"" | ""ic_box_arrow_up"" | ""ic_box_fill"" | ""ic_box_off"" | ""ic_boxes"" | ""ic_brain"" | ""ic_briefcase"" | ""ic_building"" | ""ic_bus_front"" | ""ic_cake"" | ""ic_calculator"" | ""ic_calendar"" | ""ic_calendar_clock"" | ""ic_calendar_money"" | ""ic_car"" | ""ic_car_front"" | ""ic_car_tag"" | ""ic_card_machine"" | ""ic_cashback"" | ""ic_cat"" | ""ic_celebration"" | ""ic_chart_bar"" | ""ic_chart_bar_filled"" | ""ic_chart_pie"" | ""ic_check"" | ""ic_check_circle"" | ""ic_check_circle_fill"" | ""ic_checklist"" | ""ic_chef_hat"" | ""ic_chevron_down"" | ""ic_chevron_left"" | ""ic_chevron_right"" | ""ic_chevron_up"" | ""ic_chocolate"" | ""ic_circle_error_check"" | ""ic_circle_off"" | ""ic_city_hall"" | ""ic_clapper"" | ""ic_clipboard"" | ""ic_clipboard_apple"" | ""ic_clock"" | ""ic_close"" | ""ic_close_circle"" | ""ic_close_circle_fill"" | ""ic_cocktail"" | ""ic_code"" | ""ic_coffee"" | ""ic_coin"" | ""ic_coin_add"" | ""ic_coin_arrow_down_in"" | ""ic_coin_arrow_up_in"" | ""ic_coin_arrow_up_out"" | ""ic_coin_chart"" | ""ic_coin_check"" | ""ic_coin_ellipsis"" | ""ic_coin_off"" | ""ic_coin_remove"" | ""ic_coin_shield"" | ""ic_coin_thirteen"" | ""ic_comment"" | ""ic_comments"" | ""ic_compass"" | ""ic_compass_off"" | ""ic_compress"" | ""ic_config"" | ""ic_contactless"" | ""ic_contract"" | ""ic_contract_arrow_down"" | ""ic_contract_arrow_up"" | ""ic_contract_blank"" | ""ic_contract_check"" | ""ic_contract_error"" | ""ic_contract_money"" | ""ic_contract_pix"" | ""ic_contract_refresh"" | ""ic_copy"" | ""ic_coupon"" | ""ic_credit_card"" | ""ic_credit_card_add"" | ""ic_credit_card_house"" | ""ic_credit_card_nfc"" | ""ic_credit_card_pix"" | ""ic_credit_card_shield"" | ""ic_crosshairs"" | ""ic_currency_exchange"" | ""ic_desktop"" | ""ic_desktop_user"" | ""ic_desktop_wifi"" | ""ic_dialpad"" | ""ic_dining_table"" | ""ic_discord"" | ""ic_document"" | ""ic_document_blank"" | ""ic_document_blank_fill"" | ""ic_dog"" | ""ic_dolly"" | ""ic_door_tag"" | ""ic_doorlock"" | ""ic_downstairs"" | ""ic_drag_handle"" | ""ic_driver_helmet"" | ""ic_ear_listen"" | ""ic_easter_egg"" | ""ic_edit"" | ""ic_ellipsis"" | ""ic_ellipsis_vertical"" | ""ic_envelope"" | ""ic_escalator_arrow_down"" | ""ic_escalator_arrow_up"" | ""ic_euro"" | ""ic_expand"" | ""ic_expand_arrow"" | ""ic_eye_closed"" | ""ic_eye_open"" | ""ic_face_id"" | ""ic_facebook"" | ""ic_file_csv"" | ""ic_file_exp"" | ""ic_file_ofx"" | ""ic_file_pdf"" | ""ic_file_txt"" | ""ic_film"" | ""ic_filter"" | ""ic_fingerprint"" | ""ic_first_page"" | ""ic_flag_abkhazia_rounded"" | ""ic_flag_afghanistan_rounded"" | ""ic_flag_aland_islands_rounded"" | ""ic_flag_albania_rounded"" | ""ic_flag_algeria_rounded"" | ""ic_flag_american_samoa_rounded"" | ""ic_flag_andorra_rounded"" | ""ic_flag_angola_rounded"" | ""ic_flag_anguilla_rounded"" | ""ic_flag_antigua_and_barbuda_rounded"" | ""ic_flag_argentina"" | ""ic_flag_argentina_bw"" | ""ic_flag_argentina_rounded"" | ""ic_flag_armenia_rounded"" | ""ic_flag_aruba_rounded"" | ""ic_flag_australia_rounded"" | ""ic_flag_austria_rounded"" | ""ic_flag_azerbaijan_rounded"" | ""ic_flag_azores_islands_rounded"" | ""ic_flag_bahamas_rounded"" | ""ic_flag_bahrain_rounded"" | ""ic_flag_balearic_islands_rounded"" | ""ic_flag_bangladesh_rounded"" | ""ic_flag_barbados_rounded"" | ""ic_flag_basque_country_rounded"" | ""ic_flag_belarus_rounded"" | ""ic_flag_belgium_rounded"" | ""ic_flag_belize_rounded"" | ""ic_flag_benin_rounded"" | ""ic_flag_bermuda_rounded"" | ""ic_flag_bhutan_rounded"" | ""ic_flag_bolivia_rounded"" | ""ic_flag_bonaire_rounded"" | ""ic_flag_bosnia_and_herzegovina_rounded"" | ""ic_flag_botswana_rounded"" | ""ic_flag_brazil"" | ""ic_flag_brazil_bw"" | ""ic_flag_brazil_rounded"" | ""ic_flag_british_columbia_rounded"" | ""ic_flag_british_indian_ocean_territory_rounded"" | ""ic_flag_british_virgin_islands_rounded"" | ""ic_flag_brunei_rounded"" | ""ic_flag_bulgaria_rounded"" | ""ic_flag_burkina_faso_rounded"" | ""ic_flag_burundi_rounded"" | ""ic_flag_cambodia_rounded"" | ""ic_flag_cameroon_rounded"" | ""ic_flag_canada_rounded"" | ""ic_flag_canary_islands_rounded"" | ""ic_flag_cape_verde_rounded"" | ""ic_flag_cayman_islands"" | ""ic_flag_cayman_islands_bw"" | ""ic_flag_cayman_islands_rounded"" | ""ic_flag_central_african_republic_rounded"" | ""ic_flag_ceuta_rounded"" | ""ic_flag_chad_rounded"" | ""ic_flag_chile_rounded"" | ""ic_flag_china_rounded"" | ""ic_flag_cocos_island_rounded"" | ""ic_flag_colombia_rounded"" | ""ic_flag_comoros_rounded"" | ""ic_flag_cook_islands_rounded"" | ""ic_flag_corsica_rounded"" | ""ic_flag_costa_rica_rounded"" | ""ic_flag_croatia_rounded"" | ""ic_flag_cuba_rounded"" | ""ic_flag_curacao_rounded"" | ""ic_flag_cyprus_rounded"" | ""ic_flag_czech_republic_rounded"" | ""ic_flag_democratic_republic_of_congo_rounded"" | ""ic_flag_denmark_rounded"" | ""ic_flag_djibouti_rounded"" | ""ic_flag_dominica_rounded"" | ""ic_flag_dominican_republic_rounded"" | ""ic_flag_east_timor_rounded"" | ""ic_flag_ecuador_rounded"" | ""ic_flag_egypt_rounded"" | ""ic_flag_el_salvador_rounded"" | ""ic_flag_england_rounded"" | ""ic_flag_equatorial_guinea_rounded"" | ""ic_flag_eritrea_rounded"" | ""ic_flag_estonia_rounded"" | ""ic_flag_ethiopia_rounded"" | ""ic_flag_european_union_rounded"" | ""ic_flag_falkland_islands_rounded"" | ""ic_flag_faroe_islands_rounded"" | ""ic_flag_fiji_rounded"" | ""ic_flag_finland_rounded"" | ""ic_flag_france_rounded"" | ""ic_flag_french_polynesia_rounded"" | ""ic_flag_gabon_rounded"" | ""ic_flag_galapagos_islands_rounded"" | ""ic_flag_gambia_rounded"" | ""ic_flag_georgia_rounded"" | ""ic_flag_germany_rounded"" | ""ic_flag_ghana_rounded"" | ""ic_flag_gibraltar_rounded"" | ""ic_flag_globe"" | ""ic_flag_globe_bw"" | ""ic_flag_greece_rounded"" | ""ic_flag_greenland_rounded"" | ""ic_flag_grenada_rounded"" | ""ic_flag_guam_rounded"" | ""ic_flag_guatemala_rounded"" | ""ic_flag_guernsey_rounded"" | ""ic_flag_guinea_bissau_rounded"" | ""ic_flag_guinea_rounded"" | ""ic_flag_guyana_rounded"" | ""ic_flag_haiti_rounded"" | ""ic_flag_hawaii_rounded"" | ""ic_flag_honduras_rounded"" | ""ic_flag_hong_kong_rounded"" | ""ic_flag_hungary_rounded"" | ""ic_flag_iceland_rounded"" | ""ic_flag_india_rounded"" | ""ic_flag_indonesia_rounded"" | ""ic_flag_iran_rounded"" | ""ic_flag_iraq_rounded"" | ""ic_flag_ireland_rounded"" | ""ic_flag_isle_of_man_rounded"" | ""ic_flag_israel_rounded"" | ""ic_flag_italy_rounded"" | ""ic_flag_ivory_coast_rounded"" | ""ic_flag_jamaica_rounded"" | ""ic_flag_japan_rounded"" | ""ic_flag_jersey_rounded"" | ""ic_flag_jordan_rounded"" | ""ic_flag_kazakhstan_rounded"" | ""ic_flag_kenya_rounded"" | ""ic_flag_kiribati_rounded"" | ""ic_flag_kosovo_rounded"" | ""ic_flag_kuwait_rounded"" | ""ic_flag_kyrgyzstan_rounded"" | ""ic_flag_laos_rounded"" | ""ic_flag_latvia_rounded"" | ""ic_flag_lebanon_rounded"" | ""ic_flag_lesotho_rounded"" | ""ic_flag_liberia_rounded"" | ""ic_flag_libya_rounded"" | ""ic_flag_liechtenstein_rounded"" | ""ic_flag_lithuania_rounded"" | ""ic_flag_luxembourg_rounded"" | ""ic_flag_macao_rounded"" | ""ic_flag_madagascar_rounded"" | ""ic_flag_madeira_rounded"" | ""ic_flag_malawi_rounded"" | ""ic_flag_malaysia_rounded"" | ""ic_flag_maldives_rounded"" | ""ic_flag_mali_rounded"" | ""ic_flag_malta_rounded"" | ""ic_flag_marshall_island_rounded"" | ""ic_flag_martinique_rounded"" | ""ic_flag_mauritania_rounded"" | ""ic_flag_mauritius_rounded"" | ""ic_flag_melilla_rounded"" | ""ic_flag_mexico_rounded"" | ""ic_flag_micronesia_rounded"" | ""ic_flag_moldova_rounded"" | ""ic_flag_monaco_rounded"" | ""ic_flag_mongolia_rounded"" | ""ic_flag_montenegro_rounded"" | ""ic_flag_montserrat_rounded"" | ""ic_flag_morocco_rounded"" | ""ic_flag_mozambique_rounded"" | ""ic_flag_myanmar_rounded"" | ""ic_flag_namibia_rounded"" | ""ic_flag_nato_rounded"" | ""ic_flag_nauru_rounded"" | ""ic_flag_nepal_rounded"" | ""ic_flag_netherlands_rounded"" | ""ic_flag_new_zealand_rounded"" | ""ic_flag_nicaragua_rounded"" | ""ic_flag_niger_rounded"" | ""ic_flag_nigeria_rounded"" | ""ic_flag_niue_rounded"" | ""ic_flag_norfolk_island_rounded"" | ""ic_flag_north_korea_rounded"" | ""ic_flag_northern_cyprus_rounded"" | ""ic_flag_northern_marianas_islands_rounded"" | ""ic_flag_norway_rounded"" | ""ic_flag_oman_rounded"" | ""ic_flag_orkney_islands_rounded"" | ""ic_flag_ossetia_rounded"" | ""ic_flag_pakistan_rounded"" | ""ic_flag_palau_rounded"" | ""ic_flag_palestine_rounded"" | ""ic_flag_panama_rounded"" | ""ic_flag_papua_new_guinea_rounded"" | ""ic_flag_paraguay_rounded"" | ""ic_flag_peru_rounded"" | ""ic_flag_philippines_rounded"" | ""ic_flag_pitcairn_islands_rounded"" | ""ic_flag_poland_rounded"" | ""ic_flag_portugal_rounded"" | ""ic_flag_puerto_rico_rounded"" | ""ic_flag_qatar_rounded"" | ""ic_flag_rapa_nui_rounded"" | ""ic_flag_republic_of_macedonia_rounded"" | ""ic_flag_republic_of_the_congo_rounded"" | ""ic_flag_romania_rounded"" | ""ic_flag_russia_rounded"" | ""ic_flag_rwanda_rounded"" | ""ic_flag_saba_island_rounded"" | ""ic_flag_sahrawi_arab_democratic_republic_rounded"" | ""ic_flag_saint_kitts_and_nevis_rounded"" | ""ic_flag_samoa_rounded"" | ""ic_flag_san_marino_rounded"" | ""ic_flag_sao_tome_and_prince_rounded"" | ""ic_flag_sardinia_rounded"" | ""ic_flag_saudi_arabia_rounded"" | ""ic_flag_scotland_rounded"" | ""ic_flag_senegal_rounded"" | ""ic_flag_serbia_rounded"" | ""ic_flag_seychelles_rounded"" | ""ic_flag_sierra_leone_rounded"" | ""ic_flag_singapore_rounded"" | ""ic_flag_sint_eustatius_rounded"" | ""ic_flag_sint_maarten_rounded"" | ""ic_flag_slovakia_rounded"" | ""ic_flag_slovenia_rounded"" | ""ic_flag_solomon_islands_rounded"" | ""ic_flag_somalia_rounded"" | ""ic_flag_somaliland_rounded"" | ""ic_flag_south_africa_rounded"" | ""ic_flag_south_korea_rounded"" | ""ic_flag_south_sudan_rounded"" | ""ic_flag_spain"" | ""ic_flag_spain_bw"" | ""ic_flag_spain_rounded"" | ""ic_flag_sri_lanka_rounded"" | ""ic_flag_st_barts_rounded"" | ""ic_flag_st_lucia_rounded"" | ""ic_flag_st_vincent_and_the_grenadines_rounded"" | ""ic_flag_sudan_rounded"" | ""ic_flag_suriname_rounded"" | ""ic_flag_swaziland_rounded"" | ""ic_flag_sweden_rounded"" | ""ic_flag_switzerland_rounded"" | ""ic_flag_syria_rounded"" | ""ic_flag_taiwan_rounded"" | ""ic_flag_tajikistan_rounded"" | ""ic_flag_tanzania_rounded"" | ""ic_flag_thailand_rounded"" | ""ic_flag_tibet_rounded"" | ""ic_flag_togo_rounded"" | ""ic_flag_tokelau_rounded"" | ""ic_flag_tonga_rounded"" | ""ic_flag_transnistria_rounded"" | ""ic_flag_trinidad_and_tobago_rounded"" | ""ic_flag_tunisia_rounded"" | ""ic_flag_turkey_rounded"" | ""ic_flag_turkmenistan_rounded"" | ""ic_flag_turks_and_caicos_rounded"" | ""ic_flag_tuvalu_rounded"" | ""ic_flag_uganda_rounded"" | ""ic_flag_ukraine_rounded"" | ""ic_flag_united_arab_emirates_rounded"" | ""ic_flag_united_kingdom_rounded"" | ""ic_flag_united_nations_rounded"" | ""ic_flag_united_states"" | ""ic_flag_united_states_bw"" | ""ic_flag_united_states_rounded"" | ""ic_flag_uruguay_rounded"" | ""ic_flag_uzbekistán_rounded"" | ""ic_flag_vanuatu_rounded"" | ""ic_flag_vatican_city_rounded"" | ""ic_flag_venezuela_rounded"" | ""ic_flag_vietnam_rounded"" | ""ic_flag_virgin_islands_rounded"" | ""ic_flag_wales_rounded"" | ""ic_flag_yemen_rounded"" | ""ic_flag_zambia_rounded"" | ""ic_flag_zimbabwe_rounded"" | ""ic_flash"" | ""ic_flash_off"" | ""ic_flashlight"" | ""ic_fork_knife"" | ""ic_forward_step"" | ""ic_gas_station"" | ""ic_gift"" | ""ic_gift_money"" | ""ic_globe"" | ""ic_globe_trending_up"" | ""ic_google_play"" | ""ic_graduation_cap"" | ""ic_hamburguer"" | ""ic_hand_coin"" | ""ic_hand_config"" | ""ic_hand_house"" | ""ic_hand_money"" | ""ic_hand_user"" | ""ic_handshake"" | ""ic_heart"" | ""ic_heart_ecg"" | ""ic_heart_fill"" | ""ic_help_circle"" | ""ic_help_circle_fill"" | ""ic_high_heels"" | ""ic_history"" | ""ic_house"" | ""ic_house_check"" | ""ic_house_fill"" | ""ic_house_filled"" | ""ic_house_half"" | ""ic_house_moving"" | ""ic_house_trending_up"" | ""ic_i_safe"" | ""ic_image"" | ""ic_image_arrow_up"" | ""ic_image_error"" | ""ic_images"" | ""ic_info_circle"" | ""ic_info_circle_fill"" | ""ic_instagram"" | ""ic_inter"" | ""ic_inter_loop"" | ""ic_investment_filled"" | ""ic_key"" | ""ic_last_page"" | ""ic_lightbulb_off"" | ""ic_lightbulb_on"" | ""ic_link"" | ""ic_link_money"" | ""ic_linkedin"" | ""ic_list"" | ""ic_loading"" | ""ic_location"" | ""ic_location_map"" | ""ic_luggage"" | ""ic_mask_carnival"" | ""ic_mask_comedy"" | ""ic_medal_p_letter"" | ""ic_medal_q_letter"" | ""ic_medical_shield"" | ""ic_medical_square"" | ""ic_menu"" | ""ic_menu_filled"" | ""ic_message_ellipsis"" | ""ic_message_ellipsis_fill"" | ""ic_messages"" | ""ic_messages_fill"" | ""ic_messages_filled"" | ""ic_mic"" | ""ic_money_check"" | ""ic_money_check_arrow_down"" | ""ic_money_check_back"" | ""ic_money_check_check"" | ""ic_money_check_ellipsis"" | ""ic_money_check_error"" | ""ic_money_check_location"" | ""ic_money_check_pointer"" | ""ic_money_check_refresh"" | ""ic_money_frame"" | ""ic_moon"" | ""ic_motorcycle"" | ""ic_motorcycle_delivery"" | ""ic_muscle"" | ""ic_music_note"" | ""ic_nurse"" | ""ic_open_finance"" | ""ic_open_new"" | ""ic_orange"" | ""ic_orange_fill"" | ""ic_padlock"" | ""ic_padlock_open"" | ""ic_paint_roller"" | ""ic_paint_roller_fill"" | ""ic_paper_money"" | ""ic_paper_trending_up"" | ""ic_parking"" | ""ic_parking_short_term"" | ""ic_pause_circle"" | ""ic_paw"" | ""ic_payment_alelo"" | ""ic_payment_amazon"" | ""ic_payment_amex"" | ""ic_payment_apple_pay"" | ""ic_payment_diners_club"" | ""ic_payment_discover"" | ""ic_payment_elo"" | ""ic_payment_google_pay"" | ""ic_payment_hipercard"" | ""ic_payment_jcb"" | ""ic_payment_mastercard"" | ""ic_payment_paypal"" | ""ic_payment_plaid"" | ""ic_payment_pluxee"" | ""ic_payment_ticket"" | ""ic_payment_visa"" | ""ic_payment_vr"" | ""ic_phone"" | ""ic_phone_ring"" | ""ic_phone_rotary"" | ""ic_photo"" | ""ic_photo_off"" | ""ic_piggy_arrow_up"" | ""ic_piggy_bank"" | ""ic_piggy_money"" | ""ic_pill"" | ""ic_pillar"" | ""ic_pix"" | ""ic_plane_arrival"" | ""ic_plane_departure"" | ""ic_play"" | ""ic_play_fill"" | ""ic_play_frame"" | ""ic_plug"" | ""ic_printer"" | ""ic_purse"" | ""ic_qr_code"" | ""ic_qr_code_padlock"" | ""ic_receipt"" | ""ic_receipt_notification"" | ""ic_refrigerator"" | ""ic_remove"" | ""ic_remove_circle"" | ""ic_reply"" | ""ic_ring"" | ""ic_robot"" | ""ic_rocket"" | ""ic_rotate"" | ""ic_rotate_add"" | ""ic_rotate_check"" | ""ic_rotate_money"" | ""ic_rotate_right"" | ""ic_rotate_strokes_money"" | ""ic_scissors"" | ""ic_score"" | ""ic_search"" | ""ic_search_error"" | ""ic_search_sparkle"" | ""ic_seedling"" | ""ic_send"" | ""ic_share"" | ""ic_ship_front"" | ""ic_shirt"" | ""ic_shopping_bag"" | ""ic_shopping_bag_filled"" | ""ic_shopping_basket"" | ""ic_shopping_cart"" | ""ic_shopping_cart_add"" | ""ic_shopping_cart_arrow_down"" | ""ic_shopping_cart_auto"" | ""ic_shopping_cart_bars"" | ""ic_shopping_cart_error"" | ""ic_shopping_cart_fill"" | ""ic_shopping_cart_filled"" | ""ic_shuffle"" | ""ic_sign_in"" | ""ic_sign_out"" | ""ic_sim_card"" | ""ic_sliders"" | ""ic_smartphone"" | ""ic_smartphone_money"" | ""ic_smartphone_wifi"" | ""ic_sneakers"" | ""ic_soccer_ball"" | ""ic_sort"" | ""ic_sort_down"" | ""ic_sort_up"" | ""ic_sparkle"" | ""ic_spotify"" | ""ic_spray_bottle"" | ""ic_star"" | ""ic_star_fill"" | ""ic_star_half"" | ""ic_stethoscope"" | ""ic_stopwatch"" | ""ic_store"" | ""ic_store_shield"" | ""ic_stove"" | ""ic_subway_front"" | ""ic_suitcase"" | ""ic_sun"" | ""ic_swap_dots"" | ""ic_swap_vertical"" | ""ic_tag"" | ""ic_target"" | ""ic_team_viewer_error"" | ""ic_telegram"" | ""ic_thumb_down"" | ""ic_thumb_down_fill"" | ""ic_thumb_up"" | ""ic_thumb_up_fill"" | ""ic_ticket"" | ""ic_ticket_vertical"" | ""ic_tiktok"" | ""ic_toilet"" | ""ic_tooth"" | ""ic_tower_control"" | ""ic_trash"" | ""ic_trending_up"" | ""ic_trending_up_fill"" | ""ic_truck"" | ""ic_truck_speed"" | ""ic_twitter_x"" | ""ic_umbrella"" | ""ic_umbrella_beach"" | ""ic_unfold_less"" | ""ic_unfold_more"" | ""ic_upstairs"" | ""ic_user"" | ""ic_user_help"" | ""ic_user_money"" | ""ic_user_refresh"" | ""ic_users"" | ""ic_vault"" | ""ic_video"" | ""ic_video_game"" | ""ic_volume"" | ""ic_volume_off"" | ""ic_wallet"" | ""ic_wallet_money"" | ""ic_warning_circle"" | ""ic_warning_circle_fill"" | ""ic_washing_machine"" | ""ic_water_drop"" | ""ic_water_ladder"" | ""ic_wave_form"" | ""ic_whatsapp"" | ""ic_wheelbarrow"" | ""ic_withdraw"" | ""ic_youtube""",Campo editorial,p69636f6e,components/Atoms/IconChip/IconChip.d.ts
IconChip,ds-icon-chip,showBadge,boolean,Campo editorial,p73686f774261646765,components/Atoms/IconChip/IconChip.d.ts
IconChip,ds-icon-chip,selected,boolean,Campo editorial,p73656c6563746564,components/Atoms/IconChip/IconChip.d.ts
IconChip,ds-icon-chip,count,number,Campo editorial,p636f756e74,components/Atoms/IconChip/IconChip.d.ts
InputCountry,ds-input-country,label,string,Campo editorial,p6c6162656c,components/Molecules/InputCountry/InputCountry.d.ts
InputCountry,ds-input-country,placeholder,string | undefined,Campo editorial,p706c616365686f6c646572,components/Molecules/InputCountry/InputCountry.d.ts
InputCountry,ds-input-country,value,string | undefined,Campo editorial,p76616c7565,components/Molecules/InputCountry/InputCountry.d.ts
InputCountry,ds-input-country,defaultValue,string | undefined,Campo editorial,p64656661756c7456616c7565,components/Molecules/InputCountry/InputCountry.d.ts
InputCountry,ds-input-country,prefix,string | undefined,Campo editorial,p707265666978,components/Molecules/InputCountry/InputCountry.d.ts
InputCountry,ds-input-country,state,InputCountryState | undefined,Campo editorial,p7374617465,components/Molecules/InputCountry/InputCountry.d.ts
InputCountry,ds-input-country,selectable,boolean | undefined,Campo editorial,p73656c65637461626c65,components/Molecules/InputCountry/InputCountry.d.ts
InputCountry,ds-input-country,showHint,boolean | undefined,Campo editorial,p73686f7748696e74,components/Molecules/InputCountry/InputCountry.d.ts
InputCountry,ds-input-country,hints,string | UpTo3<string> | undefined,Campo editorial,p68696e7473,components/Molecules/InputCountry/InputCountry.d.ts
InputCountry,ds-input-country,error,UpTo3<string> | undefined,Campo editorial / estrutura JSON,p6572726f72,components/Molecules/InputCountry/InputCountry.d.ts
InputCountry,ds-input-country,mask,"""phone"" | ""monetary"" | undefined",Campo editorial,p6d61736b,components/Molecules/InputCountry/InputCountry.d.ts
InputCountry,ds-input-country,phoneType,PhoneTypeValue | undefined,Campo editorial,p70686f6e6554797065,components/Molecules/InputCountry/InputCountry.d.ts
InputCountry,ds-input-country,onChange,((value: string) => void) | undefined,Callback implementado no runtime; evento de integração,,components/Molecules/InputCountry/InputCountry.d.ts
InputCountry,ds-input-country,onDebouncedChange,((value: string) => void) | undefined,Callback implementado no runtime; evento de integração,,components/Molecules/InputCountry/InputCountry.d.ts
InputCountry,ds-input-country,onBlur,FocusEventHandler<HTMLInputElement> | undefined,Callback implementado no runtime; evento de integração,,components/Molecules/InputCountry/InputCountry.d.ts
InputCountry,ds-input-country,onFocus,FocusEventHandler<HTMLInputElement> | undefined,Callback implementado no runtime; evento de integração,,components/Molecules/InputCountry/InputCountry.d.ts
InputCountry,ds-input-country,countryItems,InputCountryOption[],"Itens filhos: adicionar, remover e reordenar","p707265666978, p70686f6e6554797065, p76616c7565, p6c6162656c, p6465736372697074696f6e, p666c6167",components/Molecules/InputCountry/InputCountry.d.ts
InputCountry,ds-input-country,featuredCountryItems,InputCountryOption[] | undefined,Campo editorial / estrutura JSON,p6665617475726564436f756e7472794974656d73,components/Molecules/InputCountry/InputCountry.d.ts
InputCountry,ds-input-country,selectedCountryValue,string | undefined,Campo editorial,p73656c6563746564436f756e74727956616c7565,components/Molecules/InputCountry/InputCountry.d.ts
InputCountry,ds-input-country,onCountryChange,((item: InputCountryOption) => void) | undefined,Callback implementado no runtime; evento de integração,,components/Molecules/InputCountry/InputCountry.d.ts
InputCountry,ds-input-country,bottomSheetTitle,string | undefined,Campo editorial,p626f74746f6d53686565745469746c65,components/Molecules/InputCountry/InputCountry.d.ts
InputCountry,ds-input-country,showCountrySearch,boolean | undefined,Campo editorial,p73686f77436f756e747279536561726368,components/Molecules/InputCountry/InputCountry.d.ts
InputCountry,ds-input-country,showCountryFeatured,boolean | undefined,Campo editorial,p73686f77436f756e7472794665617475726564,components/Molecules/InputCountry/InputCountry.d.ts
InputCountry,ds-input-country,countryFeaturedTitle,string | undefined,Campo editorial,p636f756e74727946656174757265645469746c65,components/Molecules/InputCountry/InputCountry.d.ts
InputCountry,ds-input-country,countryAllTitle,string | undefined,Campo editorial,p636f756e747279416c6c5469746c65,components/Molecules/InputCountry/InputCountry.d.ts
InputCountry,ds-input-country,countrySearchPlaceholder,string | undefined,Campo editorial,p636f756e747279536561726368506c616365686f6c646572,components/Molecules/InputCountry/InputCountry.d.ts
InputCountry,ds-input-country,id,string | undefined,Campo editorial,p6964,components/Molecules/InputCountry/InputCountry.d.ts
InputCountry,ds-input-country,onTag,((data: TagProps) => void) | undefined,Callback implementado no runtime; evento de integração,,components/Molecules/InputCountry/InputCountry.d.ts
InputCountry,ds-input-country,data-testid,string | undefined,Campo editorial,p646174612d746573746964,components/Molecules/InputCountry/InputCountry.d.ts
InputDate,ds-input-date,error,UpTo3<string> | undefined,Campo editorial / estrutura JSON,p6572726f72,components/Molecules/InputDate/InputDate.d.ts
InputDate,ds-input-date,label,string | undefined,Campo editorial,p6c6162656c,components/Molecules/InputDate/InputDate.d.ts
InputDate,ds-input-date,onTag,((data: TagProps) => void) | undefined,Callback implementado no runtime; evento de integração,,components/Molecules/InputDate/InputDate.d.ts
InputDate,ds-input-date,id,string | undefined,Campo editorial,p6964,components/Molecules/InputDate/InputDate.d.ts
InputDate,ds-input-date,prefix,string | undefined,Campo editorial,p707265666978,components/Molecules/InputDate/InputDate.d.ts
InputDate,ds-input-date,onChange,((value: string) => void) | undefined,Callback implementado no runtime; evento de integração,,components/Molecules/InputDate/InputDate.d.ts
InputDate,ds-input-date,success,string | undefined,Campo editorial,p73756363657373,components/Molecules/InputDate/InputDate.d.ts
InputDate,ds-input-date,flag,FlagName | undefined,Campo editorial,p666c6167,components/Molecules/InputDate/InputDate.d.ts
InputDate,ds-input-date,customTagProps,MoleculesTagProps | undefined,Campo editorial / subpropriedades,"p637573746f6d54616750726f70732e64617461, p637573746f6d54616750726f70732e637573746f6d50726f706572746965732e636f6d706f6e656e745f6e616d65, p637573746f6d54616750726f70732e637573746f6d50726f706572746965732e7374796c65, p637573746f6d54616750726f70732e637573746f6d50726f706572746965732e73697a65, p637573746f6d54616750726f70732e637573746f6d50726f706572746965732e686965726172636879, p637573746f6d54616750726f70732e637573746f6d50726f706572746965732e7374617465, p637573746f6d54616750726f70732e637573746f6d50726f706572746965732e6c6162656c, p637573746f6d54616750726f70732e637573746f6d50726f706572746965732e68696e74, p637573746f6d54616750726f70732e637573746f6d50726f706572746965732e76616c7565",components/Molecules/InputDate/InputDate.d.ts
InputDate,ds-input-date,hints,string | UpTo3<string> | undefined,Campo editorial,p68696e7473,components/Molecules/InputDate/InputDate.d.ts
InputDate,ds-input-date,onHelper,"((event?: MouseEvent<Element, MouseEvent> | undefined) => void) | undefined",Callback implementado no runtime; evento de integração,,components/Molecules/InputDate/InputDate.d.ts
InputDate,ds-input-date,showHelper,boolean | undefined,Campo editorial,p73686f7748656c706572,components/Molecules/InputDate/InputDate.d.ts
InputDate,ds-input-date,showHint,boolean | undefined,Campo editorial,p73686f7748696e74,components/Molecules/InputDate/InputDate.d.ts
InputDate,ds-input-date,showFlag,boolean | undefined,Campo editorial,p73686f77466c6167,components/Molecules/InputDate/InputDate.d.ts
InputDate,ds-input-date,showClear,boolean | undefined,Campo editorial,p73686f77436c656172,components/Molecules/InputDate/InputDate.d.ts
InputDate,ds-input-date,showContent,boolean | undefined,Campo editorial,p73686f77436f6e74656e74,components/Molecules/InputDate/InputDate.d.ts
InputDate,ds-input-date,showForceBar,boolean | undefined,Campo editorial,p73686f77466f726365426172,components/Molecules/InputDate/InputDate.d.ts
InputDate,ds-input-date,forceBar,ForceBarProps | undefined,Campo editorial / subpropriedades,"p666f7263654261722e7374617465, p666f7263654261722e6163746976655365676d656e7473, p666f7263654261722e6c6162656c, p666f7263654261722e636c6173734e616d65, p666f7263654261722e73686f756c6452656e646572",components/Molecules/InputDate/InputDate.d.ts
InputDate,ds-input-date,mask,"""date"" | ""email"" | ""phone"" | ""cep"" | ""cpf"" | ""monetary"" | undefined",Campo editorial,p6d61736b,components/Molecules/InputDate/InputDate.d.ts
InputDate,ds-input-date,dateType,DateType | undefined,Campo editorial,p6461746554797065,components/Molecules/InputDate/InputDate.d.ts
InputDate,ds-input-date,pickerRange,PickerRange | undefined,Campo editorial / subpropriedades,"p7069636b657252616e67652e7374617274, p7069636b657252616e67652e656e64",components/Molecules/InputDate/InputDate.d.ts
InputDate,ds-input-date,data-testid,string | undefined,Campo editorial,p646174612d746573746964,components/Molecules/InputDate/InputDate.d.ts
InputDate,ds-input-date,state,"""error"" | ""enabled"" | ""skeleton"" | ""disabled"" | ""loading"" | ""readonly"" | undefined",Campo editorial,p7374617465,components/Molecules/InputDate/InputDate.d.ts
InputPassword,ds-input-password,error,UpTo3<string> | undefined,Campo editorial / estrutura JSON,p6572726f72,components/Molecules/InputPassword/InputPassword.d.ts
InputPassword,ds-input-password,label,string | undefined,Campo editorial,p6c6162656c,components/Molecules/InputPassword/InputPassword.d.ts
InputPassword,ds-input-password,state,InputState | undefined,Campo editorial,p7374617465,components/Molecules/InputPassword/InputPassword.d.ts
InputPassword,ds-input-password,onTag,((data: TagProps) => void) | undefined,Callback implementado no runtime; evento de integração,,components/Molecules/InputPassword/InputPassword.d.ts
InputPassword,ds-input-password,id,string | undefined,Campo editorial,p6964,components/Molecules/InputPassword/InputPassword.d.ts
InputPassword,ds-input-password,prefix,string | undefined,Campo editorial,p707265666978,components/Molecules/InputPassword/InputPassword.d.ts
InputPassword,ds-input-password,onChange,((value: string) => void) | undefined,Callback implementado no runtime; evento de integração,,components/Molecules/InputPassword/InputPassword.d.ts
InputPassword,ds-input-password,success,string | undefined,Campo editorial,p73756363657373,components/Molecules/InputPassword/InputPassword.d.ts
InputPassword,ds-input-password,flag,FlagName | undefined,Campo editorial,p666c6167,components/Molecules/InputPassword/InputPassword.d.ts
InputPassword,ds-input-password,customTagProps,MoleculesTagProps | undefined,Campo editorial / subpropriedades,"p637573746f6d54616750726f70732e64617461, p637573746f6d54616750726f70732e637573746f6d50726f706572746965732e636f6d706f6e656e745f6e616d65, p637573746f6d54616750726f70732e637573746f6d50726f706572746965732e7374796c65, p637573746f6d54616750726f70732e637573746f6d50726f706572746965732e73697a65, p637573746f6d54616750726f70732e637573746f6d50726f706572746965732e686965726172636879, p637573746f6d54616750726f70732e637573746f6d50726f706572746965732e7374617465, p637573746f6d54616750726f70732e637573746f6d50726f706572746965732e6c6162656c, p637573746f6d54616750726f70732e637573746f6d50726f706572746965732e68696e74, p637573746f6d54616750726f70732e637573746f6d50726f706572746965732e76616c7565",components/Molecules/InputPassword/InputPassword.d.ts
InputPassword,ds-input-password,hints,string | UpTo3<string> | undefined,Campo editorial,p68696e7473,components/Molecules/InputPassword/InputPassword.d.ts
InputPassword,ds-input-password,onHelper,"((event?: MouseEvent<Element, MouseEvent> | undefined) => void) | undefined",Callback implementado no runtime; evento de integração,,components/Molecules/InputPassword/InputPassword.d.ts
InputPassword,ds-input-password,showHint,boolean | undefined,Campo editorial,p73686f7748696e74,components/Molecules/InputPassword/InputPassword.d.ts
InputPassword,ds-input-password,showFlag,boolean | undefined,Campo editorial,p73686f77466c6167,components/Molecules/InputPassword/InputPassword.d.ts
InputPassword,ds-input-password,showClear,boolean | undefined,Campo editorial,p73686f77436c656172,components/Molecules/InputPassword/InputPassword.d.ts
InputPassword,ds-input-password,showContent,boolean | undefined,Campo editorial,p73686f77436f6e74656e74,components/Molecules/InputPassword/InputPassword.d.ts
InputPassword,ds-input-password,showForceBar,boolean | undefined,Campo editorial,p73686f77466f726365426172,components/Molecules/InputPassword/InputPassword.d.ts
InputPassword,ds-input-password,forceBar,ForceBarProps | undefined,Campo editorial / subpropriedades,"p666f7263654261722e7374617465, p666f7263654261722e6163746976655365676d656e7473, p666f7263654261722e6c6162656c, p666f7263654261722e636c6173734e616d65, p666f7263654261722e73686f756c6452656e646572",components/Molecules/InputPassword/InputPassword.d.ts
InputPassword,ds-input-password,pickerRange,PickerRange | undefined,Campo editorial / subpropriedades,"p7069636b657252616e67652e7374617274, p7069636b657252616e67652e656e64",components/Molecules/InputPassword/InputPassword.d.ts
InputPassword,ds-input-password,data-testid,string | undefined,Campo editorial,p646174612d746573746964,components/Molecules/InputPassword/InputPassword.d.ts
InputSearch,ds-input-search,error,UpTo3<string> | undefined,Campo editorial / estrutura JSON,p6572726f72,components/Molecules/InputSearch/InputSearch.d.ts
InputSearch,ds-input-search,label,string | undefined,Campo editorial,p6c6162656c,components/Molecules/InputSearch/InputSearch.d.ts
InputSearch,ds-input-search,state,InputState | undefined,Campo editorial,p7374617465,components/Molecules/InputSearch/InputSearch.d.ts
InputSearch,ds-input-search,onTag,((data: TagProps) => void) | undefined,Callback implementado no runtime; evento de integração,,components/Molecules/InputSearch/InputSearch.d.ts
InputSearch,ds-input-search,id,string | undefined,Campo editorial,p6964,components/Molecules/InputSearch/InputSearch.d.ts
InputSearch,ds-input-search,prefix,string | undefined,Campo editorial,p707265666978,components/Molecules/InputSearch/InputSearch.d.ts
InputSearch,ds-input-search,onChange,((value: string) => void) | undefined,Callback implementado no runtime; evento de integração,,components/Molecules/InputSearch/InputSearch.d.ts
InputSearch,ds-input-search,success,string | undefined,Campo editorial,p73756363657373,components/Molecules/InputSearch/InputSearch.d.ts
InputSearch,ds-input-search,flag,FlagName | undefined,Campo editorial,p666c6167,components/Molecules/InputSearch/InputSearch.d.ts
InputSearch,ds-input-search,customTagProps,MoleculesTagProps | undefined,Campo editorial / subpropriedades,"p637573746f6d54616750726f70732e64617461, p637573746f6d54616750726f70732e637573746f6d50726f706572746965732e636f6d706f6e656e745f6e616d65, p637573746f6d54616750726f70732e637573746f6d50726f706572746965732e7374796c65, p637573746f6d54616750726f70732e637573746f6d50726f706572746965732e73697a65, p637573746f6d54616750726f70732e637573746f6d50726f706572746965732e686965726172636879, p637573746f6d54616750726f70732e637573746f6d50726f706572746965732e7374617465, p637573746f6d54616750726f70732e637573746f6d50726f706572746965732e6c6162656c, p637573746f6d54616750726f70732e637573746f6d50726f706572746965732e68696e74, p637573746f6d54616750726f70732e637573746f6d50726f706572746965732e76616c7565",components/Molecules/InputSearch/InputSearch.d.ts
InputSearch,ds-input-search,hints,string | UpTo3<string> | undefined,Campo editorial,p68696e7473,components/Molecules/InputSearch/InputSearch.d.ts
InputSearch,ds-input-search,onHelper,"((event?: MouseEvent<Element, MouseEvent> | undefined) => void) | undefined",Callback implementado no runtime; evento de integração,,components/Molecules/InputSearch/InputSearch.d.ts
InputSearch,ds-input-search,showHelper,boolean | undefined,Campo editorial,p73686f7748656c706572,components/Molecules/InputSearch/InputSearch.d.ts
InputSearch,ds-input-search,showHint,boolean | undefined,Campo editorial,p73686f7748696e74,components/Molecules/InputSearch/InputSearch.d.ts
InputSearch,ds-input-search,showFlag,boolean | undefined,Campo editorial,p73686f77466c6167,components/Molecules/InputSearch/InputSearch.d.ts
InputSearch,ds-input-search,showClear,boolean | undefined,Campo editorial,p73686f77436c656172,components/Molecules/InputSearch/InputSearch.d.ts
InputSearch,ds-input-search,showContent,boolean | undefined,Campo editorial,p73686f77436f6e74656e74,components/Molecules/InputSearch/InputSearch.d.ts
InputSearch,ds-input-search,showForceBar,boolean | undefined,Campo editorial,p73686f77466f726365426172,components/Molecules/InputSearch/InputSearch.d.ts
InputSearch,ds-input-search,forceBar,ForceBarProps | undefined,Campo editorial / subpropriedades,"p666f7263654261722e7374617465, p666f7263654261722e6163746976655365676d656e7473, p666f7263654261722e6c6162656c, p666f7263654261722e636c6173734e616d65, p666f7263654261722e73686f756c6452656e646572",components/Molecules/InputSearch/InputSearch.d.ts
InputSearch,ds-input-search,mask,"""date"" | ""email"" | ""phone"" | ""cep"" | ""cpf"" | ""monetary"" | undefined",Campo editorial,p6d61736b,components/Molecules/InputSearch/InputSearch.d.ts
InputSearch,ds-input-search,dateType,DateType | undefined,Campo editorial,p6461746554797065,components/Molecules/InputSearch/InputSearch.d.ts
InputSearch,ds-input-search,pickerRange,PickerRange | undefined,Campo editorial / subpropriedades,"p7069636b657252616e67652e7374617274, p7069636b657252616e67652e656e64",components/Molecules/InputSearch/InputSearch.d.ts
InputSearch,ds-input-search,data-testid,string | undefined,Campo editorial,p646174612d746573746964,components/Molecules/InputSearch/InputSearch.d.ts
InputText,ds-input-text,type,"""number"" | ""text"" | undefined",Campo editorial,p74797065,components/Molecules/InputText/InputText.d.ts
InputText,ds-input-text,onDebouncedChange,((value: string) => void) | undefined,Callback implementado no runtime; evento de integração,,components/Molecules/InputText/InputText.d.ts
InputText,ds-input-text,error,UpTo3<string> | undefined,Campo editorial / estrutura JSON,p6572726f72,components/Molecules/InputText/InputText.d.ts
InputText,ds-input-text,label,string | undefined,Campo editorial,p6c6162656c,components/Molecules/InputText/InputText.d.ts
InputText,ds-input-text,state,InputState | undefined,Campo editorial,p7374617465,components/Molecules/InputText/InputText.d.ts
InputText,ds-input-text,onTag,((data: TagProps) => void) | undefined,Callback implementado no runtime; evento de integração,,components/Molecules/InputText/InputText.d.ts
InputText,ds-input-text,id,string | undefined,Campo editorial,p6964,components/Molecules/InputText/InputText.d.ts
InputText,ds-input-text,prefix,string | undefined,Campo editorial,p707265666978,components/Molecules/InputText/InputText.d.ts
InputText,ds-input-text,onChange,((value: string) => void) | undefined,Callback implementado no runtime; evento de integração,,components/Molecules/InputText/InputText.d.ts
InputText,ds-input-text,success,string | undefined,Campo editorial,p73756363657373,components/Molecules/InputText/InputText.d.ts
InputText,ds-input-text,flag,FlagName | undefined,Campo editorial,p666c6167,components/Molecules/InputText/InputText.d.ts
InputText,ds-input-text,phoneType,PhoneTypeValue | undefined,Campo editorial,p70686f6e6554797065,components/Molecules/InputText/InputText.d.ts
InputText,ds-input-text,counter,number | undefined,Campo editorial,p636f756e746572,components/Molecules/InputText/InputText.d.ts
InputText,ds-input-text,showCounter,boolean | undefined,Campo editorial,p73686f77436f756e746572,components/Molecules/InputText/InputText.d.ts
InputText,ds-input-text,customTagProps,MoleculesTagProps | undefined,Campo editorial / subpropriedades,"p637573746f6d54616750726f70732e64617461, p637573746f6d54616750726f70732e637573746f6d50726f706572746965732e636f6d706f6e656e745f6e616d65, p637573746f6d54616750726f70732e637573746f6d50726f706572746965732e7374796c65, p637573746f6d54616750726f70732e637573746f6d50726f706572746965732e73697a65, p637573746f6d54616750726f70732e637573746f6d50726f706572746965732e686965726172636879, p637573746f6d54616750726f70732e637573746f6d50726f706572746965732e7374617465, p637573746f6d54616750726f70732e637573746f6d50726f706572746965732e6c6162656c, p637573746f6d54616750726f70732e637573746f6d50726f706572746965732e68696e74, p637573746f6d54616750726f70732e637573746f6d50726f706572746965732e76616c7565",components/Molecules/InputText/InputText.d.ts
InputText,ds-input-text,hints,string | UpTo3<string> | undefined,Campo editorial,p68696e7473,components/Molecules/InputText/InputText.d.ts
InputText,ds-input-text,onHelper,"((event?: MouseEvent<Element, MouseEvent> | undefined) => void) | undefined",Callback implementado no runtime; evento de integração,,components/Molecules/InputText/InputText.d.ts
InputText,ds-input-text,showHelper,boolean | undefined,Campo editorial,p73686f7748656c706572,components/Molecules/InputText/InputText.d.ts
InputText,ds-input-text,showHint,boolean | undefined,Campo editorial,p73686f7748696e74,components/Molecules/InputText/InputText.d.ts
InputText,ds-input-text,showFlag,boolean | undefined,Campo editorial,p73686f77466c6167,components/Molecules/InputText/InputText.d.ts
InputText,ds-input-text,showClear,boolean | undefined,Campo editorial,p73686f77436c656172,components/Molecules/InputText/InputText.d.ts
InputText,ds-input-text,showContent,boolean | undefined,Campo editorial,p73686f77436f6e74656e74,components/Molecules/InputText/InputText.d.ts
InputText,ds-input-text,showForceBar,boolean | undefined,Campo editorial,p73686f77466f726365426172,components/Molecules/InputText/InputText.d.ts
InputText,ds-input-text,forceBar,ForceBarProps | undefined,Campo editorial / subpropriedades,"p666f7263654261722e7374617465, p666f7263654261722e6163746976655365676d656e7473, p666f7263654261722e6c6162656c, p666f7263654261722e636c6173734e616d65, p666f7263654261722e73686f756c6452656e646572",components/Molecules/InputText/InputText.d.ts
InputText,ds-input-text,mask,"""date"" | ""email"" | ""phone"" | ""cep"" | ""cpf"" | ""monetary"" | undefined",Campo editorial,p6d61736b,components/Molecules/InputText/InputText.d.ts
InputText,ds-input-text,pickerRange,PickerRange | undefined,Campo editorial / subpropriedades,"p7069636b657252616e67652e7374617274, p7069636b657252616e67652e656e64",components/Molecules/InputText/InputText.d.ts
InputText,ds-input-text,data-testid,string | undefined,Campo editorial,p646174612d746573746964,components/Molecules/InputText/InputText.d.ts
InputMoney,ds-input-money,showButtons,boolean,Campo editorial,p73686f77427574746f6e73,components/Molecules/InputMoney/InputMoney.d.ts
InputMoney,ds-input-money,fixedIncrementValue,number | undefined,Campo editorial,p6669786564496e6372656d656e7456616c7565,components/Molecules/InputMoney/InputMoney.d.ts
InputMoney,ds-input-money,fixedDecrementValue,number | undefined,Campo editorial,p666978656444656372656d656e7456616c7565,components/Molecules/InputMoney/InputMoney.d.ts
InputMoney,ds-input-money,state,"""error"" | ""enabled"" | ""skeleton"" | ""disabled"" | ""readonly"" | undefined",Campo editorial,p7374617465,components/Molecules/InputMoney/InputMoney.d.ts
InputMoney,ds-input-money,hint,string[] | undefined,Campo editorial / estrutura JSON,p68696e74,components/Molecules/InputMoney/InputMoney.d.ts
InputMoney,ds-input-money,currency,"""BRL"" | ""USD"" | ""ARS""",Campo editorial,p63757272656e6379,components/Molecules/InputMoney/InputMoney.d.ts
InputMoney,ds-input-money,typeValue,"""monetary"" | ""numeric""",Campo editorial,p7479706556616c7565,components/Molecules/InputMoney/InputMoney.d.ts
InputMoney,ds-input-money,variantNumeric,"""integer"" | ""decimal""",Campo editorial,p76617269616e744e756d65726963,components/Molecules/InputMoney/InputMoney.d.ts
InputMoney,ds-input-money,onChange,"(value: number, valueMask: string) => void",Callback implementado no runtime; evento de integração,,components/Molecules/InputMoney/InputMoney.d.ts
InputMoney,ds-input-money,onDebouncedChange,"((value: number, valueMask: string) => void) | undefined",Callback implementado no runtime; evento de integração,,components/Molecules/InputMoney/InputMoney.d.ts
InputMoney,ds-input-money,minValue,number | undefined,Campo editorial,p6d696e56616c7565,components/Molecules/InputMoney/InputMoney.d.ts
InputMoney,ds-input-money,maxValue,number | undefined,Campo editorial,p6d617856616c7565,components/Molecules/InputMoney/InputMoney.d.ts
InputMoney,ds-input-money,onTag,((data: TagProps) => void) | undefined,Callback implementado no runtime; evento de integração,,components/Molecules/InputMoney/InputMoney.d.ts
InputMoney,ds-input-money,defaultValue,number,Campo editorial,p64656661756c7456616c7565,components/Molecules/InputMoney/InputMoney.d.ts
Link,ds-link,onTag,((data: TagProps) => void) | undefined,Callback implementado no runtime; evento de integração,,components/Molecules/Link/Link.d.ts
Link,ds-link,label,string,Campo editorial,p6c6162656c,components/Molecules/Link/Link.d.ts
Link,ds-link,size,"""small"" | ""medium"" | ""large"" | undefined",Campo editorial,p73697a65,components/Molecules/Link/Link.d.ts
Link,ds-link,state,"""enabled"" | ""skeleton"" | undefined",Campo editorial,p7374617465,components/Molecules/Link/Link.d.ts
Link,ds-link,variant,"""default"" | ""neutral"" | ""staticBlack"" | ""staticBlackUnderline"" | ""staticWhite"" | ""staticWhiteUnderline"" | undefined",Campo editorial,p76617269616e74,components/Molecules/Link/Link.d.ts
ListItem,ds-list-item,leadingFlag,LeadingFlagProps | undefined,Campo editorial,p6c656164696e67466c6167,components/Molecules/ListItem/ListItem.d.ts
ListItem,ds-list-item,leadingCheckbox,CheckboxProps | undefined,Campo editorial / subpropriedades,"p6c656164696e67436865636b626f782e76617269616e74, p6c656164696e67436865636b626f782e7374617465, p6c656164696e67436865636b626f782e636865636b6564",components/Molecules/ListItem/ListItem.d.ts
ListItem,ds-list-item,leadingIcon,"""ic_accessibility"" | ""ic_add"" | ""ic_alarm"" | ""ic_alarm_add"" | ""ic_alarm_check"" | ""ic_alarm_off"" | ""ic_alternate_email"" | ""ic_alternate_email_fill"" | ""ic_android"" | ""ic_apple"" | ""ic_apple_inc"" | ""ic_apps"" | ""ic_apps_fill"" | ""ic_armchair"" | ""ic_arrow_down"" | ""ic_arrow_down_left"" | ""ic_arrow_down_right"" | ""ic_arrow_download"" | ""ic_arrow_download_error"" | ""ic_arrow_left"" | ""ic_arrow_right"" | ""ic_arrow_up"" | ""ic_arrow_upload"" | ""ic_asterisks"" | ""ic_attachment"" | ""ic_babi_avatar"" | ""ic_babi_avatar_bw"" | ""ic_baby"" | ""ic_backpack"" | ""ic_backward_step"" | ""ic_badge_check"" | ""ic_badge_check_fill"" | ""ic_badge_star"" | ""ic_bandage"" | ""ic_bank"" | ""ic_bank_transfer"" | ""ic_barbecue"" | ""ic_barcode"" | ""ic_barn"" | ""ic_bars_money"" | ""ic_bars_search"" | ""ic_bathtub"" | ""ic_beach_ball"" | ""ic_bed"" | ""ic_beer"" | ""ic_bell"" | ""ic_bell_concierge"" | ""ic_bell_notification"" | ""ic_bell_ring"" | ""ic_bicycle"" | ""ic_bitcoin"" | ""ic_book_flip"" | ""ic_book_open"" | ""ic_bowl_spoon"" | ""ic_box"" | ""ic_box_add"" | ""ic_box_arrow_down"" | ""ic_box_arrow_up"" | ""ic_box_fill"" | ""ic_box_off"" | ""ic_boxes"" | ""ic_brain"" | ""ic_briefcase"" | ""ic_building"" | ""ic_bus_front"" | ""ic_cake"" | ""ic_calculator"" | ""ic_calendar"" | ""ic_calendar_clock"" | ""ic_calendar_money"" | ""ic_car"" | ""ic_car_front"" | ""ic_car_tag"" | ""ic_card_machine"" | ""ic_cashback"" | ""ic_cat"" | ""ic_celebration"" | ""ic_chart_bar"" | ""ic_chart_bar_filled"" | ""ic_chart_pie"" | ""ic_check"" | ""ic_check_circle"" | ""ic_check_circle_fill"" | ""ic_checklist"" | ""ic_chef_hat"" | ""ic_chevron_down"" | ""ic_chevron_left"" | ""ic_chevron_right"" | ""ic_chevron_up"" | ""ic_chocolate"" | ""ic_circle_error_check"" | ""ic_circle_off"" | ""ic_city_hall"" | ""ic_clapper"" | ""ic_clipboard"" | ""ic_clipboard_apple"" | ""ic_clock"" | ""ic_close"" | ""ic_close_circle"" | ""ic_close_circle_fill"" | ""ic_cocktail"" | ""ic_code"" | ""ic_coffee"" | ""ic_coin"" | ""ic_coin_add"" | ""ic_coin_arrow_down_in"" | ""ic_coin_arrow_up_in"" | ""ic_coin_arrow_up_out"" | ""ic_coin_chart"" | ""ic_coin_check"" | ""ic_coin_ellipsis"" | ""ic_coin_off"" | ""ic_coin_remove"" | ""ic_coin_shield"" | ""ic_coin_thirteen"" | ""ic_comment"" | ""ic_comments"" | ""ic_compass"" | ""ic_compass_off"" | ""ic_compress"" | ""ic_config"" | ""ic_contactless"" | ""ic_contract"" | ""ic_contract_arrow_down"" | ""ic_contract_arrow_up"" | ""ic_contract_blank"" | ""ic_contract_check"" | ""ic_contract_error"" | ""ic_contract_money"" | ""ic_contract_pix"" | ""ic_contract_refresh"" | ""ic_copy"" | ""ic_coupon"" | ""ic_credit_card"" | ""ic_credit_card_add"" | ""ic_credit_card_house"" | ""ic_credit_card_nfc"" | ""ic_credit_card_pix"" | ""ic_credit_card_shield"" | ""ic_crosshairs"" | ""ic_currency_exchange"" | ""ic_desktop"" | ""ic_desktop_user"" | ""ic_desktop_wifi"" | ""ic_dialpad"" | ""ic_dining_table"" | ""ic_discord"" | ""ic_document"" | ""ic_document_blank"" | ""ic_document_blank_fill"" | ""ic_dog"" | ""ic_dolly"" | ""ic_door_tag"" | ""ic_doorlock"" | ""ic_downstairs"" | ""ic_drag_handle"" | ""ic_driver_helmet"" | ""ic_ear_listen"" | ""ic_easter_egg"" | ""ic_edit"" | ""ic_ellipsis"" | ""ic_ellipsis_vertical"" | ""ic_envelope"" | ""ic_escalator_arrow_down"" | ""ic_escalator_arrow_up"" | ""ic_euro"" | ""ic_expand"" | ""ic_expand_arrow"" | ""ic_eye_closed"" | ""ic_eye_open"" | ""ic_face_id"" | ""ic_facebook"" | ""ic_file_csv"" | ""ic_file_exp"" | ""ic_file_ofx"" | ""ic_file_pdf"" | ""ic_file_txt"" | ""ic_film"" | ""ic_filter"" | ""ic_fingerprint"" | ""ic_first_page"" | ""ic_flag_abkhazia_rounded"" | ""ic_flag_afghanistan_rounded"" | ""ic_flag_aland_islands_rounded"" | ""ic_flag_albania_rounded"" | ""ic_flag_algeria_rounded"" | ""ic_flag_american_samoa_rounded"" | ""ic_flag_andorra_rounded"" | ""ic_flag_angola_rounded"" | ""ic_flag_anguilla_rounded"" | ""ic_flag_antigua_and_barbuda_rounded"" | ""ic_flag_argentina"" | ""ic_flag_argentina_bw"" | ""ic_flag_argentina_rounded"" | ""ic_flag_armenia_rounded"" | ""ic_flag_aruba_rounded"" | ""ic_flag_australia_rounded"" | ""ic_flag_austria_rounded"" | ""ic_flag_azerbaijan_rounded"" | ""ic_flag_azores_islands_rounded"" | ""ic_flag_bahamas_rounded"" | ""ic_flag_bahrain_rounded"" | ""ic_flag_balearic_islands_rounded"" | ""ic_flag_bangladesh_rounded"" | ""ic_flag_barbados_rounded"" | ""ic_flag_basque_country_rounded"" | ""ic_flag_belarus_rounded"" | ""ic_flag_belgium_rounded"" | ""ic_flag_belize_rounded"" | ""ic_flag_benin_rounded"" | ""ic_flag_bermuda_rounded"" | ""ic_flag_bhutan_rounded"" | ""ic_flag_bolivia_rounded"" | ""ic_flag_bonaire_rounded"" | ""ic_flag_bosnia_and_herzegovina_rounded"" | ""ic_flag_botswana_rounded"" | ""ic_flag_brazil"" | ""ic_flag_brazil_bw"" | ""ic_flag_brazil_rounded"" | ""ic_flag_british_columbia_rounded"" | ""ic_flag_british_indian_ocean_territory_rounded"" | ""ic_flag_british_virgin_islands_rounded"" | ""ic_flag_brunei_rounded"" | ""ic_flag_bulgaria_rounded"" | ""ic_flag_burkina_faso_rounded"" | ""ic_flag_burundi_rounded"" | ""ic_flag_cambodia_rounded"" | ""ic_flag_cameroon_rounded"" | ""ic_flag_canada_rounded"" | ""ic_flag_canary_islands_rounded"" | ""ic_flag_cape_verde_rounded"" | ""ic_flag_cayman_islands"" | ""ic_flag_cayman_islands_bw"" | ""ic_flag_cayman_islands_rounded"" | ""ic_flag_central_african_republic_rounded"" | ""ic_flag_ceuta_rounded"" | ""ic_flag_chad_rounded"" | ""ic_flag_chile_rounded"" | ""ic_flag_china_rounded"" | ""ic_flag_cocos_island_rounded"" | ""ic_flag_colombia_rounded"" | ""ic_flag_comoros_rounded"" | ""ic_flag_cook_islands_rounded"" | ""ic_flag_corsica_rounded"" | ""ic_flag_costa_rica_rounded"" | ""ic_flag_croatia_rounded"" | ""ic_flag_cuba_rounded"" | ""ic_flag_curacao_rounded"" | ""ic_flag_cyprus_rounded"" | ""ic_flag_czech_republic_rounded"" | ""ic_flag_democratic_republic_of_congo_rounded"" | ""ic_flag_denmark_rounded"" | ""ic_flag_djibouti_rounded"" | ""ic_flag_dominica_rounded"" | ""ic_flag_dominican_republic_rounded"" | ""ic_flag_east_timor_rounded"" | ""ic_flag_ecuador_rounded"" | ""ic_flag_egypt_rounded"" | ""ic_flag_el_salvador_rounded"" | ""ic_flag_england_rounded"" | ""ic_flag_equatorial_guinea_rounded"" | ""ic_flag_eritrea_rounded"" | ""ic_flag_estonia_rounded"" | ""ic_flag_ethiopia_rounded"" | ""ic_flag_european_union_rounded"" | ""ic_flag_falkland_islands_rounded"" | ""ic_flag_faroe_islands_rounded"" | ""ic_flag_fiji_rounded"" | ""ic_flag_finland_rounded"" | ""ic_flag_france_rounded"" | ""ic_flag_french_polynesia_rounded"" | ""ic_flag_gabon_rounded"" | ""ic_flag_galapagos_islands_rounded"" | ""ic_flag_gambia_rounded"" | ""ic_flag_georgia_rounded"" | ""ic_flag_germany_rounded"" | ""ic_flag_ghana_rounded"" | ""ic_flag_gibraltar_rounded"" | ""ic_flag_globe"" | ""ic_flag_globe_bw"" | ""ic_flag_greece_rounded"" | ""ic_flag_greenland_rounded"" | ""ic_flag_grenada_rounded"" | ""ic_flag_guam_rounded"" | ""ic_flag_guatemala_rounded"" | ""ic_flag_guernsey_rounded"" | ""ic_flag_guinea_bissau_rounded"" | ""ic_flag_guinea_rounded"" | ""ic_flag_guyana_rounded"" | ""ic_flag_haiti_rounded"" | ""ic_flag_hawaii_rounded"" | ""ic_flag_honduras_rounded"" | ""ic_flag_hong_kong_rounded"" | ""ic_flag_hungary_rounded"" | ""ic_flag_iceland_rounded"" | ""ic_flag_india_rounded"" | ""ic_flag_indonesia_rounded"" | ""ic_flag_iran_rounded"" | ""ic_flag_iraq_rounded"" | ""ic_flag_ireland_rounded"" | ""ic_flag_isle_of_man_rounded"" | ""ic_flag_israel_rounded"" | ""ic_flag_italy_rounded"" | ""ic_flag_ivory_coast_rounded"" | ""ic_flag_jamaica_rounded"" | ""ic_flag_japan_rounded"" | ""ic_flag_jersey_rounded"" | ""ic_flag_jordan_rounded"" | ""ic_flag_kazakhstan_rounded"" | ""ic_flag_kenya_rounded"" | ""ic_flag_kiribati_rounded"" | ""ic_flag_kosovo_rounded"" | ""ic_flag_kuwait_rounded"" | ""ic_flag_kyrgyzstan_rounded"" | ""ic_flag_laos_rounded"" | ""ic_flag_latvia_rounded"" | ""ic_flag_lebanon_rounded"" | ""ic_flag_lesotho_rounded"" | ""ic_flag_liberia_rounded"" | ""ic_flag_libya_rounded"" | ""ic_flag_liechtenstein_rounded"" | ""ic_flag_lithuania_rounded"" | ""ic_flag_luxembourg_rounded"" | ""ic_flag_macao_rounded"" | ""ic_flag_madagascar_rounded"" | ""ic_flag_madeira_rounded"" | ""ic_flag_malawi_rounded"" | ""ic_flag_malaysia_rounded"" | ""ic_flag_maldives_rounded"" | ""ic_flag_mali_rounded"" | ""ic_flag_malta_rounded"" | ""ic_flag_marshall_island_rounded"" | ""ic_flag_martinique_rounded"" | ""ic_flag_mauritania_rounded"" | ""ic_flag_mauritius_rounded"" | ""ic_flag_melilla_rounded"" | ""ic_flag_mexico_rounded"" | ""ic_flag_micronesia_rounded"" | ""ic_flag_moldova_rounded"" | ""ic_flag_monaco_rounded"" | ""ic_flag_mongolia_rounded"" | ""ic_flag_montenegro_rounded"" | ""ic_flag_montserrat_rounded"" | ""ic_flag_morocco_rounded"" | ""ic_flag_mozambique_rounded"" | ""ic_flag_myanmar_rounded"" | ""ic_flag_namibia_rounded"" | ""ic_flag_nato_rounded"" | ""ic_flag_nauru_rounded"" | ""ic_flag_nepal_rounded"" | ""ic_flag_netherlands_rounded"" | ""ic_flag_new_zealand_rounded"" | ""ic_flag_nicaragua_rounded"" | ""ic_flag_niger_rounded"" | ""ic_flag_nigeria_rounded"" | ""ic_flag_niue_rounded"" | ""ic_flag_norfolk_island_rounded"" | ""ic_flag_north_korea_rounded"" | ""ic_flag_northern_cyprus_rounded"" | ""ic_flag_northern_marianas_islands_rounded"" | ""ic_flag_norway_rounded"" | ""ic_flag_oman_rounded"" | ""ic_flag_orkney_islands_rounded"" | ""ic_flag_ossetia_rounded"" | ""ic_flag_pakistan_rounded"" | ""ic_flag_palau_rounded"" | ""ic_flag_palestine_rounded"" | ""ic_flag_panama_rounded"" | ""ic_flag_papua_new_guinea_rounded"" | ""ic_flag_paraguay_rounded"" | ""ic_flag_peru_rounded"" | ""ic_flag_philippines_rounded"" | ""ic_flag_pitcairn_islands_rounded"" | ""ic_flag_poland_rounded"" | ""ic_flag_portugal_rounded"" | ""ic_flag_puerto_rico_rounded"" | ""ic_flag_qatar_rounded"" | ""ic_flag_rapa_nui_rounded"" | ""ic_flag_republic_of_macedonia_rounded"" | ""ic_flag_republic_of_the_congo_rounded"" | ""ic_flag_romania_rounded"" | ""ic_flag_russia_rounded"" | ""ic_flag_rwanda_rounded"" | ""ic_flag_saba_island_rounded"" | ""ic_flag_sahrawi_arab_democratic_republic_rounded"" | ""ic_flag_saint_kitts_and_nevis_rounded"" | ""ic_flag_samoa_rounded"" | ""ic_flag_san_marino_rounded"" | ""ic_flag_sao_tome_and_prince_rounded"" | ""ic_flag_sardinia_rounded"" | ""ic_flag_saudi_arabia_rounded"" | ""ic_flag_scotland_rounded"" | ""ic_flag_senegal_rounded"" | ""ic_flag_serbia_rounded"" | ""ic_flag_seychelles_rounded"" | ""ic_flag_sierra_leone_rounded"" | ""ic_flag_singapore_rounded"" | ""ic_flag_sint_eustatius_rounded"" | ""ic_flag_sint_maarten_rounded"" | ""ic_flag_slovakia_rounded"" | ""ic_flag_slovenia_rounded"" | ""ic_flag_solomon_islands_rounded"" | ""ic_flag_somalia_rounded"" | ""ic_flag_somaliland_rounded"" | ""ic_flag_south_africa_rounded"" | ""ic_flag_south_korea_rounded"" | ""ic_flag_south_sudan_rounded"" | ""ic_flag_spain"" | ""ic_flag_spain_bw"" | ""ic_flag_spain_rounded"" | ""ic_flag_sri_lanka_rounded"" | ""ic_flag_st_barts_rounded"" | ""ic_flag_st_lucia_rounded"" | ""ic_flag_st_vincent_and_the_grenadines_rounded"" | ""ic_flag_sudan_rounded"" | ""ic_flag_suriname_rounded"" | ""ic_flag_swaziland_rounded"" | ""ic_flag_sweden_rounded"" | ""ic_flag_switzerland_rounded"" | ""ic_flag_syria_rounded"" | ""ic_flag_taiwan_rounded"" | ""ic_flag_tajikistan_rounded"" | ""ic_flag_tanzania_rounded"" | ""ic_flag_thailand_rounded"" | ""ic_flag_tibet_rounded"" | ""ic_flag_togo_rounded"" | ""ic_flag_tokelau_rounded"" | ""ic_flag_tonga_rounded"" | ""ic_flag_transnistria_rounded"" | ""ic_flag_trinidad_and_tobago_rounded"" | ""ic_flag_tunisia_rounded"" | ""ic_flag_turkey_rounded"" | ""ic_flag_turkmenistan_rounded"" | ""ic_flag_turks_and_caicos_rounded"" | ""ic_flag_tuvalu_rounded"" | ""ic_flag_uganda_rounded"" | ""ic_flag_ukraine_rounded"" | ""ic_flag_united_arab_emirates_rounded"" | ""ic_flag_united_kingdom_rounded"" | ""ic_flag_united_nations_rounded"" | ""ic_flag_united_states"" | ""ic_flag_united_states_bw"" | ""ic_flag_united_states_rounded"" | ""ic_flag_uruguay_rounded"" | ""ic_flag_uzbekistán_rounded"" | ""ic_flag_vanuatu_rounded"" | ""ic_flag_vatican_city_rounded"" | ""ic_flag_venezuela_rounded"" | ""ic_flag_vietnam_rounded"" | ""ic_flag_virgin_islands_rounded"" | ""ic_flag_wales_rounded"" | ""ic_flag_yemen_rounded"" | ""ic_flag_zambia_rounded"" | ""ic_flag_zimbabwe_rounded"" | ""ic_flash"" | ""ic_flash_off"" | ""ic_flashlight"" | ""ic_fork_knife"" | ""ic_forward_step"" | ""ic_gas_station"" | ""ic_gift"" | ""ic_gift_money"" | ""ic_globe"" | ""ic_globe_trending_up"" | ""ic_google_play"" | ""ic_graduation_cap"" | ""ic_hamburguer"" | ""ic_hand_coin"" | ""ic_hand_config"" | ""ic_hand_house"" | ""ic_hand_money"" | ""ic_hand_user"" | ""ic_handshake"" | ""ic_heart"" | ""ic_heart_ecg"" | ""ic_heart_fill"" | ""ic_help_circle"" | ""ic_help_circle_fill"" | ""ic_high_heels"" | ""ic_history"" | ""ic_house"" | ""ic_house_check"" | ""ic_house_fill"" | ""ic_house_filled"" | ""ic_house_half"" | ""ic_house_moving"" | ""ic_house_trending_up"" | ""ic_i_safe"" | ""ic_image"" | ""ic_image_arrow_up"" | ""ic_image_error"" | ""ic_images"" | ""ic_info_circle"" | ""ic_info_circle_fill"" | ""ic_instagram"" | ""ic_inter"" | ""ic_inter_loop"" | ""ic_investment_filled"" | ""ic_key"" | ""ic_last_page"" | ""ic_lightbulb_off"" | ""ic_lightbulb_on"" | ""ic_link"" | ""ic_link_money"" | ""ic_linkedin"" | ""ic_list"" | ""ic_loading"" | ""ic_location"" | ""ic_location_map"" | ""ic_luggage"" | ""ic_mask_carnival"" | ""ic_mask_comedy"" | ""ic_medal_p_letter"" | ""ic_medal_q_letter"" | ""ic_medical_shield"" | ""ic_medical_square"" | ""ic_menu"" | ""ic_menu_filled"" | ""ic_message_ellipsis"" | ""ic_message_ellipsis_fill"" | ""ic_messages"" | ""ic_messages_fill"" | ""ic_messages_filled"" | ""ic_mic"" | ""ic_money_check"" | ""ic_money_check_arrow_down"" | ""ic_money_check_back"" | ""ic_money_check_check"" | ""ic_money_check_ellipsis"" | ""ic_money_check_error"" | ""ic_money_check_location"" | ""ic_money_check_pointer"" | ""ic_money_check_refresh"" | ""ic_money_frame"" | ""ic_moon"" | ""ic_motorcycle"" | ""ic_motorcycle_delivery"" | ""ic_muscle"" | ""ic_music_note"" | ""ic_nurse"" | ""ic_open_finance"" | ""ic_open_new"" | ""ic_orange"" | ""ic_orange_fill"" | ""ic_padlock"" | ""ic_padlock_open"" | ""ic_paint_roller"" | ""ic_paint_roller_fill"" | ""ic_paper_money"" | ""ic_paper_trending_up"" | ""ic_parking"" | ""ic_parking_short_term"" | ""ic_pause_circle"" | ""ic_paw"" | ""ic_payment_alelo"" | ""ic_payment_amazon"" | ""ic_payment_amex"" | ""ic_payment_apple_pay"" | ""ic_payment_diners_club"" | ""ic_payment_discover"" | ""ic_payment_elo"" | ""ic_payment_google_pay"" | ""ic_payment_hipercard"" | ""ic_payment_jcb"" | ""ic_payment_mastercard"" | ""ic_payment_paypal"" | ""ic_payment_plaid"" | ""ic_payment_pluxee"" | ""ic_payment_ticket"" | ""ic_payment_visa"" | ""ic_payment_vr"" | ""ic_phone"" | ""ic_phone_ring"" | ""ic_phone_rotary"" | ""ic_photo"" | ""ic_photo_off"" | ""ic_piggy_arrow_up"" | ""ic_piggy_bank"" | ""ic_piggy_money"" | ""ic_pill"" | ""ic_pillar"" | ""ic_pix"" | ""ic_plane_arrival"" | ""ic_plane_departure"" | ""ic_play"" | ""ic_play_fill"" | ""ic_play_frame"" | ""ic_plug"" | ""ic_printer"" | ""ic_purse"" | ""ic_qr_code"" | ""ic_qr_code_padlock"" | ""ic_receipt"" | ""ic_receipt_notification"" | ""ic_refrigerator"" | ""ic_remove"" | ""ic_remove_circle"" | ""ic_reply"" | ""ic_ring"" | ""ic_robot"" | ""ic_rocket"" | ""ic_rotate"" | ""ic_rotate_add"" | ""ic_rotate_check"" | ""ic_rotate_money"" | ""ic_rotate_right"" | ""ic_rotate_strokes_money"" | ""ic_scissors"" | ""ic_score"" | ""ic_search"" | ""ic_search_error"" | ""ic_search_sparkle"" | ""ic_seedling"" | ""ic_send"" | ""ic_share"" | ""ic_ship_front"" | ""ic_shirt"" | ""ic_shopping_bag"" | ""ic_shopping_bag_filled"" | ""ic_shopping_basket"" | ""ic_shopping_cart"" | ""ic_shopping_cart_add"" | ""ic_shopping_cart_arrow_down"" | ""ic_shopping_cart_auto"" | ""ic_shopping_cart_bars"" | ""ic_shopping_cart_error"" | ""ic_shopping_cart_fill"" | ""ic_shopping_cart_filled"" | ""ic_shuffle"" | ""ic_sign_in"" | ""ic_sign_out"" | ""ic_sim_card"" | ""ic_sliders"" | ""ic_smartphone"" | ""ic_smartphone_money"" | ""ic_smartphone_wifi"" | ""ic_sneakers"" | ""ic_soccer_ball"" | ""ic_sort"" | ""ic_sort_down"" | ""ic_sort_up"" | ""ic_sparkle"" | ""ic_spotify"" | ""ic_spray_bottle"" | ""ic_star"" | ""ic_star_fill"" | ""ic_star_half"" | ""ic_stethoscope"" | ""ic_stopwatch"" | ""ic_store"" | ""ic_store_shield"" | ""ic_stove"" | ""ic_subway_front"" | ""ic_suitcase"" | ""ic_sun"" | ""ic_swap_dots"" | ""ic_swap_vertical"" | ""ic_tag"" | ""ic_target"" | ""ic_team_viewer_error"" | ""ic_telegram"" | ""ic_thumb_down"" | ""ic_thumb_down_fill"" | ""ic_thumb_up"" | ""ic_thumb_up_fill"" | ""ic_ticket"" | ""ic_ticket_vertical"" | ""ic_tiktok"" | ""ic_toilet"" | ""ic_tooth"" | ""ic_tower_control"" | ""ic_trash"" | ""ic_trending_up"" | ""ic_trending_up_fill"" | ""ic_truck"" | ""ic_truck_speed"" | ""ic_twitter_x"" | ""ic_umbrella"" | ""ic_umbrella_beach"" | ""ic_unfold_less"" | ""ic_unfold_more"" | ""ic_upstairs"" | ""ic_user"" | ""ic_user_help"" | ""ic_user_money"" | ""ic_user_refresh"" | ""ic_users"" | ""ic_vault"" | ""ic_video"" | ""ic_video_game"" | ""ic_volume"" | ""ic_volume_off"" | ""ic_wallet"" | ""ic_wallet_money"" | ""ic_warning_circle"" | ""ic_warning_circle_fill"" | ""ic_washing_machine"" | ""ic_water_drop"" | ""ic_water_ladder"" | ""ic_wave_form"" | ""ic_whatsapp"" | ""ic_wheelbarrow"" | ""ic_withdraw"" | ""ic_youtube"" | undefined",Campo editorial,p6c656164696e6749636f6e,components/Molecules/ListItem/ListItem.d.ts
ListItem,ds-list-item,leadingImage,LeadingImageProps | undefined,Campo editorial / subpropriedades,"p6c656164696e67496d6167652e616c74, p6c656164696e67496d6167652e737263",components/Molecules/ListItem/ListItem.d.ts
ListItem,ds-list-item,leadingPaymentMethod,"""alelo"" | ""amazon"" | ""amex"" | ""applepay"" | ""cardDefault"" | ""dinersclub"" | ""discover"" | ""elo"" | ""googlepay"" | ""hipercard"" | ""jcb"" | ""mastercard"" | ""paypal"" | ""plaid"" | ""pluxee"" | ""ticket"" | ""visa"" | ""vr"" | undefined",Campo editorial,p6c656164696e675061796d656e744d6574686f64,components/Molecules/ListItem/ListItem.d.ts
ListItem,ds-list-item,leadingAvatar,AvatarProps | undefined,Campo editorial / subpropriedades,"p6c656164696e674176617461722e636f6c6f72, p6c656164696e674176617461722e7374617465, p6c656164696e674176617461722e69636f6e, p6c656164696e674176617461722e76617269616e74, p6c656164696e674176617461722e73697a65, p6c656164696e674176617461722e65646974, p6c656164696e674176617461722e6564697449636f6e, p6c656164696e674176617461722e666c6167, p6c656164696e674176617461722e626164676550726f70732e76617269616e74, p6c656164696e674176617461722e626164676550726f70732e636f756e74, p6c656164696e674176617461722e6861734261646765, p6c656164696e674176617461722e63617465676f7279, p6c656164696e674176617461722e6c6162656c, p6c656164696e674176617461722e616c74, p6c656164696e674176617461722e737263",components/Molecules/ListItem/ListItem.d.ts
ListItem,ds-list-item,trailingButton,"{ label: string; onClick: () => void; hierarchy?: ""primary"" | ""secondary"" | ""secondaryOutlined"" | undefined; variant?: StyleType | undefined; loading?: boolean | undefined; } | undefined",Campo editorial / subpropriedades,"p747261696c696e67427574746f6e2e6c6162656c, p747261696c696e67427574746f6e2e686965726172636879, p747261696c696e67427574746f6e2e76617269616e74, p747261696c696e67427574746f6e2e6c6f6164696e67",components/Molecules/ListItem/ListItem.d.ts
ListItem,ds-list-item,trailingCheckbox,CheckboxProps | undefined,Campo editorial / subpropriedades,"p747261696c696e67436865636b626f782e76617269616e74, p747261696c696e67436865636b626f782e7374617465, p747261696c696e67436865636b626f782e636865636b6564",components/Molecules/ListItem/ListItem.d.ts
ListItem,ds-list-item,trailingNeutralIconButton,NeutralIconButtonProps | undefined,Campo editorial / subpropriedades,"p747261696c696e674e65757472616c49636f6e427574746f6e2e69636f6e, p747261696c696e674e65757472616c49636f6e427574746f6e2e73686f774261646765, p747261696c696e674e65757472616c49636f6e427574746f6e2e76617269616e74, p747261696c696e674e65757472616c49636f6e427574746f6e2e636f756e74, p747261696c696e674e65757472616c49636f6e427574746f6e2e73697a65, p747261696c696e674e65757472616c49636f6e427574746f6e2e64697361626c6564, p747261696c696e674e65757472616c49636f6e427574746f6e2e6c6f6164696e67, p747261696c696e674e65757472616c49636f6e427574746f6e2e7374617465, p747261696c696e674e65757472616c49636f6e427574746f6e2e74797065",components/Molecules/ListItem/ListItem.d.ts
ListItem,ds-list-item,trailingRadioButton,RadioButtonProps | undefined,Campo editorial / rich text ou ícone / subpropriedades,"p747261696c696e67526164696f427574746f6e2e636865636b6564, p747261696c696e67526164696f427574746f6e2e6368696c6472656e, p747261696c696e67526164696f427574746f6e2e6861734572726f72, p747261696c696e67526164696f427574746f6e2e6964, p747261696c696e67526164696f427574746f6e2e6e616d65, p747261696c696e67526164696f427574746f6e2e7374617465, p747261696c696e67526164696f427574746f6e2e76616c7565, p747261696c696e67526164696f427574746f6e2e76617269616e74",components/Molecules/ListItem/ListItem.d.ts
ListItem,ds-list-item,trailingStepper,StepperProps | undefined,Campo editorial / subpropriedades,"p747261696c696e67537465707065722e656e61626c65496e707574, p747261696c696e67537465707065722e6d6178, p747261696c696e67537465707065722e6d696e, p747261696c696e67537465707065722e7374617465, p747261696c696e67537465707065722e686173426f72646572, p747261696c696e67537465707065722e73746570, p747261696c696e67537465707065722e6d61736b, p747261696c696e67537465707065722e6d61736b54797065",components/Molecules/ListItem/ListItem.d.ts
ListItem,ds-list-item,trailingSwitch,SwitchProps | undefined,Campo editorial / subpropriedades,"p747261696c696e675377697463682e636865636b6564, p747261696c696e675377697463682e7374617465",components/Molecules/ListItem/ListItem.d.ts
ListItem,ds-list-item,trailingTagChevron,boolean | { tag?: ListItemTagProps | undefined; } | undefined,Campo editorial / subpropriedades,"p747261696c696e6754616743686576726f6e2e7461672e6c6162656c, p747261696c696e6754616743686576726f6e2e7461672e636f6c6f72",components/Molecules/ListItem/ListItem.d.ts
ListItem,ds-list-item,trailingText,"{ label: string; colorLabel: ""success"" | ""neutral""; paragraph?: string | undefined; } | undefined",Campo editorial / subpropriedades,"p747261696c696e67546578742e6c6162656c, p747261696c696e67546578742e636f6c6f724c6162656c, p747261696c696e67546578742e706172616772617068",components/Molecules/ListItem/ListItem.d.ts
ListItem,ds-list-item,label,string,Campo editorial,p6c6162656c,components/Molecules/ListItem/ListItem.d.ts
ListItem,ds-list-item,onClick,"((event: MouseEvent<HTMLElement, MouseEvent>) => void) | undefined",Callback implementado no runtime; evento de integração,"ap6c656164696e674176617461722e6f6e436c69636b, ap747261696c696e67427574746f6e2e6f6e436c69636b, ap747261696c696e674e65757472616c49636f6e427574746f6e2e6f6e436c69636b",components/Molecules/ListItem/ListItem.d.ts
ListItem,ds-list-item,onTag,((data: TagProps) => void) | undefined,Callback implementado no runtime; evento de integração,,components/Molecules/ListItem/ListItem.d.ts
ListItem,ds-list-item,paragraph,string | undefined,Campo editorial,p706172616772617068,components/Molecules/ListItem/ListItem.d.ts
ListItem,ds-list-item,paragraphSupport,string | undefined,Campo editorial,p706172616772617068537570706f7274,components/Molecules/ListItem/ListItem.d.ts
ListItem,ds-list-item,showDivider,boolean | undefined,Campo editorial,p73686f7744697669646572,components/Molecules/ListItem/ListItem.d.ts
ListItem,ds-list-item,showLeading,boolean | undefined,Campo editorial,p73686f774c656164696e67,components/Molecules/ListItem/ListItem.d.ts
ListItem,ds-list-item,showTrailing,boolean | undefined,Campo editorial,p73686f77547261696c696e67,components/Molecules/ListItem/ListItem.d.ts
ListItem,ds-list-item,state,"""enabled"" | ""skeleton"" | ""disabled"" | undefined",Campo editorial,p7374617465,components/Molecules/ListItem/ListItem.d.ts
ListItem,ds-list-item,tags,"[ListItemTagProps, (ListItemTagProps | undefined)?, (ListItemTagProps | undefined)?] | undefined",Campo editorial / estrutura JSON,p74616773,components/Molecules/ListItem/ListItem.d.ts
ListItem,ds-list-item,variant,"""default"" | ""contained"" | undefined",Campo editorial,p76617269616e74,components/Molecules/ListItem/ListItem.d.ts
ListItemControl,ds-list-item-control,trailingVariant,"""checkbox"" | ""radio"" | ""stepper"" | ""switch"" | undefined",Campo editorial,p747261696c696e6756617269616e74,components/Molecules/ListItemControl/ListItemControl.d.ts
ListItemControl,ds-list-item-control,trailingProps,CheckboxTrailingProps | RadioTrailingProps | StepperTrailingProps | SwitchTrailingProps | undefined,Campo editorial / subpropriedades,"p747261696c696e6750726f70732e636865636b6564, p747261696c696e6750726f70732e696e64657465726d696e617465, p747261696c696e6750726f70732e76616c7565, p747261696c696e6750726f70732e6e616d65, p747261696c696e6750726f70732e6964, p747261696c696e6750726f70732e6d696e, p747261696c696e6750726f70732e6d6178, p747261696c696e6750726f70732e73746570",components/Molecules/ListItemControl/ListItemControl.d.ts
ListItemControl,ds-list-item-control,leadingProps,ListItemLeadingProps | undefined,Campo editorial / rich text ou ícone / subpropriedades,"p6c656164696e6750726f70732e74797065, p6c656164696e6750726f70732e61766174617250726f70732e636f6c6f72, p6c656164696e6750726f70732e61766174617250726f70732e7374617465, p6c656164696e6750726f70732e61766174617250726f70732e69636f6e, p6c656164696e6750726f70732e61766174617250726f70732e76617269616e74, p6c656164696e6750726f70732e61766174617250726f70732e73697a65, p6c656164696e6750726f70732e61766174617250726f70732e65646974, p6c656164696e6750726f70732e61766174617250726f70732e6564697449636f6e, p6c656164696e6750726f70732e61766174617250726f70732e666c6167, p6c656164696e6750726f70732e61766174617250726f70732e626164676550726f70732e76617269616e74, p6c656164696e6750726f70732e61766174617250726f70732e626164676550726f70732e636f756e74, p6c656164696e6750726f70732e61766174617250726f70732e6861734261646765, p6c656164696e6750726f70732e61766174617250726f70732e63617465676f7279, p6c656164696e6750726f70732e61766174617250726f70732e6c6162656c, p6c656164696e6750726f70732e61766174617250726f70732e616c74, p6c656164696e6750726f70732e61766174617250726f70732e737263, p6c656164696e6750726f70732e636865636b626f7850726f70732e76617269616e74, p6c656164696e6750726f70732e636865636b626f7850726f70732e7374617465, p6c656164696e6750726f70732e636865636b626f7850726f70732e636865636b6564, p6c656164696e6750726f70732e666c616750726f7073, p6c656164696e6750726f70732e69636f6e50726f70732e73697a65, p6c656164696e6750726f70732e69636f6e50726f70732e636f6c6f72, p6c656164696e6750726f70732e69636f6e50726f70732e6173736574, p6c656164696e6750726f70732e69636f6e50726f70732e636f6e74656e744465736372697074696f6e, p6c656164696e6750726f70732e696d61676550726f70732e686569676874, p6c656164696e6750726f70732e696d61676550726f70732e7372632e6c6f63616c, p6c656164696e6750726f70732e696d61676550726f70732e7372632e72656d6f74652e6c69676874, p6c656164696e6750726f70732e696d61676550726f70732e7372632e72656d6f74652e6461726b, p6c656164696e6750726f70732e696d61676550726f70732e7769647468, p6c656164696e6750726f70732e696d61676550726f70732e636f6e74656e744465736372697074696f6e, p6c656164696e6750726f70732e696d61676550726f70732e726164697573, p6c656164696e6750726f70732e696d61676550726f70732e636f6e74656e745363616c65, p6c656164696e6750726f70732e696d61676550726f70732e626f72646572436f6c6f72, p6c656164696e6750726f70732e696d61676550726f70732e626f72646572576569676874, p6c656164696e6750726f70732e696e64696361746f7250726f70732e636f6c6f72, p6c656164696e6750726f70732e696e64696361746f7250726f70732e69636f6e2e73697a65, p6c656164696e6750726f70732e696e64696361746f7250726f70732e69636f6e2e636f6c6f72, p6c656164696e6750726f70732e696e64696361746f7250726f70732e69636f6e2e6173736574, p6c656164696e6750726f70732e696e64696361746f7250726f70732e69636f6e2e636f6e74656e744465736372697074696f6e, p6c656164696e6750726f70732e696e64696361746f7250726f70732e6368696c6472656e, p6c656164696e6750726f70732e6e756d6265725465787450726f70732e6c6162656c, p6c656164696e6750726f70732e6e756d6265725465787450726f70732e6164646974696f6e616c54657874, p6c656164696e6750726f70732e6e756d6265725465787450726f70732e76617269616e74, p6c656164696e6750726f70732e7061796d656e744d6574686f6450726f7073, p6c656164696e6750726f70732e736c6f7450726f70732e6368696c6472656e, p6c656164696e6750726f70732e746573744964",components/Molecules/ListItemControl/ListItemControl.d.ts
ListItemControl,ds-list-item-control,state,ListItemState | undefined,Campo editorial,p7374617465,components/Molecules/ListItemControl/ListItemControl.d.ts
ListItemControl,ds-list-item-control,variant,ListItemVariant | undefined,Campo editorial,p76617269616e74,components/Molecules/ListItemControl/ListItemControl.d.ts
ListItemControl,ds-list-item-control,selected,boolean | undefined,Campo editorial,p73656c6563746564,components/Molecules/ListItemControl/ListItemControl.d.ts
ListItemControl,ds-list-item-control,interactive,boolean | undefined,Campo editorial,p696e746572616374697665,components/Molecules/ListItemControl/ListItemControl.d.ts
ListItemControl,ds-list-item-control,onClick,"((event: MouseEvent<HTMLElement, MouseEvent>) => void) | undefined",Callback implementado no runtime; evento de integração,ap6c656164696e6750726f70732e61766174617250726f70732e6f6e436c69636b,components/Molecules/ListItemControl/ListItemControl.d.ts
ListItemControl,ds-list-item-control,onTag,((data: TagProps) => void) | undefined,Callback implementado no runtime; evento de integração,,components/Molecules/ListItemControl/ListItemControl.d.ts
ListItemControl,ds-list-item-control,showDivider,boolean | undefined,Campo editorial,p73686f7744697669646572,components/Molecules/ListItemControl/ListItemControl.d.ts
ListItemControl,ds-list-item-control,testId,string | undefined,Campo editorial,p746573744964,components/Molecules/ListItemControl/ListItemControl.d.ts
ListItemControl,ds-list-item-control,className,string | undefined,Campo editorial,p636c6173734e616d65,components/Molecules/ListItemControl/ListItemControl.d.ts
ListItemControl,ds-list-item-control,alignmentTrailingMode,AlignmentTrailingMode | undefined,Campo editorial,p616c69676e6d656e74547261696c696e674d6f6465,components/Molecules/ListItemControl/ListItemControl.d.ts
ListItemControl,ds-list-item-control,label,string,Campo editorial,p6c6162656c,components/Molecules/ListItemControl/ListItemControl.d.ts
ListItemControl,ds-list-item-control,labelIcon,ReactNode,Campo editorial / rich text ou ícone,p6c6162656c49636f6e,components/Molecules/ListItemControl/ListItemControl.d.ts
ListItemControl,ds-list-item-control,paragraph,string | undefined,Campo editorial,p706172616772617068,components/Molecules/ListItemControl/ListItemControl.d.ts
ListItemControl,ds-list-item-control,paragraphSupport,string | undefined,Campo editorial,p706172616772617068537570706f7274,components/Molecules/ListItemControl/ListItemControl.d.ts
ListItemControl,ds-list-item-control,tags,"[ListItemContentTagProps, (ListItemContentTagProps | undefined)?, (ListItemContentTagProps | undefined)?] | undefined",Campo editorial / estrutura JSON,p74616773,components/Molecules/ListItemControl/ListItemControl.d.ts
ListItemGeneral,ds-list-item-general,leadingProps,ListItemLeadingProps | undefined,Campo editorial / rich text ou ícone / subpropriedades,"p6c656164696e6750726f70732e74797065, p6c656164696e6750726f70732e61766174617250726f70732e636f6c6f72, p6c656164696e6750726f70732e61766174617250726f70732e7374617465, p6c656164696e6750726f70732e61766174617250726f70732e69636f6e, p6c656164696e6750726f70732e61766174617250726f70732e76617269616e74, p6c656164696e6750726f70732e61766174617250726f70732e73697a65, p6c656164696e6750726f70732e61766174617250726f70732e65646974, p6c656164696e6750726f70732e61766174617250726f70732e6564697449636f6e, p6c656164696e6750726f70732e61766174617250726f70732e666c6167, p6c656164696e6750726f70732e61766174617250726f70732e626164676550726f70732e76617269616e74, p6c656164696e6750726f70732e61766174617250726f70732e626164676550726f70732e636f756e74, p6c656164696e6750726f70732e61766174617250726f70732e6861734261646765, p6c656164696e6750726f70732e61766174617250726f70732e63617465676f7279, p6c656164696e6750726f70732e61766174617250726f70732e6c6162656c, p6c656164696e6750726f70732e61766174617250726f70732e616c74, p6c656164696e6750726f70732e61766174617250726f70732e737263, p6c656164696e6750726f70732e636865636b626f7850726f70732e76617269616e74, p6c656164696e6750726f70732e636865636b626f7850726f70732e7374617465, p6c656164696e6750726f70732e636865636b626f7850726f70732e636865636b6564, p6c656164696e6750726f70732e666c616750726f7073, p6c656164696e6750726f70732e69636f6e50726f70732e73697a65, p6c656164696e6750726f70732e69636f6e50726f70732e636f6c6f72, p6c656164696e6750726f70732e69636f6e50726f70732e6173736574, p6c656164696e6750726f70732e69636f6e50726f70732e636f6e74656e744465736372697074696f6e, p6c656164696e6750726f70732e696d61676550726f70732e686569676874, p6c656164696e6750726f70732e696d61676550726f70732e7372632e6c6f63616c, p6c656164696e6750726f70732e696d61676550726f70732e7372632e72656d6f74652e6c69676874, p6c656164696e6750726f70732e696d61676550726f70732e7372632e72656d6f74652e6461726b, p6c656164696e6750726f70732e696d61676550726f70732e7769647468, p6c656164696e6750726f70732e696d61676550726f70732e636f6e74656e744465736372697074696f6e, p6c656164696e6750726f70732e696d61676550726f70732e726164697573, p6c656164696e6750726f70732e696d61676550726f70732e636f6e74656e745363616c65, p6c656164696e6750726f70732e696d61676550726f70732e626f72646572436f6c6f72, p6c656164696e6750726f70732e696d61676550726f70732e626f72646572576569676874, p6c656164696e6750726f70732e696e64696361746f7250726f70732e636f6c6f72, p6c656164696e6750726f70732e696e64696361746f7250726f70732e69636f6e2e73697a65, p6c656164696e6750726f70732e696e64696361746f7250726f70732e69636f6e2e636f6c6f72, p6c656164696e6750726f70732e696e64696361746f7250726f70732e69636f6e2e6173736574, p6c656164696e6750726f70732e696e64696361746f7250726f70732e69636f6e2e636f6e74656e744465736372697074696f6e, p6c656164696e6750726f70732e696e64696361746f7250726f70732e6368696c6472656e, p6c656164696e6750726f70732e6e756d6265725465787450726f70732e6c6162656c, p6c656164696e6750726f70732e6e756d6265725465787450726f70732e6164646974696f6e616c54657874, p6c656164696e6750726f70732e6e756d6265725465787450726f70732e76617269616e74, p6c656164696e6750726f70732e7061796d656e744d6574686f6450726f7073, p6c656164696e6750726f70732e736c6f7450726f70732e6368696c6472656e, p6c656164696e6750726f70732e746573744964",components/Molecules/ListItemGeneral/ListItemGeneral.d.ts
ListItemGeneral,ds-list-item-general,label,string,Campo editorial,p6c6162656c,components/Molecules/ListItemGeneral/ListItemGeneral.d.ts
ListItemGeneral,ds-list-item-general,labelIcon,ReactNode,Campo editorial / rich text ou ícone,p6c6162656c49636f6e,components/Molecules/ListItemGeneral/ListItemGeneral.d.ts
ListItemGeneral,ds-list-item-general,paragraph,string | undefined,Campo editorial,p706172616772617068,components/Molecules/ListItemGeneral/ListItemGeneral.d.ts
ListItemGeneral,ds-list-item-general,paragraphSupport,string | undefined,Campo editorial,p706172616772617068537570706f7274,components/Molecules/ListItemGeneral/ListItemGeneral.d.ts
ListItemGeneral,ds-list-item-general,tags,"[ListItemContentTagProps, (ListItemContentTagProps | undefined)?, (ListItemContentTagProps | undefined)?] | undefined",Campo editorial / estrutura JSON,p74616773,components/Molecules/ListItemGeneral/ListItemGeneral.d.ts
ListItemGeneral,ds-list-item-general,trailingVariant,GeneralTrailingType | undefined,Campo editorial,p747261696c696e6756617269616e74,components/Molecules/ListItemGeneral/ListItemGeneral.d.ts
ListItemGeneral,ds-list-item-general,trailingProps,ListItemGeneralTrailingProps | undefined,Campo editorial / subpropriedades,"p747261696c696e6750726f70732e74797065, p747261696c696e6750726f70732e74616743686576726f6e50726f70732e73686f77546167, p747261696c696e6750726f70732e74616743686576726f6e50726f70732e7461674c6162656c, p747261696c696e6750726f70732e74616743686576726f6e50726f70732e746167436f6c6f72, p747261696c696e6750726f70732e626164676550726f70732e73686f774261646765, p747261696c696e6750726f70732e626164676550726f70732e626164676556616c7565, p747261696c696e6750726f70732e626164676550726f70732e73686f7744617465, p747261696c696e6750726f70732e626164676550726f70732e64617465, p747261696c696e6750726f70732e7465787450726f70732e6c6162656c547261696c696e67, p747261696c696e6750726f70732e7465787450726f70732e6c6162656c547261696c696e67436f6c6f72, p747261696c696e6750726f70732e7465787450726f70732e706172616772617068547261696c696e67",components/Molecules/ListItemGeneral/ListItemGeneral.d.ts
ListItemGeneral,ds-list-item-general,showLeading,boolean | undefined,Campo editorial,p73686f774c656164696e67,components/Molecules/ListItemGeneral/ListItemGeneral.d.ts
ListItemGeneral,ds-list-item-general,onClick,"((event: MouseEvent<HTMLElement, MouseEvent>) => void) | undefined",Callback implementado no runtime; evento de integração,ap6c656164696e6750726f70732e61766174617250726f70732e6f6e436c69636b,components/Molecules/ListItemGeneral/ListItemGeneral.d.ts
ListItemGeneral,ds-list-item-general,state,ListItemState | undefined,Campo editorial,p7374617465,components/Molecules/ListItemGeneral/ListItemGeneral.d.ts
ListItemGeneral,ds-list-item-general,onTag,((data: TagProps) => void) | undefined,Callback implementado no runtime; evento de integração,,components/Molecules/ListItemGeneral/ListItemGeneral.d.ts
ListItemGeneral,ds-list-item-general,className,string | undefined,Campo editorial,p636c6173734e616d65,components/Molecules/ListItemGeneral/ListItemGeneral.d.ts
ListItemGeneral,ds-list-item-general,selected,boolean | undefined,Campo editorial,p73656c6563746564,components/Molecules/ListItemGeneral/ListItemGeneral.d.ts
ListItemGeneral,ds-list-item-general,variant,ListItemVariant | undefined,Campo editorial,p76617269616e74,components/Molecules/ListItemGeneral/ListItemGeneral.d.ts
ListItemGeneral,ds-list-item-general,interactive,boolean | undefined,Campo editorial,p696e746572616374697665,components/Molecules/ListItemGeneral/ListItemGeneral.d.ts
ListItemGeneral,ds-list-item-general,showDivider,boolean | undefined,Campo editorial,p73686f7744697669646572,components/Molecules/ListItemGeneral/ListItemGeneral.d.ts
ListItemGeneral,ds-list-item-general,testId,string | undefined,Campo editorial,p746573744964,components/Molecules/ListItemGeneral/ListItemGeneral.d.ts
ListItemGeneral,ds-list-item-general,alignmentTrailingMode,AlignmentTrailingMode | undefined,Campo editorial,p616c69676e6d656e74547261696c696e674d6f6465,components/Molecules/ListItemGeneral/ListItemGeneral.d.ts
ListItemAction,ds-list-item-action,trailingVariant,"""button"" | ""iconButton"" | ""neutralIconButton"" | undefined",Campo editorial,p747261696c696e6756617269616e74,components/Molecules/ListItemAction/ListItemAction.d.ts
ListItemAction,ds-list-item-action,trailingProps,ButtonTrailingProps | IconButtonTrailingProps | NeutralIconButtonTrailingProps | undefined,Campo editorial / subpropriedades,"p747261696c696e6750726f70732e6c6162656c, p747261696c696e6750726f70732e76617269616e74, p747261696c696e6750726f70732e686965726172636879, p747261696c696e6750726f70732e73697a65, p747261696c696e6750726f70732e69636f6e, p747261696c696e6750726f70732e69636f6e427574746f6e2e69636f6e, p747261696c696e6750726f70732e69636f6e427574746f6e2e76617269616e74, p747261696c696e6750726f70732e69636f6e427574746f6e2e686965726172636879, p747261696c696e6750726f70732e69636f6e427574746f6e5365636f6e642e69636f6e, p747261696c696e6750726f70732e69636f6e427574746f6e5365636f6e642e76617269616e74, p747261696c696e6750726f70732e69636f6e427574746f6e5365636f6e642e686965726172636879, p747261696c696e6750726f70732e617269614c6162656c, p747261696c696e6750726f70732e73686f774261646765, p747261696c696e6750726f70732e636f756e74",components/Molecules/ListItemAction/ListItemAction.d.ts
ListItemAction,ds-list-item-action,leadingProps,ListItemLeadingProps | undefined,Campo editorial / rich text ou ícone / subpropriedades,"p6c656164696e6750726f70732e74797065, p6c656164696e6750726f70732e61766174617250726f70732e636f6c6f72, p6c656164696e6750726f70732e61766174617250726f70732e7374617465, p6c656164696e6750726f70732e61766174617250726f70732e69636f6e, p6c656164696e6750726f70732e61766174617250726f70732e76617269616e74, p6c656164696e6750726f70732e61766174617250726f70732e73697a65, p6c656164696e6750726f70732e61766174617250726f70732e65646974, p6c656164696e6750726f70732e61766174617250726f70732e6564697449636f6e, p6c656164696e6750726f70732e61766174617250726f70732e666c6167, p6c656164696e6750726f70732e61766174617250726f70732e626164676550726f70732e76617269616e74, p6c656164696e6750726f70732e61766174617250726f70732e626164676550726f70732e636f756e74, p6c656164696e6750726f70732e61766174617250726f70732e6861734261646765, p6c656164696e6750726f70732e61766174617250726f70732e63617465676f7279, p6c656164696e6750726f70732e61766174617250726f70732e6c6162656c, p6c656164696e6750726f70732e61766174617250726f70732e616c74, p6c656164696e6750726f70732e61766174617250726f70732e737263, p6c656164696e6750726f70732e636865636b626f7850726f70732e76617269616e74, p6c656164696e6750726f70732e636865636b626f7850726f70732e7374617465, p6c656164696e6750726f70732e636865636b626f7850726f70732e636865636b6564, p6c656164696e6750726f70732e666c616750726f7073, p6c656164696e6750726f70732e69636f6e50726f70732e73697a65, p6c656164696e6750726f70732e69636f6e50726f70732e636f6c6f72, p6c656164696e6750726f70732e69636f6e50726f70732e6173736574, p6c656164696e6750726f70732e69636f6e50726f70732e636f6e74656e744465736372697074696f6e, p6c656164696e6750726f70732e696d61676550726f70732e686569676874, p6c656164696e6750726f70732e696d61676550726f70732e7372632e6c6f63616c, p6c656164696e6750726f70732e696d61676550726f70732e7372632e72656d6f74652e6c69676874, p6c656164696e6750726f70732e696d61676550726f70732e7372632e72656d6f74652e6461726b, p6c656164696e6750726f70732e696d61676550726f70732e7769647468, p6c656164696e6750726f70732e696d61676550726f70732e636f6e74656e744465736372697074696f6e, p6c656164696e6750726f70732e696d61676550726f70732e726164697573, p6c656164696e6750726f70732e696d61676550726f70732e636f6e74656e745363616c65, p6c656164696e6750726f70732e696d61676550726f70732e626f72646572436f6c6f72, p6c656164696e6750726f70732e696d61676550726f70732e626f72646572576569676874, p6c656164696e6750726f70732e696e64696361746f7250726f70732e636f6c6f72, p6c656164696e6750726f70732e696e64696361746f7250726f70732e69636f6e2e73697a65, p6c656164696e6750726f70732e696e64696361746f7250726f70732e69636f6e2e636f6c6f72, p6c656164696e6750726f70732e696e64696361746f7250726f70732e69636f6e2e6173736574, p6c656164696e6750726f70732e696e64696361746f7250726f70732e69636f6e2e636f6e74656e744465736372697074696f6e, p6c656164696e6750726f70732e696e64696361746f7250726f70732e6368696c6472656e, p6c656164696e6750726f70732e6e756d6265725465787450726f70732e6c6162656c, p6c656164696e6750726f70732e6e756d6265725465787450726f70732e6164646974696f6e616c54657874, p6c656164696e6750726f70732e6e756d6265725465787450726f70732e76617269616e74, p6c656164696e6750726f70732e7061796d656e744d6574686f6450726f7073, p6c656164696e6750726f70732e736c6f7450726f70732e6368696c6472656e, p6c656164696e6750726f70732e746573744964",components/Molecules/ListItemAction/ListItemAction.d.ts
ListItemAction,ds-list-item-action,showLeading,boolean | undefined,Campo editorial,p73686f774c656164696e67,components/Molecules/ListItemAction/ListItemAction.d.ts
ListItemAction,ds-list-item-action,onClick,"((event: MouseEvent<HTMLElement, MouseEvent>) => void) | undefined",Callback implementado no runtime; evento de integração,"ap747261696c696e6750726f70732e6f6e427574746f6e436c69636b, ap747261696c696e6750726f70732e69636f6e427574746f6e2e6f6e436c69636b, ap747261696c696e6750726f70732e69636f6e427574746f6e5365636f6e642e6f6e436c69636b, ap747261696c696e6750726f70732e6f6e436c69636b, ap6c656164696e6750726f70732e61766174617250726f70732e6f6e436c69636b",components/Molecules/ListItemAction/ListItemAction.d.ts
ListItemAction,ds-list-item-action,state,ListItemState | undefined,Campo editorial,p7374617465,components/Molecules/ListItemAction/ListItemAction.d.ts
ListItemAction,ds-list-item-action,onTag,((data: TagProps) => void) | undefined,Callback implementado no runtime; evento de integração,,components/Molecules/ListItemAction/ListItemAction.d.ts
ListItemAction,ds-list-item-action,className,string | undefined,Campo editorial,p636c6173734e616d65,components/Molecules/ListItemAction/ListItemAction.d.ts
ListItemAction,ds-list-item-action,variant,ListItemVariant | undefined,Campo editorial,p76617269616e74,components/Molecules/ListItemAction/ListItemAction.d.ts
ListItemAction,ds-list-item-action,interactive,boolean | undefined,Campo editorial,p696e746572616374697665,components/Molecules/ListItemAction/ListItemAction.d.ts
ListItemAction,ds-list-item-action,showDivider,boolean | undefined,Campo editorial,p73686f7744697669646572,components/Molecules/ListItemAction/ListItemAction.d.ts
ListItemAction,ds-list-item-action,testId,string | undefined,Campo editorial,p746573744964,components/Molecules/ListItemAction/ListItemAction.d.ts
ListItemAction,ds-list-item-action,alignmentTrailingMode,AlignmentTrailingMode | undefined,Campo editorial,p616c69676e6d656e74547261696c696e674d6f6465,components/Molecules/ListItemAction/ListItemAction.d.ts
ListItemAction,ds-list-item-action,label,string,Campo editorial,p6c6162656c,components/Molecules/ListItemAction/ListItemAction.d.ts
ListItemAction,ds-list-item-action,labelIcon,ReactNode,Campo editorial / rich text ou ícone,p6c6162656c49636f6e,components/Molecules/ListItemAction/ListItemAction.d.ts
ListItemAction,ds-list-item-action,paragraph,string | undefined,Campo editorial,p706172616772617068,components/Molecules/ListItemAction/ListItemAction.d.ts
ListItemAction,ds-list-item-action,paragraphSupport,string | undefined,Campo editorial,p706172616772617068537570706f7274,components/Molecules/ListItemAction/ListItemAction.d.ts
ListItemAction,ds-list-item-action,tags,"[ListItemContentTagProps, (ListItemContentTagProps | undefined)?, (ListItemContentTagProps | undefined)?] | undefined",Campo editorial / estrutura JSON,p74616773,components/Molecules/ListItemAction/ListItemAction.d.ts
ListItemView,ds-list-item-view,orientation,"""vertical"" | ""horizontal""",Campo editorial,p6f7269656e746174696f6e,components/Molecules/ListItemView/ListItemView.d.ts
ListItemView,ds-list-item-view,label,string,Campo editorial,p6c6162656c,components/Molecules/ListItemView/ListItemView.d.ts
ListItemView,ds-list-item-view,state,"""enabled"" | ""skeleton"" | undefined",Campo editorial,p7374617465,components/Molecules/ListItemView/ListItemView.d.ts
ListItemView,ds-list-item-view,alignRight,boolean | undefined,Campo editorial,p616c69676e5269676874,components/Molecules/ListItemView/ListItemView.d.ts
ListItemView,ds-list-item-view,helper,boolean | undefined,Campo editorial,p68656c706572,components/Molecules/ListItemView/ListItemView.d.ts
ListItemView,ds-list-item-view,helperOnClick,(() => void) | undefined,Callback implementado no runtime; evento de integração,,components/Molecules/ListItemView/ListItemView.d.ts
ListItemView,ds-list-item-view,onTag,((tag: TagProps) => void) | undefined,Callback implementado no runtime; evento de integração,,components/Molecules/ListItemView/ListItemView.d.ts
ListItemView,ds-list-item-view,valueType,"""text"" | ""tag""",Campo editorial,p76616c756554797065,components/Molecules/ListItemView/ListItemView.d.ts
ListItemView,ds-list-item-view,value,ReactNode,Campo editorial / rich text ou ícone,p76616c7565,components/Molecules/ListItemView/ListItemView.d.ts
ListItemView,ds-list-item-view,tagColor,string | undefined,Campo editorial,p746167436f6c6f72,components/Molecules/ListItemView/ListItemView.d.ts
ListItemView,ds-list-item-view,tagHierarchy,"Pick<TagProps, ""hierarchy""> | undefined",Campo editorial / subpropriedades,p7461674869657261726368792e686965726172636879,components/Molecules/ListItemView/ListItemView.d.ts
ListItemView,ds-list-item-view,valueColor,"""primary"" | ""positive"" | ""negative"" | undefined",Campo editorial,p76616c7565436f6c6f72,components/Molecules/ListItemView/ListItemView.d.ts
ListItemView,ds-list-item-view,trailingType,"""icon"" | ""button"" | undefined",Campo editorial,p747261696c696e6754797065,components/Molecules/ListItemView/ListItemView.d.ts
ListItemView,ds-list-item-view,trailing,string | undefined,Campo editorial,p747261696c696e67,components/Molecules/ListItemView/ListItemView.d.ts
ListItemView,ds-list-item-view,onActionTrailing,(() => void) | (() => void) | (() => never) | undefined,Callback implementado no runtime; evento de integração,,components/Molecules/ListItemView/ListItemView.d.ts
MenuItem,ds-menu-item,avatarVariant,"""initial"" | ""picture"" | undefined",Campo editorial,p61766174617256617269616e74,components/Molecules/MenuItem/MenuItem.d.ts
MenuItem,ds-menu-item,src,string,Campo editorial,p737263,components/Molecules/MenuItem/MenuItem.d.ts
MenuItem,ds-menu-item,alt,string,Campo editorial,p616c74,components/Molecules/MenuItem/MenuItem.d.ts
MenuItem,ds-menu-item,variant,"""icon"" | ""avatar""",Campo editorial,p76617269616e74,components/Molecules/MenuItem/MenuItem.d.ts
MenuItem,ds-menu-item,tag,string | undefined,Campo editorial,p746167,components/Molecules/MenuItem/MenuItem.d.ts
MenuItem,ds-menu-item,size,"""small"" | ""large""",Campo editorial,p73697a65,components/Molecules/MenuItem/MenuItem.d.ts
MenuItem,ds-menu-item,label,string,Campo editorial,p6c6162656c,components/Molecules/MenuItem/MenuItem.d.ts
MenuItem,ds-menu-item,color,string | undefined,Campo editorial,p636f6c6f72,components/Molecules/MenuItem/MenuItem.d.ts
MenuItem,ds-menu-item,hierarchy,string | undefined,Campo editorial,p686965726172636879,components/Molecules/MenuItem/MenuItem.d.ts
MenuItem,ds-menu-item,skeleton,boolean | undefined,Campo editorial,p736b656c65746f6e,components/Molecules/MenuItem/MenuItem.d.ts
MenuItem,ds-menu-item,children,ReactNode,Campo editorial / rich text ou ícone,p6368696c6472656e,components/Molecules/MenuItem/MenuItem.d.ts
MenuItem,ds-menu-item,onClick,() => void,Callback implementado no runtime; evento de integração,,components/Molecules/MenuItem/MenuItem.d.ts
MenuItem,ds-menu-item,onTag,((data: TagProps) => void) | undefined,Callback implementado no runtime; evento de integração,,components/Molecules/MenuItem/MenuItem.d.ts
MenuItem,ds-menu-item,category,"""business"" | ""person"" | undefined",Campo editorial,p63617465676f7279,components/Molecules/MenuItem/MenuItem.d.ts
MenuItem,ds-menu-item,icon,"""ic_accessibility"" | ""ic_add"" | ""ic_alarm"" | ""ic_alarm_add"" | ""ic_alarm_check"" | ""ic_alarm_off"" | ""ic_alternate_email"" | ""ic_alternate_email_fill"" | ""ic_android"" | ""ic_apple"" | ""ic_apple_inc"" | ""ic_apps"" | ""ic_apps_fill"" | ""ic_armchair"" | ""ic_arrow_down"" | ""ic_arrow_down_left"" | ""ic_arrow_down_right"" | ""ic_arrow_download"" | ""ic_arrow_download_error"" | ""ic_arrow_left"" | ""ic_arrow_right"" | ""ic_arrow_up"" | ""ic_arrow_upload"" | ""ic_asterisks"" | ""ic_attachment"" | ""ic_babi_avatar"" | ""ic_babi_avatar_bw"" | ""ic_baby"" | ""ic_backpack"" | ""ic_backward_step"" | ""ic_badge_check"" | ""ic_badge_check_fill"" | ""ic_badge_star"" | ""ic_bandage"" | ""ic_bank"" | ""ic_bank_transfer"" | ""ic_barbecue"" | ""ic_barcode"" | ""ic_barn"" | ""ic_bars_money"" | ""ic_bars_search"" | ""ic_bathtub"" | ""ic_beach_ball"" | ""ic_bed"" | ""ic_beer"" | ""ic_bell"" | ""ic_bell_concierge"" | ""ic_bell_notification"" | ""ic_bell_ring"" | ""ic_bicycle"" | ""ic_bitcoin"" | ""ic_book_flip"" | ""ic_book_open"" | ""ic_bowl_spoon"" | ""ic_box"" | ""ic_box_add"" | ""ic_box_arrow_down"" | ""ic_box_arrow_up"" | ""ic_box_fill"" | ""ic_box_off"" | ""ic_boxes"" | ""ic_brain"" | ""ic_briefcase"" | ""ic_building"" | ""ic_bus_front"" | ""ic_cake"" | ""ic_calculator"" | ""ic_calendar"" | ""ic_calendar_clock"" | ""ic_calendar_money"" | ""ic_car"" | ""ic_car_front"" | ""ic_car_tag"" | ""ic_card_machine"" | ""ic_cashback"" | ""ic_cat"" | ""ic_celebration"" | ""ic_chart_bar"" | ""ic_chart_bar_filled"" | ""ic_chart_pie"" | ""ic_check"" | ""ic_check_circle"" | ""ic_check_circle_fill"" | ""ic_checklist"" | ""ic_chef_hat"" | ""ic_chevron_down"" | ""ic_chevron_left"" | ""ic_chevron_right"" | ""ic_chevron_up"" | ""ic_chocolate"" | ""ic_circle_error_check"" | ""ic_circle_off"" | ""ic_city_hall"" | ""ic_clapper"" | ""ic_clipboard"" | ""ic_clipboard_apple"" | ""ic_clock"" | ""ic_close"" | ""ic_close_circle"" | ""ic_close_circle_fill"" | ""ic_cocktail"" | ""ic_code"" | ""ic_coffee"" | ""ic_coin"" | ""ic_coin_add"" | ""ic_coin_arrow_down_in"" | ""ic_coin_arrow_up_in"" | ""ic_coin_arrow_up_out"" | ""ic_coin_chart"" | ""ic_coin_check"" | ""ic_coin_ellipsis"" | ""ic_coin_off"" | ""ic_coin_remove"" | ""ic_coin_shield"" | ""ic_coin_thirteen"" | ""ic_comment"" | ""ic_comments"" | ""ic_compass"" | ""ic_compass_off"" | ""ic_compress"" | ""ic_config"" | ""ic_contactless"" | ""ic_contract"" | ""ic_contract_arrow_down"" | ""ic_contract_arrow_up"" | ""ic_contract_blank"" | ""ic_contract_check"" | ""ic_contract_error"" | ""ic_contract_money"" | ""ic_contract_pix"" | ""ic_contract_refresh"" | ""ic_copy"" | ""ic_coupon"" | ""ic_credit_card"" | ""ic_credit_card_add"" | ""ic_credit_card_house"" | ""ic_credit_card_nfc"" | ""ic_credit_card_pix"" | ""ic_credit_card_shield"" | ""ic_crosshairs"" | ""ic_currency_exchange"" | ""ic_desktop"" | ""ic_desktop_user"" | ""ic_desktop_wifi"" | ""ic_dialpad"" | ""ic_dining_table"" | ""ic_discord"" | ""ic_document"" | ""ic_document_blank"" | ""ic_document_blank_fill"" | ""ic_dog"" | ""ic_dolly"" | ""ic_door_tag"" | ""ic_doorlock"" | ""ic_downstairs"" | ""ic_drag_handle"" | ""ic_driver_helmet"" | ""ic_ear_listen"" | ""ic_easter_egg"" | ""ic_edit"" | ""ic_ellipsis"" | ""ic_ellipsis_vertical"" | ""ic_envelope"" | ""ic_escalator_arrow_down"" | ""ic_escalator_arrow_up"" | ""ic_euro"" | ""ic_expand"" | ""ic_expand_arrow"" | ""ic_eye_closed"" | ""ic_eye_open"" | ""ic_face_id"" | ""ic_facebook"" | ""ic_file_csv"" | ""ic_file_exp"" | ""ic_file_ofx"" | ""ic_file_pdf"" | ""ic_file_txt"" | ""ic_film"" | ""ic_filter"" | ""ic_fingerprint"" | ""ic_first_page"" | ""ic_flag_abkhazia_rounded"" | ""ic_flag_afghanistan_rounded"" | ""ic_flag_aland_islands_rounded"" | ""ic_flag_albania_rounded"" | ""ic_flag_algeria_rounded"" | ""ic_flag_american_samoa_rounded"" | ""ic_flag_andorra_rounded"" | ""ic_flag_angola_rounded"" | ""ic_flag_anguilla_rounded"" | ""ic_flag_antigua_and_barbuda_rounded"" | ""ic_flag_argentina"" | ""ic_flag_argentina_bw"" | ""ic_flag_argentina_rounded"" | ""ic_flag_armenia_rounded"" | ""ic_flag_aruba_rounded"" | ""ic_flag_australia_rounded"" | ""ic_flag_austria_rounded"" | ""ic_flag_azerbaijan_rounded"" | ""ic_flag_azores_islands_rounded"" | ""ic_flag_bahamas_rounded"" | ""ic_flag_bahrain_rounded"" | ""ic_flag_balearic_islands_rounded"" | ""ic_flag_bangladesh_rounded"" | ""ic_flag_barbados_rounded"" | ""ic_flag_basque_country_rounded"" | ""ic_flag_belarus_rounded"" | ""ic_flag_belgium_rounded"" | ""ic_flag_belize_rounded"" | ""ic_flag_benin_rounded"" | ""ic_flag_bermuda_rounded"" | ""ic_flag_bhutan_rounded"" | ""ic_flag_bolivia_rounded"" | ""ic_flag_bonaire_rounded"" | ""ic_flag_bosnia_and_herzegovina_rounded"" | ""ic_flag_botswana_rounded"" | ""ic_flag_brazil"" | ""ic_flag_brazil_bw"" | ""ic_flag_brazil_rounded"" | ""ic_flag_british_columbia_rounded"" | ""ic_flag_british_indian_ocean_territory_rounded"" | ""ic_flag_british_virgin_islands_rounded"" | ""ic_flag_brunei_rounded"" | ""ic_flag_bulgaria_rounded"" | ""ic_flag_burkina_faso_rounded"" | ""ic_flag_burundi_rounded"" | ""ic_flag_cambodia_rounded"" | ""ic_flag_cameroon_rounded"" | ""ic_flag_canada_rounded"" | ""ic_flag_canary_islands_rounded"" | ""ic_flag_cape_verde_rounded"" | ""ic_flag_cayman_islands"" | ""ic_flag_cayman_islands_bw"" | ""ic_flag_cayman_islands_rounded"" | ""ic_flag_central_african_republic_rounded"" | ""ic_flag_ceuta_rounded"" | ""ic_flag_chad_rounded"" | ""ic_flag_chile_rounded"" | ""ic_flag_china_rounded"" | ""ic_flag_cocos_island_rounded"" | ""ic_flag_colombia_rounded"" | ""ic_flag_comoros_rounded"" | ""ic_flag_cook_islands_rounded"" | ""ic_flag_corsica_rounded"" | ""ic_flag_costa_rica_rounded"" | ""ic_flag_croatia_rounded"" | ""ic_flag_cuba_rounded"" | ""ic_flag_curacao_rounded"" | ""ic_flag_cyprus_rounded"" | ""ic_flag_czech_republic_rounded"" | ""ic_flag_democratic_republic_of_congo_rounded"" | ""ic_flag_denmark_rounded"" | ""ic_flag_djibouti_rounded"" | ""ic_flag_dominica_rounded"" | ""ic_flag_dominican_republic_rounded"" | ""ic_flag_east_timor_rounded"" | ""ic_flag_ecuador_rounded"" | ""ic_flag_egypt_rounded"" | ""ic_flag_el_salvador_rounded"" | ""ic_flag_england_rounded"" | ""ic_flag_equatorial_guinea_rounded"" | ""ic_flag_eritrea_rounded"" | ""ic_flag_estonia_rounded"" | ""ic_flag_ethiopia_rounded"" | ""ic_flag_european_union_rounded"" | ""ic_flag_falkland_islands_rounded"" | ""ic_flag_faroe_islands_rounded"" | ""ic_flag_fiji_rounded"" | ""ic_flag_finland_rounded"" | ""ic_flag_france_rounded"" | ""ic_flag_french_polynesia_rounded"" | ""ic_flag_gabon_rounded"" | ""ic_flag_galapagos_islands_rounded"" | ""ic_flag_gambia_rounded"" | ""ic_flag_georgia_rounded"" | ""ic_flag_germany_rounded"" | ""ic_flag_ghana_rounded"" | ""ic_flag_gibraltar_rounded"" | ""ic_flag_globe"" | ""ic_flag_globe_bw"" | ""ic_flag_greece_rounded"" | ""ic_flag_greenland_rounded"" | ""ic_flag_grenada_rounded"" | ""ic_flag_guam_rounded"" | ""ic_flag_guatemala_rounded"" | ""ic_flag_guernsey_rounded"" | ""ic_flag_guinea_bissau_rounded"" | ""ic_flag_guinea_rounded"" | ""ic_flag_guyana_rounded"" | ""ic_flag_haiti_rounded"" | ""ic_flag_hawaii_rounded"" | ""ic_flag_honduras_rounded"" | ""ic_flag_hong_kong_rounded"" | ""ic_flag_hungary_rounded"" | ""ic_flag_iceland_rounded"" | ""ic_flag_india_rounded"" | ""ic_flag_indonesia_rounded"" | ""ic_flag_iran_rounded"" | ""ic_flag_iraq_rounded"" | ""ic_flag_ireland_rounded"" | ""ic_flag_isle_of_man_rounded"" | ""ic_flag_israel_rounded"" | ""ic_flag_italy_rounded"" | ""ic_flag_ivory_coast_rounded"" | ""ic_flag_jamaica_rounded"" | ""ic_flag_japan_rounded"" | ""ic_flag_jersey_rounded"" | ""ic_flag_jordan_rounded"" | ""ic_flag_kazakhstan_rounded"" | ""ic_flag_kenya_rounded"" | ""ic_flag_kiribati_rounded"" | ""ic_flag_kosovo_rounded"" | ""ic_flag_kuwait_rounded"" | ""ic_flag_kyrgyzstan_rounded"" | ""ic_flag_laos_rounded"" | ""ic_flag_latvia_rounded"" | ""ic_flag_lebanon_rounded"" | ""ic_flag_lesotho_rounded"" | ""ic_flag_liberia_rounded"" | ""ic_flag_libya_rounded"" | ""ic_flag_liechtenstein_rounded"" | ""ic_flag_lithuania_rounded"" | ""ic_flag_luxembourg_rounded"" | ""ic_flag_macao_rounded"" | ""ic_flag_madagascar_rounded"" | ""ic_flag_madeira_rounded"" | ""ic_flag_malawi_rounded"" | ""ic_flag_malaysia_rounded"" | ""ic_flag_maldives_rounded"" | ""ic_flag_mali_rounded"" | ""ic_flag_malta_rounded"" | ""ic_flag_marshall_island_rounded"" | ""ic_flag_martinique_rounded"" | ""ic_flag_mauritania_rounded"" | ""ic_flag_mauritius_rounded"" | ""ic_flag_melilla_rounded"" | ""ic_flag_mexico_rounded"" | ""ic_flag_micronesia_rounded"" | ""ic_flag_moldova_rounded"" | ""ic_flag_monaco_rounded"" | ""ic_flag_mongolia_rounded"" | ""ic_flag_montenegro_rounded"" | ""ic_flag_montserrat_rounded"" | ""ic_flag_morocco_rounded"" | ""ic_flag_mozambique_rounded"" | ""ic_flag_myanmar_rounded"" | ""ic_flag_namibia_rounded"" | ""ic_flag_nato_rounded"" | ""ic_flag_nauru_rounded"" | ""ic_flag_nepal_rounded"" | ""ic_flag_netherlands_rounded"" | ""ic_flag_new_zealand_rounded"" | ""ic_flag_nicaragua_rounded"" | ""ic_flag_niger_rounded"" | ""ic_flag_nigeria_rounded"" | ""ic_flag_niue_rounded"" | ""ic_flag_norfolk_island_rounded"" | ""ic_flag_north_korea_rounded"" | ""ic_flag_northern_cyprus_rounded"" | ""ic_flag_northern_marianas_islands_rounded"" | ""ic_flag_norway_rounded"" | ""ic_flag_oman_rounded"" | ""ic_flag_orkney_islands_rounded"" | ""ic_flag_ossetia_rounded"" | ""ic_flag_pakistan_rounded"" | ""ic_flag_palau_rounded"" | ""ic_flag_palestine_rounded"" | ""ic_flag_panama_rounded"" | ""ic_flag_papua_new_guinea_rounded"" | ""ic_flag_paraguay_rounded"" | ""ic_flag_peru_rounded"" | ""ic_flag_philippines_rounded"" | ""ic_flag_pitcairn_islands_rounded"" | ""ic_flag_poland_rounded"" | ""ic_flag_portugal_rounded"" | ""ic_flag_puerto_rico_rounded"" | ""ic_flag_qatar_rounded"" | ""ic_flag_rapa_nui_rounded"" | ""ic_flag_republic_of_macedonia_rounded"" | ""ic_flag_republic_of_the_congo_rounded"" | ""ic_flag_romania_rounded"" | ""ic_flag_russia_rounded"" | ""ic_flag_rwanda_rounded"" | ""ic_flag_saba_island_rounded"" | ""ic_flag_sahrawi_arab_democratic_republic_rounded"" | ""ic_flag_saint_kitts_and_nevis_rounded"" | ""ic_flag_samoa_rounded"" | ""ic_flag_san_marino_rounded"" | ""ic_flag_sao_tome_and_prince_rounded"" | ""ic_flag_sardinia_rounded"" | ""ic_flag_saudi_arabia_rounded"" | ""ic_flag_scotland_rounded"" | ""ic_flag_senegal_rounded"" | ""ic_flag_serbia_rounded"" | ""ic_flag_seychelles_rounded"" | ""ic_flag_sierra_leone_rounded"" | ""ic_flag_singapore_rounded"" | ""ic_flag_sint_eustatius_rounded"" | ""ic_flag_sint_maarten_rounded"" | ""ic_flag_slovakia_rounded"" | ""ic_flag_slovenia_rounded"" | ""ic_flag_solomon_islands_rounded"" | ""ic_flag_somalia_rounded"" | ""ic_flag_somaliland_rounded"" | ""ic_flag_south_africa_rounded"" | ""ic_flag_south_korea_rounded"" | ""ic_flag_south_sudan_rounded"" | ""ic_flag_spain"" | ""ic_flag_spain_bw"" | ""ic_flag_spain_rounded"" | ""ic_flag_sri_lanka_rounded"" | ""ic_flag_st_barts_rounded"" | ""ic_flag_st_lucia_rounded"" | ""ic_flag_st_vincent_and_the_grenadines_rounded"" | ""ic_flag_sudan_rounded"" | ""ic_flag_suriname_rounded"" | ""ic_flag_swaziland_rounded"" | ""ic_flag_sweden_rounded"" | ""ic_flag_switzerland_rounded"" | ""ic_flag_syria_rounded"" | ""ic_flag_taiwan_rounded"" | ""ic_flag_tajikistan_rounded"" | ""ic_flag_tanzania_rounded"" | ""ic_flag_thailand_rounded"" | ""ic_flag_tibet_rounded"" | ""ic_flag_togo_rounded"" | ""ic_flag_tokelau_rounded"" | ""ic_flag_tonga_rounded"" | ""ic_flag_transnistria_rounded"" | ""ic_flag_trinidad_and_tobago_rounded"" | ""ic_flag_tunisia_rounded"" | ""ic_flag_turkey_rounded"" | ""ic_flag_turkmenistan_rounded"" | ""ic_flag_turks_and_caicos_rounded"" | ""ic_flag_tuvalu_rounded"" | ""ic_flag_uganda_rounded"" | ""ic_flag_ukraine_rounded"" | ""ic_flag_united_arab_emirates_rounded"" | ""ic_flag_united_kingdom_rounded"" | ""ic_flag_united_nations_rounded"" | ""ic_flag_united_states"" | ""ic_flag_united_states_bw"" | ""ic_flag_united_states_rounded"" | ""ic_flag_uruguay_rounded"" | ""ic_flag_uzbekistán_rounded"" | ""ic_flag_vanuatu_rounded"" | ""ic_flag_vatican_city_rounded"" | ""ic_flag_venezuela_rounded"" | ""ic_flag_vietnam_rounded"" | ""ic_flag_virgin_islands_rounded"" | ""ic_flag_wales_rounded"" | ""ic_flag_yemen_rounded"" | ""ic_flag_zambia_rounded"" | ""ic_flag_zimbabwe_rounded"" | ""ic_flash"" | ""ic_flash_off"" | ""ic_flashlight"" | ""ic_fork_knife"" | ""ic_forward_step"" | ""ic_gas_station"" | ""ic_gift"" | ""ic_gift_money"" | ""ic_globe"" | ""ic_globe_trending_up"" | ""ic_google_play"" | ""ic_graduation_cap"" | ""ic_hamburguer"" | ""ic_hand_coin"" | ""ic_hand_config"" | ""ic_hand_house"" | ""ic_hand_money"" | ""ic_hand_user"" | ""ic_handshake"" | ""ic_heart"" | ""ic_heart_ecg"" | ""ic_heart_fill"" | ""ic_help_circle"" | ""ic_help_circle_fill"" | ""ic_high_heels"" | ""ic_history"" | ""ic_house"" | ""ic_house_check"" | ""ic_house_fill"" | ""ic_house_filled"" | ""ic_house_half"" | ""ic_house_moving"" | ""ic_house_trending_up"" | ""ic_i_safe"" | ""ic_image"" | ""ic_image_arrow_up"" | ""ic_image_error"" | ""ic_images"" | ""ic_info_circle"" | ""ic_info_circle_fill"" | ""ic_instagram"" | ""ic_inter"" | ""ic_inter_loop"" | ""ic_investment_filled"" | ""ic_key"" | ""ic_last_page"" | ""ic_lightbulb_off"" | ""ic_lightbulb_on"" | ""ic_link"" | ""ic_link_money"" | ""ic_linkedin"" | ""ic_list"" | ""ic_loading"" | ""ic_location"" | ""ic_location_map"" | ""ic_luggage"" | ""ic_mask_carnival"" | ""ic_mask_comedy"" | ""ic_medal_p_letter"" | ""ic_medal_q_letter"" | ""ic_medical_shield"" | ""ic_medical_square"" | ""ic_menu"" | ""ic_menu_filled"" | ""ic_message_ellipsis"" | ""ic_message_ellipsis_fill"" | ""ic_messages"" | ""ic_messages_fill"" | ""ic_messages_filled"" | ""ic_mic"" | ""ic_money_check"" | ""ic_money_check_arrow_down"" | ""ic_money_check_back"" | ""ic_money_check_check"" | ""ic_money_check_ellipsis"" | ""ic_money_check_error"" | ""ic_money_check_location"" | ""ic_money_check_pointer"" | ""ic_money_check_refresh"" | ""ic_money_frame"" | ""ic_moon"" | ""ic_motorcycle"" | ""ic_motorcycle_delivery"" | ""ic_muscle"" | ""ic_music_note"" | ""ic_nurse"" | ""ic_open_finance"" | ""ic_open_new"" | ""ic_orange"" | ""ic_orange_fill"" | ""ic_padlock"" | ""ic_padlock_open"" | ""ic_paint_roller"" | ""ic_paint_roller_fill"" | ""ic_paper_money"" | ""ic_paper_trending_up"" | ""ic_parking"" | ""ic_parking_short_term"" | ""ic_pause_circle"" | ""ic_paw"" | ""ic_payment_alelo"" | ""ic_payment_amazon"" | ""ic_payment_amex"" | ""ic_payment_apple_pay"" | ""ic_payment_diners_club"" | ""ic_payment_discover"" | ""ic_payment_elo"" | ""ic_payment_google_pay"" | ""ic_payment_hipercard"" | ""ic_payment_jcb"" | ""ic_payment_mastercard"" | ""ic_payment_paypal"" | ""ic_payment_plaid"" | ""ic_payment_pluxee"" | ""ic_payment_ticket"" | ""ic_payment_visa"" | ""ic_payment_vr"" | ""ic_phone"" | ""ic_phone_ring"" | ""ic_phone_rotary"" | ""ic_photo"" | ""ic_photo_off"" | ""ic_piggy_arrow_up"" | ""ic_piggy_bank"" | ""ic_piggy_money"" | ""ic_pill"" | ""ic_pillar"" | ""ic_pix"" | ""ic_plane_arrival"" | ""ic_plane_departure"" | ""ic_play"" | ""ic_play_fill"" | ""ic_play_frame"" | ""ic_plug"" | ""ic_printer"" | ""ic_purse"" | ""ic_qr_code"" | ""ic_qr_code_padlock"" | ""ic_receipt"" | ""ic_receipt_notification"" | ""ic_refrigerator"" | ""ic_remove"" | ""ic_remove_circle"" | ""ic_reply"" | ""ic_ring"" | ""ic_robot"" | ""ic_rocket"" | ""ic_rotate"" | ""ic_rotate_add"" | ""ic_rotate_check"" | ""ic_rotate_money"" | ""ic_rotate_right"" | ""ic_rotate_strokes_money"" | ""ic_scissors"" | ""ic_score"" | ""ic_search"" | ""ic_search_error"" | ""ic_search_sparkle"" | ""ic_seedling"" | ""ic_send"" | ""ic_share"" | ""ic_ship_front"" | ""ic_shirt"" | ""ic_shopping_bag"" | ""ic_shopping_bag_filled"" | ""ic_shopping_basket"" | ""ic_shopping_cart"" | ""ic_shopping_cart_add"" | ""ic_shopping_cart_arrow_down"" | ""ic_shopping_cart_auto"" | ""ic_shopping_cart_bars"" | ""ic_shopping_cart_error"" | ""ic_shopping_cart_fill"" | ""ic_shopping_cart_filled"" | ""ic_shuffle"" | ""ic_sign_in"" | ""ic_sign_out"" | ""ic_sim_card"" | ""ic_sliders"" | ""ic_smartphone"" | ""ic_smartphone_money"" | ""ic_smartphone_wifi"" | ""ic_sneakers"" | ""ic_soccer_ball"" | ""ic_sort"" | ""ic_sort_down"" | ""ic_sort_up"" | ""ic_sparkle"" | ""ic_spotify"" | ""ic_spray_bottle"" | ""ic_star"" | ""ic_star_fill"" | ""ic_star_half"" | ""ic_stethoscope"" | ""ic_stopwatch"" | ""ic_store"" | ""ic_store_shield"" | ""ic_stove"" | ""ic_subway_front"" | ""ic_suitcase"" | ""ic_sun"" | ""ic_swap_dots"" | ""ic_swap_vertical"" | ""ic_tag"" | ""ic_target"" | ""ic_team_viewer_error"" | ""ic_telegram"" | ""ic_thumb_down"" | ""ic_thumb_down_fill"" | ""ic_thumb_up"" | ""ic_thumb_up_fill"" | ""ic_ticket"" | ""ic_ticket_vertical"" | ""ic_tiktok"" | ""ic_toilet"" | ""ic_tooth"" | ""ic_tower_control"" | ""ic_trash"" | ""ic_trending_up"" | ""ic_trending_up_fill"" | ""ic_truck"" | ""ic_truck_speed"" | ""ic_twitter_x"" | ""ic_umbrella"" | ""ic_umbrella_beach"" | ""ic_unfold_less"" | ""ic_unfold_more"" | ""ic_upstairs"" | ""ic_user"" | ""ic_user_help"" | ""ic_user_money"" | ""ic_user_refresh"" | ""ic_users"" | ""ic_vault"" | ""ic_video"" | ""ic_video_game"" | ""ic_volume"" | ""ic_volume_off"" | ""ic_wallet"" | ""ic_wallet_money"" | ""ic_warning_circle"" | ""ic_warning_circle_fill"" | ""ic_washing_machine"" | ""ic_water_drop"" | ""ic_water_ladder"" | ""ic_wave_form"" | ""ic_whatsapp"" | ""ic_wheelbarrow"" | ""ic_withdraw"" | ""ic_youtube""",Campo editorial,p69636f6e,components/Molecules/MenuItem/MenuItem.d.ts
NeutralIconButton,ds-neutral-icon-button,icon,"""ic_accessibility"" | ""ic_add"" | ""ic_alarm"" | ""ic_alarm_add"" | ""ic_alarm_check"" | ""ic_alarm_off"" | ""ic_alternate_email"" | ""ic_alternate_email_fill"" | ""ic_android"" | ""ic_apple"" | ""ic_apple_inc"" | ""ic_apps"" | ""ic_apps_fill"" | ""ic_armchair"" | ""ic_arrow_down"" | ""ic_arrow_down_left"" | ""ic_arrow_down_right"" | ""ic_arrow_download"" | ""ic_arrow_download_error"" | ""ic_arrow_left"" | ""ic_arrow_right"" | ""ic_arrow_up"" | ""ic_arrow_upload"" | ""ic_asterisks"" | ""ic_attachment"" | ""ic_babi_avatar"" | ""ic_babi_avatar_bw"" | ""ic_baby"" | ""ic_backpack"" | ""ic_backward_step"" | ""ic_badge_check"" | ""ic_badge_check_fill"" | ""ic_badge_star"" | ""ic_bandage"" | ""ic_bank"" | ""ic_bank_transfer"" | ""ic_barbecue"" | ""ic_barcode"" | ""ic_barn"" | ""ic_bars_money"" | ""ic_bars_search"" | ""ic_bathtub"" | ""ic_beach_ball"" | ""ic_bed"" | ""ic_beer"" | ""ic_bell"" | ""ic_bell_concierge"" | ""ic_bell_notification"" | ""ic_bell_ring"" | ""ic_bicycle"" | ""ic_bitcoin"" | ""ic_book_flip"" | ""ic_book_open"" | ""ic_bowl_spoon"" | ""ic_box"" | ""ic_box_add"" | ""ic_box_arrow_down"" | ""ic_box_arrow_up"" | ""ic_box_fill"" | ""ic_box_off"" | ""ic_boxes"" | ""ic_brain"" | ""ic_briefcase"" | ""ic_building"" | ""ic_bus_front"" | ""ic_cake"" | ""ic_calculator"" | ""ic_calendar"" | ""ic_calendar_clock"" | ""ic_calendar_money"" | ""ic_car"" | ""ic_car_front"" | ""ic_car_tag"" | ""ic_card_machine"" | ""ic_cashback"" | ""ic_cat"" | ""ic_celebration"" | ""ic_chart_bar"" | ""ic_chart_bar_filled"" | ""ic_chart_pie"" | ""ic_check"" | ""ic_check_circle"" | ""ic_check_circle_fill"" | ""ic_checklist"" | ""ic_chef_hat"" | ""ic_chevron_down"" | ""ic_chevron_left"" | ""ic_chevron_right"" | ""ic_chevron_up"" | ""ic_chocolate"" | ""ic_circle_error_check"" | ""ic_circle_off"" | ""ic_city_hall"" | ""ic_clapper"" | ""ic_clipboard"" | ""ic_clipboard_apple"" | ""ic_clock"" | ""ic_close"" | ""ic_close_circle"" | ""ic_close_circle_fill"" | ""ic_cocktail"" | ""ic_code"" | ""ic_coffee"" | ""ic_coin"" | ""ic_coin_add"" | ""ic_coin_arrow_down_in"" | ""ic_coin_arrow_up_in"" | ""ic_coin_arrow_up_out"" | ""ic_coin_chart"" | ""ic_coin_check"" | ""ic_coin_ellipsis"" | ""ic_coin_off"" | ""ic_coin_remove"" | ""ic_coin_shield"" | ""ic_coin_thirteen"" | ""ic_comment"" | ""ic_comments"" | ""ic_compass"" | ""ic_compass_off"" | ""ic_compress"" | ""ic_config"" | ""ic_contactless"" | ""ic_contract"" | ""ic_contract_arrow_down"" | ""ic_contract_arrow_up"" | ""ic_contract_blank"" | ""ic_contract_check"" | ""ic_contract_error"" | ""ic_contract_money"" | ""ic_contract_pix"" | ""ic_contract_refresh"" | ""ic_copy"" | ""ic_coupon"" | ""ic_credit_card"" | ""ic_credit_card_add"" | ""ic_credit_card_house"" | ""ic_credit_card_nfc"" | ""ic_credit_card_pix"" | ""ic_credit_card_shield"" | ""ic_crosshairs"" | ""ic_currency_exchange"" | ""ic_desktop"" | ""ic_desktop_user"" | ""ic_desktop_wifi"" | ""ic_dialpad"" | ""ic_dining_table"" | ""ic_discord"" | ""ic_document"" | ""ic_document_blank"" | ""ic_document_blank_fill"" | ""ic_dog"" | ""ic_dolly"" | ""ic_door_tag"" | ""ic_doorlock"" | ""ic_downstairs"" | ""ic_drag_handle"" | ""ic_driver_helmet"" | ""ic_ear_listen"" | ""ic_easter_egg"" | ""ic_edit"" | ""ic_ellipsis"" | ""ic_ellipsis_vertical"" | ""ic_envelope"" | ""ic_escalator_arrow_down"" | ""ic_escalator_arrow_up"" | ""ic_euro"" | ""ic_expand"" | ""ic_expand_arrow"" | ""ic_eye_closed"" | ""ic_eye_open"" | ""ic_face_id"" | ""ic_facebook"" | ""ic_file_csv"" | ""ic_file_exp"" | ""ic_file_ofx"" | ""ic_file_pdf"" | ""ic_file_txt"" | ""ic_film"" | ""ic_filter"" | ""ic_fingerprint"" | ""ic_first_page"" | ""ic_flag_abkhazia_rounded"" | ""ic_flag_afghanistan_rounded"" | ""ic_flag_aland_islands_rounded"" | ""ic_flag_albania_rounded"" | ""ic_flag_algeria_rounded"" | ""ic_flag_american_samoa_rounded"" | ""ic_flag_andorra_rounded"" | ""ic_flag_angola_rounded"" | ""ic_flag_anguilla_rounded"" | ""ic_flag_antigua_and_barbuda_rounded"" | ""ic_flag_argentina"" | ""ic_flag_argentina_bw"" | ""ic_flag_argentina_rounded"" | ""ic_flag_armenia_rounded"" | ""ic_flag_aruba_rounded"" | ""ic_flag_australia_rounded"" | ""ic_flag_austria_rounded"" | ""ic_flag_azerbaijan_rounded"" | ""ic_flag_azores_islands_rounded"" | ""ic_flag_bahamas_rounded"" | ""ic_flag_bahrain_rounded"" | ""ic_flag_balearic_islands_rounded"" | ""ic_flag_bangladesh_rounded"" | ""ic_flag_barbados_rounded"" | ""ic_flag_basque_country_rounded"" | ""ic_flag_belarus_rounded"" | ""ic_flag_belgium_rounded"" | ""ic_flag_belize_rounded"" | ""ic_flag_benin_rounded"" | ""ic_flag_bermuda_rounded"" | ""ic_flag_bhutan_rounded"" | ""ic_flag_bolivia_rounded"" | ""ic_flag_bonaire_rounded"" | ""ic_flag_bosnia_and_herzegovina_rounded"" | ""ic_flag_botswana_rounded"" | ""ic_flag_brazil"" | ""ic_flag_brazil_bw"" | ""ic_flag_brazil_rounded"" | ""ic_flag_british_columbia_rounded"" | ""ic_flag_british_indian_ocean_territory_rounded"" | ""ic_flag_british_virgin_islands_rounded"" | ""ic_flag_brunei_rounded"" | ""ic_flag_bulgaria_rounded"" | ""ic_flag_burkina_faso_rounded"" | ""ic_flag_burundi_rounded"" | ""ic_flag_cambodia_rounded"" | ""ic_flag_cameroon_rounded"" | ""ic_flag_canada_rounded"" | ""ic_flag_canary_islands_rounded"" | ""ic_flag_cape_verde_rounded"" | ""ic_flag_cayman_islands"" | ""ic_flag_cayman_islands_bw"" | ""ic_flag_cayman_islands_rounded"" | ""ic_flag_central_african_republic_rounded"" | ""ic_flag_ceuta_rounded"" | ""ic_flag_chad_rounded"" | ""ic_flag_chile_rounded"" | ""ic_flag_china_rounded"" | ""ic_flag_cocos_island_rounded"" | ""ic_flag_colombia_rounded"" | ""ic_flag_comoros_rounded"" | ""ic_flag_cook_islands_rounded"" | ""ic_flag_corsica_rounded"" | ""ic_flag_costa_rica_rounded"" | ""ic_flag_croatia_rounded"" | ""ic_flag_cuba_rounded"" | ""ic_flag_curacao_rounded"" | ""ic_flag_cyprus_rounded"" | ""ic_flag_czech_republic_rounded"" | ""ic_flag_democratic_republic_of_congo_rounded"" | ""ic_flag_denmark_rounded"" | ""ic_flag_djibouti_rounded"" | ""ic_flag_dominica_rounded"" | ""ic_flag_dominican_republic_rounded"" | ""ic_flag_east_timor_rounded"" | ""ic_flag_ecuador_rounded"" | ""ic_flag_egypt_rounded"" | ""ic_flag_el_salvador_rounded"" | ""ic_flag_england_rounded"" | ""ic_flag_equatorial_guinea_rounded"" | ""ic_flag_eritrea_rounded"" | ""ic_flag_estonia_rounded"" | ""ic_flag_ethiopia_rounded"" | ""ic_flag_european_union_rounded"" | ""ic_flag_falkland_islands_rounded"" | ""ic_flag_faroe_islands_rounded"" | ""ic_flag_fiji_rounded"" | ""ic_flag_finland_rounded"" | ""ic_flag_france_rounded"" | ""ic_flag_french_polynesia_rounded"" | ""ic_flag_gabon_rounded"" | ""ic_flag_galapagos_islands_rounded"" | ""ic_flag_gambia_rounded"" | ""ic_flag_georgia_rounded"" | ""ic_flag_germany_rounded"" | ""ic_flag_ghana_rounded"" | ""ic_flag_gibraltar_rounded"" | ""ic_flag_globe"" | ""ic_flag_globe_bw"" | ""ic_flag_greece_rounded"" | ""ic_flag_greenland_rounded"" | ""ic_flag_grenada_rounded"" | ""ic_flag_guam_rounded"" | ""ic_flag_guatemala_rounded"" | ""ic_flag_guernsey_rounded"" | ""ic_flag_guinea_bissau_rounded"" | ""ic_flag_guinea_rounded"" | ""ic_flag_guyana_rounded"" | ""ic_flag_haiti_rounded"" | ""ic_flag_hawaii_rounded"" | ""ic_flag_honduras_rounded"" | ""ic_flag_hong_kong_rounded"" | ""ic_flag_hungary_rounded"" | ""ic_flag_iceland_rounded"" | ""ic_flag_india_rounded"" | ""ic_flag_indonesia_rounded"" | ""ic_flag_iran_rounded"" | ""ic_flag_iraq_rounded"" | ""ic_flag_ireland_rounded"" | ""ic_flag_isle_of_man_rounded"" | ""ic_flag_israel_rounded"" | ""ic_flag_italy_rounded"" | ""ic_flag_ivory_coast_rounded"" | ""ic_flag_jamaica_rounded"" | ""ic_flag_japan_rounded"" | ""ic_flag_jersey_rounded"" | ""ic_flag_jordan_rounded"" | ""ic_flag_kazakhstan_rounded"" | ""ic_flag_kenya_rounded"" | ""ic_flag_kiribati_rounded"" | ""ic_flag_kosovo_rounded"" | ""ic_flag_kuwait_rounded"" | ""ic_flag_kyrgyzstan_rounded"" | ""ic_flag_laos_rounded"" | ""ic_flag_latvia_rounded"" | ""ic_flag_lebanon_rounded"" | ""ic_flag_lesotho_rounded"" | ""ic_flag_liberia_rounded"" | ""ic_flag_libya_rounded"" | ""ic_flag_liechtenstein_rounded"" | ""ic_flag_lithuania_rounded"" | ""ic_flag_luxembourg_rounded"" | ""ic_flag_macao_rounded"" | ""ic_flag_madagascar_rounded"" | ""ic_flag_madeira_rounded"" | ""ic_flag_malawi_rounded"" | ""ic_flag_malaysia_rounded"" | ""ic_flag_maldives_rounded"" | ""ic_flag_mali_rounded"" | ""ic_flag_malta_rounded"" | ""ic_flag_marshall_island_rounded"" | ""ic_flag_martinique_rounded"" | ""ic_flag_mauritania_rounded"" | ""ic_flag_mauritius_rounded"" | ""ic_flag_melilla_rounded"" | ""ic_flag_mexico_rounded"" | ""ic_flag_micronesia_rounded"" | ""ic_flag_moldova_rounded"" | ""ic_flag_monaco_rounded"" | ""ic_flag_mongolia_rounded"" | ""ic_flag_montenegro_rounded"" | ""ic_flag_montserrat_rounded"" | ""ic_flag_morocco_rounded"" | ""ic_flag_mozambique_rounded"" | ""ic_flag_myanmar_rounded"" | ""ic_flag_namibia_rounded"" | ""ic_flag_nato_rounded"" | ""ic_flag_nauru_rounded"" | ""ic_flag_nepal_rounded"" | ""ic_flag_netherlands_rounded"" | ""ic_flag_new_zealand_rounded"" | ""ic_flag_nicaragua_rounded"" | ""ic_flag_niger_rounded"" | ""ic_flag_nigeria_rounded"" | ""ic_flag_niue_rounded"" | ""ic_flag_norfolk_island_rounded"" | ""ic_flag_north_korea_rounded"" | ""ic_flag_northern_cyprus_rounded"" | ""ic_flag_northern_marianas_islands_rounded"" | ""ic_flag_norway_rounded"" | ""ic_flag_oman_rounded"" | ""ic_flag_orkney_islands_rounded"" | ""ic_flag_ossetia_rounded"" | ""ic_flag_pakistan_rounded"" | ""ic_flag_palau_rounded"" | ""ic_flag_palestine_rounded"" | ""ic_flag_panama_rounded"" | ""ic_flag_papua_new_guinea_rounded"" | ""ic_flag_paraguay_rounded"" | ""ic_flag_peru_rounded"" | ""ic_flag_philippines_rounded"" | ""ic_flag_pitcairn_islands_rounded"" | ""ic_flag_poland_rounded"" | ""ic_flag_portugal_rounded"" | ""ic_flag_puerto_rico_rounded"" | ""ic_flag_qatar_rounded"" | ""ic_flag_rapa_nui_rounded"" | ""ic_flag_republic_of_macedonia_rounded"" | ""ic_flag_republic_of_the_congo_rounded"" | ""ic_flag_romania_rounded"" | ""ic_flag_russia_rounded"" | ""ic_flag_rwanda_rounded"" | ""ic_flag_saba_island_rounded"" | ""ic_flag_sahrawi_arab_democratic_republic_rounded"" | ""ic_flag_saint_kitts_and_nevis_rounded"" | ""ic_flag_samoa_rounded"" | ""ic_flag_san_marino_rounded"" | ""ic_flag_sao_tome_and_prince_rounded"" | ""ic_flag_sardinia_rounded"" | ""ic_flag_saudi_arabia_rounded"" | ""ic_flag_scotland_rounded"" | ""ic_flag_senegal_rounded"" | ""ic_flag_serbia_rounded"" | ""ic_flag_seychelles_rounded"" | ""ic_flag_sierra_leone_rounded"" | ""ic_flag_singapore_rounded"" | ""ic_flag_sint_eustatius_rounded"" | ""ic_flag_sint_maarten_rounded"" | ""ic_flag_slovakia_rounded"" | ""ic_flag_slovenia_rounded"" | ""ic_flag_solomon_islands_rounded"" | ""ic_flag_somalia_rounded"" | ""ic_flag_somaliland_rounded"" | ""ic_flag_south_africa_rounded"" | ""ic_flag_south_korea_rounded"" | ""ic_flag_south_sudan_rounded"" | ""ic_flag_spain"" | ""ic_flag_spain_bw"" | ""ic_flag_spain_rounded"" | ""ic_flag_sri_lanka_rounded"" | ""ic_flag_st_barts_rounded"" | ""ic_flag_st_lucia_rounded"" | ""ic_flag_st_vincent_and_the_grenadines_rounded"" | ""ic_flag_sudan_rounded"" | ""ic_flag_suriname_rounded"" | ""ic_flag_swaziland_rounded"" | ""ic_flag_sweden_rounded"" | ""ic_flag_switzerland_rounded"" | ""ic_flag_syria_rounded"" | ""ic_flag_taiwan_rounded"" | ""ic_flag_tajikistan_rounded"" | ""ic_flag_tanzania_rounded"" | ""ic_flag_thailand_rounded"" | ""ic_flag_tibet_rounded"" | ""ic_flag_togo_rounded"" | ""ic_flag_tokelau_rounded"" | ""ic_flag_tonga_rounded"" | ""ic_flag_transnistria_rounded"" | ""ic_flag_trinidad_and_tobago_rounded"" | ""ic_flag_tunisia_rounded"" | ""ic_flag_turkey_rounded"" | ""ic_flag_turkmenistan_rounded"" | ""ic_flag_turks_and_caicos_rounded"" | ""ic_flag_tuvalu_rounded"" | ""ic_flag_uganda_rounded"" | ""ic_flag_ukraine_rounded"" | ""ic_flag_united_arab_emirates_rounded"" | ""ic_flag_united_kingdom_rounded"" | ""ic_flag_united_nations_rounded"" | ""ic_flag_united_states"" | ""ic_flag_united_states_bw"" | ""ic_flag_united_states_rounded"" | ""ic_flag_uruguay_rounded"" | ""ic_flag_uzbekistán_rounded"" | ""ic_flag_vanuatu_rounded"" | ""ic_flag_vatican_city_rounded"" | ""ic_flag_venezuela_rounded"" | ""ic_flag_vietnam_rounded"" | ""ic_flag_virgin_islands_rounded"" | ""ic_flag_wales_rounded"" | ""ic_flag_yemen_rounded"" | ""ic_flag_zambia_rounded"" | ""ic_flag_zimbabwe_rounded"" | ""ic_flash"" | ""ic_flash_off"" | ""ic_flashlight"" | ""ic_fork_knife"" | ""ic_forward_step"" | ""ic_gas_station"" | ""ic_gift"" | ""ic_gift_money"" | ""ic_globe"" | ""ic_globe_trending_up"" | ""ic_google_play"" | ""ic_graduation_cap"" | ""ic_hamburguer"" | ""ic_hand_coin"" | ""ic_hand_config"" | ""ic_hand_house"" | ""ic_hand_money"" | ""ic_hand_user"" | ""ic_handshake"" | ""ic_heart"" | ""ic_heart_ecg"" | ""ic_heart_fill"" | ""ic_help_circle"" | ""ic_help_circle_fill"" | ""ic_high_heels"" | ""ic_history"" | ""ic_house"" | ""ic_house_check"" | ""ic_house_fill"" | ""ic_house_filled"" | ""ic_house_half"" | ""ic_house_moving"" | ""ic_house_trending_up"" | ""ic_i_safe"" | ""ic_image"" | ""ic_image_arrow_up"" | ""ic_image_error"" | ""ic_images"" | ""ic_info_circle"" | ""ic_info_circle_fill"" | ""ic_instagram"" | ""ic_inter"" | ""ic_inter_loop"" | ""ic_investment_filled"" | ""ic_key"" | ""ic_last_page"" | ""ic_lightbulb_off"" | ""ic_lightbulb_on"" | ""ic_link"" | ""ic_link_money"" | ""ic_linkedin"" | ""ic_list"" | ""ic_loading"" | ""ic_location"" | ""ic_location_map"" | ""ic_luggage"" | ""ic_mask_carnival"" | ""ic_mask_comedy"" | ""ic_medal_p_letter"" | ""ic_medal_q_letter"" | ""ic_medical_shield"" | ""ic_medical_square"" | ""ic_menu"" | ""ic_menu_filled"" | ""ic_message_ellipsis"" | ""ic_message_ellipsis_fill"" | ""ic_messages"" | ""ic_messages_fill"" | ""ic_messages_filled"" | ""ic_mic"" | ""ic_money_check"" | ""ic_money_check_arrow_down"" | ""ic_money_check_back"" | ""ic_money_check_check"" | ""ic_money_check_ellipsis"" | ""ic_money_check_error"" | ""ic_money_check_location"" | ""ic_money_check_pointer"" | ""ic_money_check_refresh"" | ""ic_money_frame"" | ""ic_moon"" | ""ic_motorcycle"" | ""ic_motorcycle_delivery"" | ""ic_muscle"" | ""ic_music_note"" | ""ic_nurse"" | ""ic_open_finance"" | ""ic_open_new"" | ""ic_orange"" | ""ic_orange_fill"" | ""ic_padlock"" | ""ic_padlock_open"" | ""ic_paint_roller"" | ""ic_paint_roller_fill"" | ""ic_paper_money"" | ""ic_paper_trending_up"" | ""ic_parking"" | ""ic_parking_short_term"" | ""ic_pause_circle"" | ""ic_paw"" | ""ic_payment_alelo"" | ""ic_payment_amazon"" | ""ic_payment_amex"" | ""ic_payment_apple_pay"" | ""ic_payment_diners_club"" | ""ic_payment_discover"" | ""ic_payment_elo"" | ""ic_payment_google_pay"" | ""ic_payment_hipercard"" | ""ic_payment_jcb"" | ""ic_payment_mastercard"" | ""ic_payment_paypal"" | ""ic_payment_plaid"" | ""ic_payment_pluxee"" | ""ic_payment_ticket"" | ""ic_payment_visa"" | ""ic_payment_vr"" | ""ic_phone"" | ""ic_phone_ring"" | ""ic_phone_rotary"" | ""ic_photo"" | ""ic_photo_off"" | ""ic_piggy_arrow_up"" | ""ic_piggy_bank"" | ""ic_piggy_money"" | ""ic_pill"" | ""ic_pillar"" | ""ic_pix"" | ""ic_plane_arrival"" | ""ic_plane_departure"" | ""ic_play"" | ""ic_play_fill"" | ""ic_play_frame"" | ""ic_plug"" | ""ic_printer"" | ""ic_purse"" | ""ic_qr_code"" | ""ic_qr_code_padlock"" | ""ic_receipt"" | ""ic_receipt_notification"" | ""ic_refrigerator"" | ""ic_remove"" | ""ic_remove_circle"" | ""ic_reply"" | ""ic_ring"" | ""ic_robot"" | ""ic_rocket"" | ""ic_rotate"" | ""ic_rotate_add"" | ""ic_rotate_check"" | ""ic_rotate_money"" | ""ic_rotate_right"" | ""ic_rotate_strokes_money"" | ""ic_scissors"" | ""ic_score"" | ""ic_search"" | ""ic_search_error"" | ""ic_search_sparkle"" | ""ic_seedling"" | ""ic_send"" | ""ic_share"" | ""ic_ship_front"" | ""ic_shirt"" | ""ic_shopping_bag"" | ""ic_shopping_bag_filled"" | ""ic_shopping_basket"" | ""ic_shopping_cart"" | ""ic_shopping_cart_add"" | ""ic_shopping_cart_arrow_down"" | ""ic_shopping_cart_auto"" | ""ic_shopping_cart_bars"" | ""ic_shopping_cart_error"" | ""ic_shopping_cart_fill"" | ""ic_shopping_cart_filled"" | ""ic_shuffle"" | ""ic_sign_in"" | ""ic_sign_out"" | ""ic_sim_card"" | ""ic_sliders"" | ""ic_smartphone"" | ""ic_smartphone_money"" | ""ic_smartphone_wifi"" | ""ic_sneakers"" | ""ic_soccer_ball"" | ""ic_sort"" | ""ic_sort_down"" | ""ic_sort_up"" | ""ic_sparkle"" | ""ic_spotify"" | ""ic_spray_bottle"" | ""ic_star"" | ""ic_star_fill"" | ""ic_star_half"" | ""ic_stethoscope"" | ""ic_stopwatch"" | ""ic_store"" | ""ic_store_shield"" | ""ic_stove"" | ""ic_subway_front"" | ""ic_suitcase"" | ""ic_sun"" | ""ic_swap_dots"" | ""ic_swap_vertical"" | ""ic_tag"" | ""ic_target"" | ""ic_team_viewer_error"" | ""ic_telegram"" | ""ic_thumb_down"" | ""ic_thumb_down_fill"" | ""ic_thumb_up"" | ""ic_thumb_up_fill"" | ""ic_ticket"" | ""ic_ticket_vertical"" | ""ic_tiktok"" | ""ic_toilet"" | ""ic_tooth"" | ""ic_tower_control"" | ""ic_trash"" | ""ic_trending_up"" | ""ic_trending_up_fill"" | ""ic_truck"" | ""ic_truck_speed"" | ""ic_twitter_x"" | ""ic_umbrella"" | ""ic_umbrella_beach"" | ""ic_unfold_less"" | ""ic_unfold_more"" | ""ic_upstairs"" | ""ic_user"" | ""ic_user_help"" | ""ic_user_money"" | ""ic_user_refresh"" | ""ic_users"" | ""ic_vault"" | ""ic_video"" | ""ic_video_game"" | ""ic_volume"" | ""ic_volume_off"" | ""ic_wallet"" | ""ic_wallet_money"" | ""ic_warning_circle"" | ""ic_warning_circle_fill"" | ""ic_washing_machine"" | ""ic_water_drop"" | ""ic_water_ladder"" | ""ic_wave_form"" | ""ic_whatsapp"" | ""ic_wheelbarrow"" | ""ic_withdraw"" | ""ic_youtube"" | undefined",Campo editorial,p69636f6e,components/Atoms/NeutralIconButton/NeutralIconButton.d.ts
NeutralIconButton,ds-neutral-icon-button,showBadge,boolean | undefined,Campo editorial,p73686f774261646765,components/Atoms/NeutralIconButton/NeutralIconButton.d.ts
NeutralIconButton,ds-neutral-icon-button,variant,"""dot"" | ""label"" | undefined",Campo editorial,p76617269616e74,components/Atoms/NeutralIconButton/NeutralIconButton.d.ts
NeutralIconButton,ds-neutral-icon-button,count,number | undefined,Campo editorial,p636f756e74,components/Atoms/NeutralIconButton/NeutralIconButton.d.ts
NeutralIconButton,ds-neutral-icon-button,size,"""small"" | ""medium"" | undefined",Campo editorial,p73697a65,components/Atoms/NeutralIconButton/NeutralIconButton.d.ts
NeutralIconButton,ds-neutral-icon-button,disabled,boolean | undefined,Campo editorial,p64697361626c6564,components/Atoms/NeutralIconButton/NeutralIconButton.d.ts
NeutralIconButton,ds-neutral-icon-button,loading,boolean | undefined,Campo editorial,p6c6f6164696e67,components/Atoms/NeutralIconButton/NeutralIconButton.d.ts
NeutralIconButton,ds-neutral-icon-button,onClick,"(event: MouseEvent<HTMLButtonElement, MouseEvent>) => void",Callback implementado no runtime; evento de integração,,components/Atoms/NeutralIconButton/NeutralIconButton.d.ts
NeutralIconButton,ds-neutral-icon-button,state,ButtonState | undefined,Campo editorial,p7374617465,components/Atoms/NeutralIconButton/NeutralIconButton.d.ts
NeutralIconButton,ds-neutral-icon-button,type,"""submit"" | ""reset"" | ""button"" | undefined",Campo editorial,p74797065,components/Atoms/NeutralIconButton/NeutralIconButton.d.ts
NeutralIconButton,ds-neutral-icon-button,onTag,((data: TagProps) => void) | undefined,Callback implementado no runtime; evento de integração,,components/Atoms/NeutralIconButton/NeutralIconButton.d.ts
PageIndicator,ds-page-indicator,items,number,Campo editorial,p6974656d73,components/Atoms/PageIndicator/PageIndicator.d.ts
PageIndicator,ds-page-indicator,selected,number,Campo editorial,p73656c6563746564,components/Atoms/PageIndicator/PageIndicator.d.ts
PaymentMethods,ds-payment-methods,paymentMethod,"""alelo"" | ""amazon"" | ""amex"" | ""applepay"" | ""cardDefault"" | ""dinersclub"" | ""discover"" | ""elo"" | ""googlepay"" | ""hipercard"" | ""jcb"" | ""mastercard"" | ""paypal"" | ""plaid"" | ""pluxee"" | ""ticket"" | ""visa"" | ""vr"" | undefined",Campo editorial,p7061796d656e744d6574686f64,components/Atoms/PaymentMethods/PaymentMethods.d.ts
PaymentMethods,ds-payment-methods,size,"""small"" | ""medium"" | ""large"" | undefined",Campo editorial,p73697a65,components/Atoms/PaymentMethods/PaymentMethods.d.ts
PaymentMethods,ds-payment-methods,state,"""enabled"" | ""skeleton"" | ""disabled"" | undefined",Campo editorial,p7374617465,components/Atoms/PaymentMethods/PaymentMethods.d.ts
PaymentMethods,ds-payment-methods,color,"""soft"" | ""softest"" | undefined",Campo editorial,p636f6c6f72,components/Atoms/PaymentMethods/PaymentMethods.d.ts
PinCode,ds-pin-code,fields,3 | 4 | 5 | 6 | undefined,Campo editorial,p6669656c6473,components/Molecules/PinCode/PinCode.d.ts
PinCode,ds-pin-code,state,PinCodeInputState | undefined,Campo editorial,p7374617465,components/Molecules/PinCode/PinCode.d.ts
PinCode,ds-pin-code,hints,string[] | undefined,Campo editorial / estrutura JSON,p68696e7473,components/Molecules/PinCode/PinCode.d.ts
PinCode,ds-pin-code,hidden,boolean | undefined,Campo editorial,p68696464656e,components/Molecules/PinCode/PinCode.d.ts
PinCode,ds-pin-code,type,"""number"" | ""text"" | undefined",Campo editorial,p74797065,components/Molecules/PinCode/PinCode.d.ts
PinCode,ds-pin-code,onTag,((data: TagProps) => void) | undefined,Callback implementado no runtime; evento de integração,,components/Molecules/PinCode/PinCode.d.ts
PinCode,ds-pin-code,onChange,((e: ChangeEvent<HTMLInputElement>) => void) | undefined,Callback implementado no runtime; evento de integração,,components/Molecules/PinCode/PinCode.d.ts
PinCode,ds-pin-code,onGetValue,((value: string) => void) | undefined,Callback implementado no runtime; evento de integração,,components/Molecules/PinCode/PinCode.d.ts
PinCode,ds-pin-code,onComplete,((value: string) => void) | undefined,Callback implementado no runtime; evento de integração,,components/Molecules/PinCode/PinCode.d.ts
PinCode,ds-pin-code,onStateChange,((state: PinCodeInputState) => void) | undefined,Callback implementado no runtime; evento de integração,,components/Molecules/PinCode/PinCode.d.ts
PinCode,ds-pin-code,placeholder,string | undefined,Campo editorial,p706c616365686f6c646572,components/Molecules/PinCode/PinCode.d.ts
PinCode,ds-pin-code,disabled,boolean | undefined,Campo editorial,p64697361626c6564,components/Molecules/PinCode/PinCode.d.ts
ProgressBar,ds-progress-bar,state,"""enabled"" | ""skeleton"" | undefined",Campo editorial,p7374617465,components/Atoms/ProgressIndicator/ProgressBar/ProgressBar.d.ts
ProgressBar,ds-progress-bar,variant,"""default"" | ""stepped"" | ""fullWidth""",Campo editorial,p76617269616e74,components/Atoms/ProgressIndicator/ProgressBar/ProgressBar.d.ts
ProgressBar,ds-progress-bar,steps,0 | 3 | 4 | 5 | 6,Campo editorial,p7374657073,components/Atoms/ProgressIndicator/ProgressBar/ProgressBar.d.ts
ProgressBar,ds-progress-bar,active,0 | 1 | 2 | 3 | 4 | 5 | 6,Campo editorial,p616374697665,components/Atoms/ProgressIndicator/ProgressBar/ProgressBar.d.ts
ProgressBar,ds-progress-bar,progress,0 | 1 | 2 | 3 | 4 | 5 | 6 | 7 | 8 | 9 | 10 | 11 | 12 | 13 | 14 | 15 | 16 | 17 | 18 | 19 | 20 | 21 | 22 | 23 | 24 | 25 | 26 | 27 | 28 | 29 | 30 | 31 | 32 | 33 | 34 | 35 | 36 | 37 | 38 | 39 | 40 | 41 | 42 | 43 | 44 | 45 | 46 | 47 | 48 | 49 | 50 | 51 | 52 | 53 | 54 | 55 | 56 | 57 | 58 | 59 | 60 | 61 | 62 | 63 | 64 | 65 | 66 | 67 | 68 | 69 | 70 | 71 | 72 | 73 | 74 | 75 | 76 | 77 | 78 | 79 | 80 | 81 | 82 | 83 | 84 | 85 | 86 | 87 | 88 | 89 | 90 | 91 | 92 | 93 | 94 | 95 | 96 | 97 | 98 | 99 | 100,Campo editorial,p70726f6772657373,components/Atoms/ProgressIndicator/ProgressBar/ProgressBar.d.ts
ProgressCircle,ds-progress-circle,size,SpinnerSize | undefined,Campo editorial,p73697a65,components/Atoms/ProgressIndicator/ProgressCircle/ProgressCircle.d.ts
ProgressCircle,ds-progress-circle,variant,SpinnerVariant | undefined,Campo editorial,p76617269616e74,components/Atoms/ProgressIndicator/ProgressCircle/ProgressCircle.d.ts
ProgressCircle,ds-progress-circle,progress,number | undefined,Campo editorial,p70726f6772657373,components/Atoms/ProgressIndicator/ProgressCircle/ProgressCircle.d.ts
ProgressCircle,ds-progress-circle,ariaLabel,string | null | undefined,Campo editorial,p617269614c6162656c,components/Atoms/ProgressIndicator/ProgressCircle/ProgressCircle.d.ts
Radio,ds-radio,checked,boolean | undefined,Campo editorial,p636865636b6564,components/Molecules/RadioButton/RadioButton.d.ts
Radio,ds-radio,children,ReactNode,Campo editorial / rich text ou ícone,p6368696c6472656e,components/Molecules/RadioButton/RadioButton.d.ts
Radio,ds-radio,hasError,boolean | undefined,Campo editorial,p6861734572726f72,components/Molecules/RadioButton/RadioButton.d.ts
Radio,ds-radio,id,string,Campo editorial,p6964,components/Molecules/RadioButton/RadioButton.d.ts
Radio,ds-radio,name,string | undefined,Campo editorial,p6e616d65,components/Molecules/RadioButton/RadioButton.d.ts
Radio,ds-radio,onChange,((event: ChangeEvent<HTMLInputElement>) => void) | undefined,Callback implementado no runtime; evento de integração,,components/Molecules/RadioButton/RadioButton.d.ts
Radio,ds-radio,onSelect,() => void,Callback implementado no runtime; evento de integração,,components/Molecules/RadioButton/RadioButton.d.ts
Radio,ds-radio,onTag,((data: TagProps) => void) | undefined,Callback implementado no runtime; evento de integração,,components/Molecules/RadioButton/RadioButton.d.ts
Radio,ds-radio,state,"""enabled"" | ""skeleton"" | ""disabled""",Campo editorial,p7374617465,components/Molecules/RadioButton/RadioButton.d.ts
Radio,ds-radio,value,string,Campo editorial,p76616c7565,components/Molecules/RadioButton/RadioButton.d.ts
Radio,ds-radio,variant,"""error"" | ""default""",Campo editorial,p76617269616e74,components/Molecules/RadioButton/RadioButton.d.ts
SectionTitle,ds-section-title,title,string,Campo editorial,p7469746c65,components/Molecules/SectionTitle/SectionTitle.d.ts
SectionTitle,ds-section-title,showDescription,boolean | undefined,Campo editorial,p73686f774465736372697074696f6e,components/Molecules/SectionTitle/SectionTitle.d.ts
SectionTitle,ds-section-title,description,string | undefined,Campo editorial,p6465736372697074696f6e,components/Molecules/SectionTitle/SectionTitle.d.ts
SectionTitle,ds-section-title,maxLines,number | undefined,Campo editorial,p6d61784c696e6573,components/Molecules/SectionTitle/SectionTitle.d.ts
SectionTitle,ds-section-title,state,"""enabled"" | ""skeleton"" | ""disabled"" | undefined",Campo editorial,p7374617465,components/Molecules/SectionTitle/SectionTitle.d.ts
SectionTitle,ds-section-title,iconState,"""enabled"" | ""disabled"" | undefined",Campo editorial,p69636f6e5374617465,components/Molecules/SectionTitle/SectionTitle.d.ts
SectionTitle,ds-section-title,icon,"""ic_accessibility"" | ""ic_add"" | ""ic_alarm"" | ""ic_alarm_add"" | ""ic_alarm_check"" | ""ic_alarm_off"" | ""ic_alternate_email"" | ""ic_alternate_email_fill"" | ""ic_android"" | ""ic_apple"" | ""ic_apple_inc"" | ""ic_apps"" | ""ic_apps_fill"" | ""ic_armchair"" | ""ic_arrow_down"" | ""ic_arrow_down_left"" | ""ic_arrow_down_right"" | ""ic_arrow_download"" | ""ic_arrow_download_error"" | ""ic_arrow_left"" | ""ic_arrow_right"" | ""ic_arrow_up"" | ""ic_arrow_upload"" | ""ic_asterisks"" | ""ic_attachment"" | ""ic_babi_avatar"" | ""ic_babi_avatar_bw"" | ""ic_baby"" | ""ic_backpack"" | ""ic_backward_step"" | ""ic_badge_check"" | ""ic_badge_check_fill"" | ""ic_badge_star"" | ""ic_bandage"" | ""ic_bank"" | ""ic_bank_transfer"" | ""ic_barbecue"" | ""ic_barcode"" | ""ic_barn"" | ""ic_bars_money"" | ""ic_bars_search"" | ""ic_bathtub"" | ""ic_beach_ball"" | ""ic_bed"" | ""ic_beer"" | ""ic_bell"" | ""ic_bell_concierge"" | ""ic_bell_notification"" | ""ic_bell_ring"" | ""ic_bicycle"" | ""ic_bitcoin"" | ""ic_book_flip"" | ""ic_book_open"" | ""ic_bowl_spoon"" | ""ic_box"" | ""ic_box_add"" | ""ic_box_arrow_down"" | ""ic_box_arrow_up"" | ""ic_box_fill"" | ""ic_box_off"" | ""ic_boxes"" | ""ic_brain"" | ""ic_briefcase"" | ""ic_building"" | ""ic_bus_front"" | ""ic_cake"" | ""ic_calculator"" | ""ic_calendar"" | ""ic_calendar_clock"" | ""ic_calendar_money"" | ""ic_car"" | ""ic_car_front"" | ""ic_car_tag"" | ""ic_card_machine"" | ""ic_cashback"" | ""ic_cat"" | ""ic_celebration"" | ""ic_chart_bar"" | ""ic_chart_bar_filled"" | ""ic_chart_pie"" | ""ic_check"" | ""ic_check_circle"" | ""ic_check_circle_fill"" | ""ic_checklist"" | ""ic_chef_hat"" | ""ic_chevron_down"" | ""ic_chevron_left"" | ""ic_chevron_right"" | ""ic_chevron_up"" | ""ic_chocolate"" | ""ic_circle_error_check"" | ""ic_circle_off"" | ""ic_city_hall"" | ""ic_clapper"" | ""ic_clipboard"" | ""ic_clipboard_apple"" | ""ic_clock"" | ""ic_close"" | ""ic_close_circle"" | ""ic_close_circle_fill"" | ""ic_cocktail"" | ""ic_code"" | ""ic_coffee"" | ""ic_coin"" | ""ic_coin_add"" | ""ic_coin_arrow_down_in"" | ""ic_coin_arrow_up_in"" | ""ic_coin_arrow_up_out"" | ""ic_coin_chart"" | ""ic_coin_check"" | ""ic_coin_ellipsis"" | ""ic_coin_off"" | ""ic_coin_remove"" | ""ic_coin_shield"" | ""ic_coin_thirteen"" | ""ic_comment"" | ""ic_comments"" | ""ic_compass"" | ""ic_compass_off"" | ""ic_compress"" | ""ic_config"" | ""ic_contactless"" | ""ic_contract"" | ""ic_contract_arrow_down"" | ""ic_contract_arrow_up"" | ""ic_contract_blank"" | ""ic_contract_check"" | ""ic_contract_error"" | ""ic_contract_money"" | ""ic_contract_pix"" | ""ic_contract_refresh"" | ""ic_copy"" | ""ic_coupon"" | ""ic_credit_card"" | ""ic_credit_card_add"" | ""ic_credit_card_house"" | ""ic_credit_card_nfc"" | ""ic_credit_card_pix"" | ""ic_credit_card_shield"" | ""ic_crosshairs"" | ""ic_currency_exchange"" | ""ic_desktop"" | ""ic_desktop_user"" | ""ic_desktop_wifi"" | ""ic_dialpad"" | ""ic_dining_table"" | ""ic_discord"" | ""ic_document"" | ""ic_document_blank"" | ""ic_document_blank_fill"" | ""ic_dog"" | ""ic_dolly"" | ""ic_door_tag"" | ""ic_doorlock"" | ""ic_downstairs"" | ""ic_drag_handle"" | ""ic_driver_helmet"" | ""ic_ear_listen"" | ""ic_easter_egg"" | ""ic_edit"" | ""ic_ellipsis"" | ""ic_ellipsis_vertical"" | ""ic_envelope"" | ""ic_escalator_arrow_down"" | ""ic_escalator_arrow_up"" | ""ic_euro"" | ""ic_expand"" | ""ic_expand_arrow"" | ""ic_eye_closed"" | ""ic_eye_open"" | ""ic_face_id"" | ""ic_facebook"" | ""ic_file_csv"" | ""ic_file_exp"" | ""ic_file_ofx"" | ""ic_file_pdf"" | ""ic_file_txt"" | ""ic_film"" | ""ic_filter"" | ""ic_fingerprint"" | ""ic_first_page"" | ""ic_flag_abkhazia_rounded"" | ""ic_flag_afghanistan_rounded"" | ""ic_flag_aland_islands_rounded"" | ""ic_flag_albania_rounded"" | ""ic_flag_algeria_rounded"" | ""ic_flag_american_samoa_rounded"" | ""ic_flag_andorra_rounded"" | ""ic_flag_angola_rounded"" | ""ic_flag_anguilla_rounded"" | ""ic_flag_antigua_and_barbuda_rounded"" | ""ic_flag_argentina"" | ""ic_flag_argentina_bw"" | ""ic_flag_argentina_rounded"" | ""ic_flag_armenia_rounded"" | ""ic_flag_aruba_rounded"" | ""ic_flag_australia_rounded"" | ""ic_flag_austria_rounded"" | ""ic_flag_azerbaijan_rounded"" | ""ic_flag_azores_islands_rounded"" | ""ic_flag_bahamas_rounded"" | ""ic_flag_bahrain_rounded"" | ""ic_flag_balearic_islands_rounded"" | ""ic_flag_bangladesh_rounded"" | ""ic_flag_barbados_rounded"" | ""ic_flag_basque_country_rounded"" | ""ic_flag_belarus_rounded"" | ""ic_flag_belgium_rounded"" | ""ic_flag_belize_rounded"" | ""ic_flag_benin_rounded"" | ""ic_flag_bermuda_rounded"" | ""ic_flag_bhutan_rounded"" | ""ic_flag_bolivia_rounded"" | ""ic_flag_bonaire_rounded"" | ""ic_flag_bosnia_and_herzegovina_rounded"" | ""ic_flag_botswana_rounded"" | ""ic_flag_brazil"" | ""ic_flag_brazil_bw"" | ""ic_flag_brazil_rounded"" | ""ic_flag_british_columbia_rounded"" | ""ic_flag_british_indian_ocean_territory_rounded"" | ""ic_flag_british_virgin_islands_rounded"" | ""ic_flag_brunei_rounded"" | ""ic_flag_bulgaria_rounded"" | ""ic_flag_burkina_faso_rounded"" | ""ic_flag_burundi_rounded"" | ""ic_flag_cambodia_rounded"" | ""ic_flag_cameroon_rounded"" | ""ic_flag_canada_rounded"" | ""ic_flag_canary_islands_rounded"" | ""ic_flag_cape_verde_rounded"" | ""ic_flag_cayman_islands"" | ""ic_flag_cayman_islands_bw"" | ""ic_flag_cayman_islands_rounded"" | ""ic_flag_central_african_republic_rounded"" | ""ic_flag_ceuta_rounded"" | ""ic_flag_chad_rounded"" | ""ic_flag_chile_rounded"" | ""ic_flag_china_rounded"" | ""ic_flag_cocos_island_rounded"" | ""ic_flag_colombia_rounded"" | ""ic_flag_comoros_rounded"" | ""ic_flag_cook_islands_rounded"" | ""ic_flag_corsica_rounded"" | ""ic_flag_costa_rica_rounded"" | ""ic_flag_croatia_rounded"" | ""ic_flag_cuba_rounded"" | ""ic_flag_curacao_rounded"" | ""ic_flag_cyprus_rounded"" | ""ic_flag_czech_republic_rounded"" | ""ic_flag_democratic_republic_of_congo_rounded"" | ""ic_flag_denmark_rounded"" | ""ic_flag_djibouti_rounded"" | ""ic_flag_dominica_rounded"" | ""ic_flag_dominican_republic_rounded"" | ""ic_flag_east_timor_rounded"" | ""ic_flag_ecuador_rounded"" | ""ic_flag_egypt_rounded"" | ""ic_flag_el_salvador_rounded"" | ""ic_flag_england_rounded"" | ""ic_flag_equatorial_guinea_rounded"" | ""ic_flag_eritrea_rounded"" | ""ic_flag_estonia_rounded"" | ""ic_flag_ethiopia_rounded"" | ""ic_flag_european_union_rounded"" | ""ic_flag_falkland_islands_rounded"" | ""ic_flag_faroe_islands_rounded"" | ""ic_flag_fiji_rounded"" | ""ic_flag_finland_rounded"" | ""ic_flag_france_rounded"" | ""ic_flag_french_polynesia_rounded"" | ""ic_flag_gabon_rounded"" | ""ic_flag_galapagos_islands_rounded"" | ""ic_flag_gambia_rounded"" | ""ic_flag_georgia_rounded"" | ""ic_flag_germany_rounded"" | ""ic_flag_ghana_rounded"" | ""ic_flag_gibraltar_rounded"" | ""ic_flag_globe"" | ""ic_flag_globe_bw"" | ""ic_flag_greece_rounded"" | ""ic_flag_greenland_rounded"" | ""ic_flag_grenada_rounded"" | ""ic_flag_guam_rounded"" | ""ic_flag_guatemala_rounded"" | ""ic_flag_guernsey_rounded"" | ""ic_flag_guinea_bissau_rounded"" | ""ic_flag_guinea_rounded"" | ""ic_flag_guyana_rounded"" | ""ic_flag_haiti_rounded"" | ""ic_flag_hawaii_rounded"" | ""ic_flag_honduras_rounded"" | ""ic_flag_hong_kong_rounded"" | ""ic_flag_hungary_rounded"" | ""ic_flag_iceland_rounded"" | ""ic_flag_india_rounded"" | ""ic_flag_indonesia_rounded"" | ""ic_flag_iran_rounded"" | ""ic_flag_iraq_rounded"" | ""ic_flag_ireland_rounded"" | ""ic_flag_isle_of_man_rounded"" | ""ic_flag_israel_rounded"" | ""ic_flag_italy_rounded"" | ""ic_flag_ivory_coast_rounded"" | ""ic_flag_jamaica_rounded"" | ""ic_flag_japan_rounded"" | ""ic_flag_jersey_rounded"" | ""ic_flag_jordan_rounded"" | ""ic_flag_kazakhstan_rounded"" | ""ic_flag_kenya_rounded"" | ""ic_flag_kiribati_rounded"" | ""ic_flag_kosovo_rounded"" | ""ic_flag_kuwait_rounded"" | ""ic_flag_kyrgyzstan_rounded"" | ""ic_flag_laos_rounded"" | ""ic_flag_latvia_rounded"" | ""ic_flag_lebanon_rounded"" | ""ic_flag_lesotho_rounded"" | ""ic_flag_liberia_rounded"" | ""ic_flag_libya_rounded"" | ""ic_flag_liechtenstein_rounded"" | ""ic_flag_lithuania_rounded"" | ""ic_flag_luxembourg_rounded"" | ""ic_flag_macao_rounded"" | ""ic_flag_madagascar_rounded"" | ""ic_flag_madeira_rounded"" | ""ic_flag_malawi_rounded"" | ""ic_flag_malaysia_rounded"" | ""ic_flag_maldives_rounded"" | ""ic_flag_mali_rounded"" | ""ic_flag_malta_rounded"" | ""ic_flag_marshall_island_rounded"" | ""ic_flag_martinique_rounded"" | ""ic_flag_mauritania_rounded"" | ""ic_flag_mauritius_rounded"" | ""ic_flag_melilla_rounded"" | ""ic_flag_mexico_rounded"" | ""ic_flag_micronesia_rounded"" | ""ic_flag_moldova_rounded"" | ""ic_flag_monaco_rounded"" | ""ic_flag_mongolia_rounded"" | ""ic_flag_montenegro_rounded"" | ""ic_flag_montserrat_rounded"" | ""ic_flag_morocco_rounded"" | ""ic_flag_mozambique_rounded"" | ""ic_flag_myanmar_rounded"" | ""ic_flag_namibia_rounded"" | ""ic_flag_nato_rounded"" | ""ic_flag_nauru_rounded"" | ""ic_flag_nepal_rounded"" | ""ic_flag_netherlands_rounded"" | ""ic_flag_new_zealand_rounded"" | ""ic_flag_nicaragua_rounded"" | ""ic_flag_niger_rounded"" | ""ic_flag_nigeria_rounded"" | ""ic_flag_niue_rounded"" | ""ic_flag_norfolk_island_rounded"" | ""ic_flag_north_korea_rounded"" | ""ic_flag_northern_cyprus_rounded"" | ""ic_flag_northern_marianas_islands_rounded"" | ""ic_flag_norway_rounded"" | ""ic_flag_oman_rounded"" | ""ic_flag_orkney_islands_rounded"" | ""ic_flag_ossetia_rounded"" | ""ic_flag_pakistan_rounded"" | ""ic_flag_palau_rounded"" | ""ic_flag_palestine_rounded"" | ""ic_flag_panama_rounded"" | ""ic_flag_papua_new_guinea_rounded"" | ""ic_flag_paraguay_rounded"" | ""ic_flag_peru_rounded"" | ""ic_flag_philippines_rounded"" | ""ic_flag_pitcairn_islands_rounded"" | ""ic_flag_poland_rounded"" | ""ic_flag_portugal_rounded"" | ""ic_flag_puerto_rico_rounded"" | ""ic_flag_qatar_rounded"" | ""ic_flag_rapa_nui_rounded"" | ""ic_flag_republic_of_macedonia_rounded"" | ""ic_flag_republic_of_the_congo_rounded"" | ""ic_flag_romania_rounded"" | ""ic_flag_russia_rounded"" | ""ic_flag_rwanda_rounded"" | ""ic_flag_saba_island_rounded"" | ""ic_flag_sahrawi_arab_democratic_republic_rounded"" | ""ic_flag_saint_kitts_and_nevis_rounded"" | ""ic_flag_samoa_rounded"" | ""ic_flag_san_marino_rounded"" | ""ic_flag_sao_tome_and_prince_rounded"" | ""ic_flag_sardinia_rounded"" | ""ic_flag_saudi_arabia_rounded"" | ""ic_flag_scotland_rounded"" | ""ic_flag_senegal_rounded"" | ""ic_flag_serbia_rounded"" | ""ic_flag_seychelles_rounded"" | ""ic_flag_sierra_leone_rounded"" | ""ic_flag_singapore_rounded"" | ""ic_flag_sint_eustatius_rounded"" | ""ic_flag_sint_maarten_rounded"" | ""ic_flag_slovakia_rounded"" | ""ic_flag_slovenia_rounded"" | ""ic_flag_solomon_islands_rounded"" | ""ic_flag_somalia_rounded"" | ""ic_flag_somaliland_rounded"" | ""ic_flag_south_africa_rounded"" | ""ic_flag_south_korea_rounded"" | ""ic_flag_south_sudan_rounded"" | ""ic_flag_spain"" | ""ic_flag_spain_bw"" | ""ic_flag_spain_rounded"" | ""ic_flag_sri_lanka_rounded"" | ""ic_flag_st_barts_rounded"" | ""ic_flag_st_lucia_rounded"" | ""ic_flag_st_vincent_and_the_grenadines_rounded"" | ""ic_flag_sudan_rounded"" | ""ic_flag_suriname_rounded"" | ""ic_flag_swaziland_rounded"" | ""ic_flag_sweden_rounded"" | ""ic_flag_switzerland_rounded"" | ""ic_flag_syria_rounded"" | ""ic_flag_taiwan_rounded"" | ""ic_flag_tajikistan_rounded"" | ""ic_flag_tanzania_rounded"" | ""ic_flag_thailand_rounded"" | ""ic_flag_tibet_rounded"" | ""ic_flag_togo_rounded"" | ""ic_flag_tokelau_rounded"" | ""ic_flag_tonga_rounded"" | ""ic_flag_transnistria_rounded"" | ""ic_flag_trinidad_and_tobago_rounded"" | ""ic_flag_tunisia_rounded"" | ""ic_flag_turkey_rounded"" | ""ic_flag_turkmenistan_rounded"" | ""ic_flag_turks_and_caicos_rounded"" | ""ic_flag_tuvalu_rounded"" | ""ic_flag_uganda_rounded"" | ""ic_flag_ukraine_rounded"" | ""ic_flag_united_arab_emirates_rounded"" | ""ic_flag_united_kingdom_rounded"" | ""ic_flag_united_nations_rounded"" | ""ic_flag_united_states"" | ""ic_flag_united_states_bw"" | ""ic_flag_united_states_rounded"" | ""ic_flag_uruguay_rounded"" | ""ic_flag_uzbekistán_rounded"" | ""ic_flag_vanuatu_rounded"" | ""ic_flag_vatican_city_rounded"" | ""ic_flag_venezuela_rounded"" | ""ic_flag_vietnam_rounded"" | ""ic_flag_virgin_islands_rounded"" | ""ic_flag_wales_rounded"" | ""ic_flag_yemen_rounded"" | ""ic_flag_zambia_rounded"" | ""ic_flag_zimbabwe_rounded"" | ""ic_flash"" | ""ic_flash_off"" | ""ic_flashlight"" | ""ic_fork_knife"" | ""ic_forward_step"" | ""ic_gas_station"" | ""ic_gift"" | ""ic_gift_money"" | ""ic_globe"" | ""ic_globe_trending_up"" | ""ic_google_play"" | ""ic_graduation_cap"" | ""ic_hamburguer"" | ""ic_hand_coin"" | ""ic_hand_config"" | ""ic_hand_house"" | ""ic_hand_money"" | ""ic_hand_user"" | ""ic_handshake"" | ""ic_heart"" | ""ic_heart_ecg"" | ""ic_heart_fill"" | ""ic_help_circle"" | ""ic_help_circle_fill"" | ""ic_high_heels"" | ""ic_history"" | ""ic_house"" | ""ic_house_check"" | ""ic_house_fill"" | ""ic_house_filled"" | ""ic_house_half"" | ""ic_house_moving"" | ""ic_house_trending_up"" | ""ic_i_safe"" | ""ic_image"" | ""ic_image_arrow_up"" | ""ic_image_error"" | ""ic_images"" | ""ic_info_circle"" | ""ic_info_circle_fill"" | ""ic_instagram"" | ""ic_inter"" | ""ic_inter_loop"" | ""ic_investment_filled"" | ""ic_key"" | ""ic_last_page"" | ""ic_lightbulb_off"" | ""ic_lightbulb_on"" | ""ic_link"" | ""ic_link_money"" | ""ic_linkedin"" | ""ic_list"" | ""ic_loading"" | ""ic_location"" | ""ic_location_map"" | ""ic_luggage"" | ""ic_mask_carnival"" | ""ic_mask_comedy"" | ""ic_medal_p_letter"" | ""ic_medal_q_letter"" | ""ic_medical_shield"" | ""ic_medical_square"" | ""ic_menu"" | ""ic_menu_filled"" | ""ic_message_ellipsis"" | ""ic_message_ellipsis_fill"" | ""ic_messages"" | ""ic_messages_fill"" | ""ic_messages_filled"" | ""ic_mic"" | ""ic_money_check"" | ""ic_money_check_arrow_down"" | ""ic_money_check_back"" | ""ic_money_check_check"" | ""ic_money_check_ellipsis"" | ""ic_money_check_error"" | ""ic_money_check_location"" | ""ic_money_check_pointer"" | ""ic_money_check_refresh"" | ""ic_money_frame"" | ""ic_moon"" | ""ic_motorcycle"" | ""ic_motorcycle_delivery"" | ""ic_muscle"" | ""ic_music_note"" | ""ic_nurse"" | ""ic_open_finance"" | ""ic_open_new"" | ""ic_orange"" | ""ic_orange_fill"" | ""ic_padlock"" | ""ic_padlock_open"" | ""ic_paint_roller"" | ""ic_paint_roller_fill"" | ""ic_paper_money"" | ""ic_paper_trending_up"" | ""ic_parking"" | ""ic_parking_short_term"" | ""ic_pause_circle"" | ""ic_paw"" | ""ic_payment_alelo"" | ""ic_payment_amazon"" | ""ic_payment_amex"" | ""ic_payment_apple_pay"" | ""ic_payment_diners_club"" | ""ic_payment_discover"" | ""ic_payment_elo"" | ""ic_payment_google_pay"" | ""ic_payment_hipercard"" | ""ic_payment_jcb"" | ""ic_payment_mastercard"" | ""ic_payment_paypal"" | ""ic_payment_plaid"" | ""ic_payment_pluxee"" | ""ic_payment_ticket"" | ""ic_payment_visa"" | ""ic_payment_vr"" | ""ic_phone"" | ""ic_phone_ring"" | ""ic_phone_rotary"" | ""ic_photo"" | ""ic_photo_off"" | ""ic_piggy_arrow_up"" | ""ic_piggy_bank"" | ""ic_piggy_money"" | ""ic_pill"" | ""ic_pillar"" | ""ic_pix"" | ""ic_plane_arrival"" | ""ic_plane_departure"" | ""ic_play"" | ""ic_play_fill"" | ""ic_play_frame"" | ""ic_plug"" | ""ic_printer"" | ""ic_purse"" | ""ic_qr_code"" | ""ic_qr_code_padlock"" | ""ic_receipt"" | ""ic_receipt_notification"" | ""ic_refrigerator"" | ""ic_remove"" | ""ic_remove_circle"" | ""ic_reply"" | ""ic_ring"" | ""ic_robot"" | ""ic_rocket"" | ""ic_rotate"" | ""ic_rotate_add"" | ""ic_rotate_check"" | ""ic_rotate_money"" | ""ic_rotate_right"" | ""ic_rotate_strokes_money"" | ""ic_scissors"" | ""ic_score"" | ""ic_search"" | ""ic_search_error"" | ""ic_search_sparkle"" | ""ic_seedling"" | ""ic_send"" | ""ic_share"" | ""ic_ship_front"" | ""ic_shirt"" | ""ic_shopping_bag"" | ""ic_shopping_bag_filled"" | ""ic_shopping_basket"" | ""ic_shopping_cart"" | ""ic_shopping_cart_add"" | ""ic_shopping_cart_arrow_down"" | ""ic_shopping_cart_auto"" | ""ic_shopping_cart_bars"" | ""ic_shopping_cart_error"" | ""ic_shopping_cart_fill"" | ""ic_shopping_cart_filled"" | ""ic_shuffle"" | ""ic_sign_in"" | ""ic_sign_out"" | ""ic_sim_card"" | ""ic_sliders"" | ""ic_smartphone"" | ""ic_smartphone_money"" | ""ic_smartphone_wifi"" | ""ic_sneakers"" | ""ic_soccer_ball"" | ""ic_sort"" | ""ic_sort_down"" | ""ic_sort_up"" | ""ic_sparkle"" | ""ic_spotify"" | ""ic_spray_bottle"" | ""ic_star"" | ""ic_star_fill"" | ""ic_star_half"" | ""ic_stethoscope"" | ""ic_stopwatch"" | ""ic_store"" | ""ic_store_shield"" | ""ic_stove"" | ""ic_subway_front"" | ""ic_suitcase"" | ""ic_sun"" | ""ic_swap_dots"" | ""ic_swap_vertical"" | ""ic_tag"" | ""ic_target"" | ""ic_team_viewer_error"" | ""ic_telegram"" | ""ic_thumb_down"" | ""ic_thumb_down_fill"" | ""ic_thumb_up"" | ""ic_thumb_up_fill"" | ""ic_ticket"" | ""ic_ticket_vertical"" | ""ic_tiktok"" | ""ic_toilet"" | ""ic_tooth"" | ""ic_tower_control"" | ""ic_trash"" | ""ic_trending_up"" | ""ic_trending_up_fill"" | ""ic_truck"" | ""ic_truck_speed"" | ""ic_twitter_x"" | ""ic_umbrella"" | ""ic_umbrella_beach"" | ""ic_unfold_less"" | ""ic_unfold_more"" | ""ic_upstairs"" | ""ic_user"" | ""ic_user_help"" | ""ic_user_money"" | ""ic_user_refresh"" | ""ic_users"" | ""ic_vault"" | ""ic_video"" | ""ic_video_game"" | ""ic_volume"" | ""ic_volume_off"" | ""ic_wallet"" | ""ic_wallet_money"" | ""ic_warning_circle"" | ""ic_warning_circle_fill"" | ""ic_washing_machine"" | ""ic_water_drop"" | ""ic_water_ladder"" | ""ic_wave_form"" | ""ic_whatsapp"" | ""ic_wheelbarrow"" | ""ic_withdraw"" | ""ic_youtube"" | undefined",Campo editorial,p69636f6e,components/Molecules/SectionTitle/SectionTitle.d.ts
SectionTitle,ds-section-title,onTag,((data: TagProps) => void) | undefined,Callback implementado no runtime; evento de integração,,components/Molecules/SectionTitle/SectionTitle.d.ts
SectionTitle,ds-section-title,variant,"""default"" | ""navigation"" | undefined",Campo editorial,p76617269616e74,components/Molecules/SectionTitle/SectionTitle.d.ts
SectionTitle,ds-section-title,showIcon,boolean | undefined,Campo editorial,p73686f7749636f6e,components/Molecules/SectionTitle/SectionTitle.d.ts
SectionTitle,ds-section-title,onClick,"((event: MouseEvent<HTMLElement, MouseEvent>) => void) | ((event: MouseEvent<HTMLElement, MouseEvent>) => void) | ((event: MouseEvent<HTMLElement, MouseEvent>) => void) | undefined",Callback implementado no runtime; evento de integração,,components/Molecules/SectionTitle/SectionTitle.d.ts
SectionSubtitle,ds-section-subtitle,subtitle,string,Campo editorial,p7375627469746c65,components/Molecules/SectionSubtitle/SectionSubtitle.d.ts
SectionSubtitle,ds-section-subtitle,trailingLabel,string | undefined,Campo editorial,p747261696c696e674c6162656c,components/Molecules/SectionSubtitle/SectionSubtitle.d.ts
SectionSubtitle,ds-section-subtitle,state,"""enabled"" | ""skeleton"" | undefined",Campo editorial,p7374617465,components/Molecules/SectionSubtitle/SectionSubtitle.d.ts
SectionSubtitle,ds-section-subtitle,trailingValue,"{ value: string; variant: ""error"" | ""default""; } | undefined",Campo editorial / subpropriedades,"p747261696c696e6756616c75652e76616c7565, p747261696c696e6756616c75652e76617269616e74",components/Molecules/SectionSubtitle/SectionSubtitle.d.ts
SegmentedControl,ds-segmented-control,onTag,((data: TagProps) => void) | undefined,Callback implementado no runtime; evento de integração,,components/Molecules/SegmentedControl/SegmentedControl.d.ts
SegmentedControl,ds-segmented-control,onClick,"(item: SegmentItemProps, index: number) => void",Callback implementado no runtime; evento de integração,,components/Molecules/SegmentedControl/SegmentedControl.d.ts
SegmentedControl,ds-segmented-control,segments,LabelArray | IconLabelArray | IconArray,"Itens filhos: adicionar, remover e reordenar","p6c6162656c, p64697361626c6564",components/Molecules/SegmentedControl/SegmentedControl.d.ts
SegmentedControl,ds-segmented-control,state,"""enabled"" | ""skeleton"" | undefined",Campo editorial,p7374617465,components/Molecules/SegmentedControl/SegmentedControl.d.ts
SegmentedControl,ds-segmented-control,filling,"""fill"" | ""hug"" | undefined",Campo editorial,p66696c6c696e67,components/Molecules/SegmentedControl/SegmentedControl.d.ts
Select,ds-select,error,UpTo3<string> | undefined,Campo editorial / estrutura JSON,p6572726f72,components/Molecules/Select/Select.d.ts
Select,ds-select,label,string | undefined,Campo editorial,p6c6162656c,components/Molecules/Select/Select.d.ts
Select,ds-select,onClick,"(MouseEventHandler<HTMLInputElement> & ((event: MouseEvent<HTMLDivElement, MouseEvent>) => void)) | undefined",Callback implementado no runtime; evento de integração,,components/Molecules/Select/Select.d.ts
Select,ds-select,state,InputState | undefined,Campo editorial,p7374617465,components/Molecules/Select/Select.d.ts
Select,ds-select,onTag,((data: TagProps) => void) | undefined,Callback implementado no runtime; evento de integração,,components/Molecules/Select/Select.d.ts
Select,ds-select,id,string | undefined,Campo editorial,p6964,components/Molecules/Select/Select.d.ts
Select,ds-select,prefix,string | undefined,Campo editorial,p707265666978,components/Molecules/Select/Select.d.ts
Select,ds-select,onChange,((value: string) => void) | undefined,Callback implementado no runtime; evento de integração,,components/Molecules/Select/Select.d.ts
Select,ds-select,success,string | undefined,Campo editorial,p73756363657373,components/Molecules/Select/Select.d.ts
Select,ds-select,flag,FlagName | undefined,Campo editorial,p666c6167,components/Molecules/Select/Select.d.ts
Select,ds-select,customTagProps,MoleculesTagProps | undefined,Campo editorial / subpropriedades,"p637573746f6d54616750726f70732e64617461, p637573746f6d54616750726f70732e637573746f6d50726f706572746965732e636f6d706f6e656e745f6e616d65, p637573746f6d54616750726f70732e637573746f6d50726f706572746965732e7374796c65, p637573746f6d54616750726f70732e637573746f6d50726f706572746965732e73697a65, p637573746f6d54616750726f70732e637573746f6d50726f706572746965732e686965726172636879, p637573746f6d54616750726f70732e637573746f6d50726f706572746965732e7374617465, p637573746f6d54616750726f70732e637573746f6d50726f706572746965732e6c6162656c, p637573746f6d54616750726f70732e637573746f6d50726f706572746965732e68696e74, p637573746f6d54616750726f70732e637573746f6d50726f706572746965732e76616c7565",components/Molecules/Select/Select.d.ts
Select,ds-select,hints,string | UpTo3<string> | undefined,Campo editorial,p68696e7473,components/Molecules/Select/Select.d.ts
Select,ds-select,onHelper,"((event?: MouseEvent<Element, MouseEvent> | undefined) => void) | undefined",Callback implementado no runtime; evento de integração,,components/Molecules/Select/Select.d.ts
Select,ds-select,showHelper,boolean | undefined,Campo editorial,p73686f7748656c706572,components/Molecules/Select/Select.d.ts
Select,ds-select,showHint,boolean | undefined,Campo editorial,p73686f7748696e74,components/Molecules/Select/Select.d.ts
Select,ds-select,showFlag,boolean | undefined,Campo editorial,p73686f77466c6167,components/Molecules/Select/Select.d.ts
Select,ds-select,showClear,boolean | undefined,Campo editorial,p73686f77436c656172,components/Molecules/Select/Select.d.ts
Select,ds-select,showContent,boolean | undefined,Campo editorial,p73686f77436f6e74656e74,components/Molecules/Select/Select.d.ts
Select,ds-select,showForceBar,boolean | undefined,Campo editorial,p73686f77466f726365426172,components/Molecules/Select/Select.d.ts
Select,ds-select,forceBar,ForceBarProps | undefined,Campo editorial / subpropriedades,"p666f7263654261722e7374617465, p666f7263654261722e6163746976655365676d656e7473, p666f7263654261722e6c6162656c, p666f7263654261722e636c6173734e616d65, p666f7263654261722e73686f756c6452656e646572",components/Molecules/Select/Select.d.ts
Select,ds-select,mask,"""date"" | ""email"" | ""phone"" | ""cep"" | ""cpf"" | ""monetary"" | undefined",Campo editorial,p6d61736b,components/Molecules/Select/Select.d.ts
Select,ds-select,dateType,DateType | undefined,Campo editorial,p6461746554797065,components/Molecules/Select/Select.d.ts
Select,ds-select,pickerRange,PickerRange | undefined,Campo editorial / subpropriedades,"p7069636b657252616e67652e7374617274, p7069636b657252616e67652e656e64",components/Molecules/Select/Select.d.ts
Select,ds-select,data-testid,string | undefined,Campo editorial,p646174612d746573746964,components/Molecules/Select/Select.d.ts
Select,ds-select,onClickHelper,(() => void) | undefined,Callback implementado no runtime; evento de integração,,components/Molecules/Select/Select.d.ts
Spinner,ds-spinner,size,SpinnerSize | undefined,Campo editorial,p73697a65,components/Atoms/ProgressIndicator/Spinner/Spinner.d.ts
Spinner,ds-spinner,variant,SpinnerVariant | undefined,Campo editorial,p76617269616e74,components/Atoms/ProgressIndicator/Spinner/Spinner.d.ts
Spinner,ds-spinner,progress,number | undefined,Campo editorial,p70726f6772657373,components/Atoms/ProgressIndicator/Spinner/Spinner.d.ts
Spinner,ds-spinner,ariaLabel,string | null | undefined,Campo editorial,p617269614c6162656c,components/Atoms/ProgressIndicator/Spinner/Spinner.d.ts
Signal,ds-signal,variant,"""information"" | ""warning"" | ""error"" | ""success"" | ""pending"" | ""scheduled""",Campo editorial,p76617269616e74,components/Atoms/Signal/Signal.d.ts
Signal,ds-signal,size,"""small"" | ""medium"" | ""large"" | undefined",Campo editorial,p73697a65,components/Atoms/Signal/Signal.d.ts
Signal,ds-signal,state,"""enabled"" | ""skeleton""",Campo editorial,p7374617465,components/Atoms/Signal/Signal.d.ts
Switch,ds-switch,checked,boolean | undefined,Campo editorial,p636865636b6564,components/Atoms/Switch/Switch.d.ts
Switch,ds-switch,onChange,((checked: boolean) => void) | undefined,Callback implementado no runtime; evento de integração,,components/Atoms/Switch/Switch.d.ts
Switch,ds-switch,state,STATE.ENABLED | STATE.DISABLED | STATE.SKELETON | undefined,Campo editorial,p7374617465,components/Atoms/Switch/Switch.d.ts
Snackbar,ds-snackbar,variant,"""warning"" | ""error"" | ""default"" | ""success""",Campo editorial,p76617269616e74,components/Molecules/Snackbar/Snackbar.d.ts
Snackbar,ds-snackbar,IconSvg,ComponentType<SVGProps<SVGSVGElement>> | undefined,Campo editorial / rich text ou ícone,p49636f6e537667,components/Molecules/Snackbar/Snackbar.d.ts
Snackbar,ds-snackbar,title,string | undefined,Campo editorial,p7469746c65,components/Molecules/Snackbar/Snackbar.d.ts
Snackbar,ds-snackbar,description,string,Campo editorial,p6465736372697074696f6e,components/Molecules/Snackbar/Snackbar.d.ts
Snackbar,ds-snackbar,onTag,((data: TagProps) => void) | undefined,Callback implementado no runtime; evento de integração,,components/Molecules/Snackbar/Snackbar.d.ts
Snackbar,ds-snackbar,showButtonSnackbar,boolean | undefined,Campo editorial,p73686f77427574746f6e536e61636b626172,components/Molecules/Snackbar/Snackbar.d.ts
Snackbar,ds-snackbar,onClickButtonSnackbar,(() => void) | undefined,Callback implementado no runtime; evento de integração,,components/Molecules/Snackbar/Snackbar.d.ts
Snackbar,ds-snackbar,labelButton,string | undefined,Campo editorial,p6c6162656c427574746f6e,components/Molecules/Snackbar/Snackbar.d.ts
Snackbar,ds-snackbar,show,boolean,Campo editorial,p73686f77,components/Molecules/Snackbar/Snackbar.d.ts
Snackbar,ds-snackbar,onClose,() => void,Callback implementado no runtime; evento de integração,,components/Molecules/Snackbar/Snackbar.d.ts
Stepper,ds-stepper,enableInput,boolean,Campo editorial,p656e61626c65496e707574,components/Molecules/Stepper/Stepper.d.ts
Stepper,ds-stepper,max,number,Campo editorial,p6d6178,components/Molecules/Stepper/Stepper.d.ts
Stepper,ds-stepper,min,number,Campo editorial,p6d696e,components/Molecules/Stepper/Stepper.d.ts
Stepper,ds-stepper,state,"""error"" | ""enabled"" | ""skeleton"" | ""disabled""",Campo editorial,p7374617465,components/Molecules/Stepper/Stepper.d.ts
Stepper,ds-stepper,hasBorder,boolean | undefined,Campo editorial,p686173426f72646572,components/Molecules/Stepper/Stepper.d.ts
Stepper,ds-stepper,step,number | undefined,Campo editorial,p73746570,components/Molecules/Stepper/Stepper.d.ts
Stepper,ds-stepper,mask,boolean | undefined,Campo editorial,p6d61736b,components/Molecules/Stepper/Stepper.d.ts
Stepper,ds-stepper,maskType,StepperMask | undefined,Campo editorial,p6d61736b54797065,components/Molecules/Stepper/Stepper.d.ts
Stepper,ds-stepper,onTag,((data: TagProps) => void) | undefined,Callback implementado no runtime; evento de integração,,components/Molecules/Stepper/Stepper.d.ts
Tabs,ds-tabs,tabs,"[Tab, Tab, ...Tab[]]","Itens filhos: adicionar, remover e reordenar","p6c6162656c, p73656c6563746564, p7374617465, p62616467652e76617269616e74, p62616467652e636f756e74",components/Molecules/Tabs/Tabs.d.ts
Tabs,ds-tabs,state,"""enabled"" | ""skeleton"" | undefined",Campo editorial,p7374617465,components/Molecules/Tabs/Tabs.d.ts
Tabs,ds-tabs,scrollable,boolean | undefined,Campo editorial,p7363726f6c6c61626c65,components/Molecules/Tabs/Tabs.d.ts
Tabs,ds-tabs,onTag,((data: TagProps) => void) | undefined,Callback implementado no runtime; evento de integração,,components/Molecules/Tabs/Tabs.d.ts
Tag,ds-tag,color,Color | SegmentColor,Campo editorial,p636f6c6f72,components/Atoms/Tag/Tag.d.ts
Tag,ds-tag,hierarchy,"""soft"" | ""strong""",Campo editorial,p686965726172636879,components/Atoms/Tag/Tag.d.ts
Tag,ds-tag,label,string,Campo editorial,p6c6162656c,components/Atoms/Tag/Tag.d.ts
Tag,ds-tag,size,"""small"" | ""large"" | ""extraLarge""",Campo editorial,p73697a65,components/Atoms/Tag/Tag.d.ts
Tag,ds-tag,state,State | undefined,Campo editorial,p7374617465,components/Atoms/Tag/Tag.d.ts
Tag,ds-tag,icon,ReactNode,Campo editorial / rich text ou ícone,p69636f6e,components/Atoms/Tag/Tag.d.ts
Text,ds-text,id,string | undefined,Campo editorial,p6964,components/Atoms/Text/Text.d.ts
Text,ds-text,state,"""enabled"" | ""skeleton"" | ""disabled"" | undefined",Campo editorial,p7374617465,components/Atoms/Text/Text.d.ts
Text,ds-text,children,ReactNode,Campo editorial / rich text ou ícone,p6368696c6472656e,components/Atoms/Text/Text.d.ts
Text,ds-text,textSize,"""small"" | ""medium"" | ""large""",Campo editorial,p7465787453697a65,components/Atoms/Text/Text.d.ts
Text,ds-text,textWeight,"""medium"" | ""bold"" | ""regular"" | ((""medium"" | ""bold"" | ""regular"") & Omit<TextWeight, TextWeight.Medium>) | undefined",Campo editorial,p74657874576569676874,components/Atoms/Text/Text.d.ts
Text,ds-text,colorScheme,`${T}` | undefined,Campo editorial,p636f6c6f72536368656d65,components/Atoms/Text/Text.d.ts
Text,ds-text,colorVariant,`${TextColorSchemeVariants[T]}` | undefined,Campo editorial,p636f6c6f7256617269616e74,components/Atoms/Text/Text.d.ts
Text,ds-text,colorStrong,boolean | undefined,Campo editorial,p636f6c6f725374726f6e67,components/Atoms/Text/Text.d.ts
Text,ds-text,as,"""strong"" | ""h1"" | ""h2"" | ""h3"" | ""h4"" | ""h5"" | ""h6"" | ""span"" | ""p"" | undefined",Campo editorial,p6173,components/Atoms/Text/Text.d.ts
Text,ds-text,textType,"""label"" | ""title"" | ""link"" | ""body"" | ""caption"" | ""code"" | ""display""",Campo editorial,p7465787454797065,components/Atoms/Text/Text.d.ts
TextArea,ds-text-area,hints,string[] | undefined,Campo editorial / estrutura JSON,p68696e7473,components/Molecules/Textarea/TextArea.d.ts
TextArea,ds-text-area,label,string,Campo editorial,p6c6162656c,components/Molecules/Textarea/TextArea.d.ts
TextArea,ds-text-area,onHelper,(() => void) | undefined,Callback implementado no runtime; evento de integração,,components/Molecules/Textarea/TextArea.d.ts
TextArea,ds-text-area,showCounter,boolean | undefined,Campo editorial,p73686f77436f756e746572,components/Molecules/Textarea/TextArea.d.ts
TextArea,ds-text-area,showHelper,boolean | undefined,Campo editorial,p73686f7748656c706572,components/Molecules/Textarea/TextArea.d.ts
TextArea,ds-text-area,showHint,boolean | undefined,Campo editorial,p73686f7748696e74,components/Molecules/Textarea/TextArea.d.ts
TextArea,ds-text-area,state,State | undefined,Campo editorial,p7374617465,components/Molecules/Textarea/TextArea.d.ts
TextArea,ds-text-area,counter,number | undefined,Campo editorial,p636f756e746572,components/Molecules/Textarea/TextArea.d.ts
TextArea,ds-text-area,onTag,((data: TagProps) => void) | undefined,Callback implementado no runtime; evento de integração,,components/Molecules/Textarea/TextArea.d.ts
Timeline,ds-timeline,items,TimelineItemProps[],"Itens filhos: adicionar, remover e reordenar","p7469746c65, p64617465, p737461747573, p7374617465, p73686f774c696e65, p636f6e74656e7473",components/Molecules/Timeline/Timeline.d.ts
Timeline,ds-timeline,onTag,((params: TagProps) => void) | undefined,Callback implementado no runtime; evento de integração,,components/Molecules/Timeline/Timeline.d.ts
Timeline,ds-timeline,state,"""enabled"" | ""skeleton"" | ""disabled"" | undefined",Campo editorial,p7374617465,components/Molecules/Timeline/Timeline.d.ts
Widget,ds-widget,color,ColorTypeAccept | undefined,Campo editorial,p636f6c6f72,components/Molecules/Widget/Widget.d.ts
Widget,ds-widget,timeAgo,string | undefined,Campo editorial,p74696d6541676f,components/Molecules/Widget/Widget.d.ts
Widget,ds-widget,tag,string | undefined,Campo editorial,p746167,components/Molecules/Widget/Widget.d.ts
Widget,ds-widget,title,string | undefined,Campo editorial,p7469746c65,components/Molecules/Widget/Widget.d.ts
Widget,ds-widget,showHeader,boolean | undefined,Campo editorial,p73686f77486561646572,components/Molecules/Widget/Widget.d.ts
Widget,ds-widget,tagColor,ColorTypeAccept | undefined,Campo editorial,p746167436f6c6f72,components/Molecules/Widget/Widget.d.ts
Widget,ds-widget,children,ReactNode,Campo editorial / rich text ou ícone,p6368696c6472656e,components/Molecules/Widget/Widget.d.ts
Widget,ds-widget,size,"""small"" | ""medium"" | ""large"" | undefined",Campo editorial,p73697a65,components/Molecules/Widget/Widget.d.ts
Widget,ds-widget,state,"""error"" | ""enabled"" | ""skeleton"" | undefined",Campo editorial,p7374617465,components/Molecules/Widget/Widget.d.ts
Widget,ds-widget,onClick,() => void,Callback implementado no runtime; evento de integração,,components/Molecules/Widget/Widget.d.ts
Widget,ds-widget,onTag,((data: TagProps) => void) | undefined,Callback implementado no runtime; evento de integração,,components/Molecules/Widget/Widget.d.ts
